id_reg;domain_label;time_reg
34012013;gmail;21.07.2022
34012014;gmail;28.07.2022
34012015;gmail;12.07.2022
34012016;yandex;12.07.2022
34012017;gmail;29.07.2022
34012018;yandex;05.07.2022
34012019;yandex;28.07.2022
34012020;gmail;25.07.2022
34012021;yandex;06.07.2022
34012022;gmail;12.07.2022
34012023;yandex;07.07.2022
34012024;outlook;28.07.2022
34012025;yandex;03.07.2022
34012026;gmail;24.07.2022
34012027;yandex;14.07.2022
34012028;yandex;15.07.2022
34012029;outlook;13.07.2022
34012030;outlook;07.07.2022
34012031;yandex;29.07.2022
34012032;outlook;05.07.2022
34012033;gmail;08.07.2022
34012034;outlook;06.07.2022
34012035;outlook;29.07.2022
34012036;outlook;06.07.2022
34012037;gmail;19.07.2022
34012038;gmail;05.07.2022
34012039;gmail;25.07.2022
34012040;outlook;13.07.2022
34012041;gmail;11.07.2022
34012042;gmail;09.07.2022
34012043;gmail;03.07.2022
34012044;outlook;27.07.2022
34012045;outlook;02.07.2022
34012046;gmail;10.07.2022
34012047;outlook;23.07.2022
34012048;yandex;19.07.2022
34012049;gmail;21.07.2022
34012050;outlook;09.07.2022
34012051;gmail;19.07.2022
34012052;yandex;10.07.2022
34012053;outlook;27.07.2022
34012054;gmail;26.07.2022
34012055;yandex;01.07.2022
34012056;gmail;26.07.2022
34012057;gmail;01.07.2022
34012058;outlook;25.07.2022
34012059;outlook;27.07.2022
34012060;gmail;13.07.2022
34012061;outlook;12.07.2022
34012062;gmail;19.07.2022
34012063;gmail;17.07.2022
34012064;outlook;06.07.2022
34012065;outlook;21.07.2022
34012066;gmail;26.07.2022
34012067;gmail;12.07.2022
34012068;yandex;10.07.2022
34012069;yandex;23.07.2022
34012070;gmail;15.07.2022
34012071;yandex;29.07.2022
34012072;outlook;09.07.2022
34012073;gmail;08.07.2022
34012074;yandex;20.07.2022
34012075;gmail;19.07.2022
34012076;gmail;02.07.2022
34012077;gmail;07.07.2022
34012078;outlook;14.07.2022
34012079;outlook;06.07.2022
34012080;outlook;16.07.2022
34012081;outlook;11.07.2022
34012082;gmail;15.07.2022
34012083;outlook;14.07.2022
34012084;outlook;13.07.2022
34012085;outlook;17.07.2022
34012086;gmail;14.07.2022
34012087;yandex;28.07.2022
34012088;gmail;19.07.2022
34012089;gmail;22.07.2022
34012090;yandex;25.07.2022
34012091;gmail;23.07.2022
34012092;outlook;08.07.2022
34012093;outlook;25.07.2022
34012094;outlook;12.07.2022
34012095;yandex;23.07.2022
34012096;yandex;01.07.2022
34012097;gmail;23.07.2022
34012098;gmail;01.07.2022
34012099;gmail;24.07.2022
34012100;gmail;01.07.2022
34012101;outlook;15.07.2022
34012102;gmail;05.07.2022
34012103;gmail;29.07.2022
34012104;yandex;02.07.2022
34012105;yandex;06.07.2022
34012106;yandex;26.07.2022
34012107;gmail;23.07.2022
34012108;gmail;10.07.2022
34012109;outlook;03.07.2022
34012110;outlook;14.07.2022
34012111;outlook;10.07.2022
34012112;yandex;09.07.2022
34012113;outlook;04.07.2022
34012114;yandex;17.07.2022
34012115;outlook;17.07.2022
34012116;gmail;03.07.2022
34012117;outlook;03.07.2022
34012118;gmail;09.07.2022
34012119;outlook;15.07.2022
34012120;gmail;16.07.2022
34012121;gmail;08.07.2022
34012122;outlook;22.07.2022
34012123;outlook;07.07.2022
34012124;yandex;15.07.2022
34012125;gmail;24.07.2022
34012126;outlook;09.07.2022
34012127;yandex;23.07.2022
34012128;outlook;29.07.2022
34012129;gmail;06.07.2022
34012130;yandex;10.07.2022
34012131;yandex;17.07.2022
34012132;outlook;27.07.2022
34012133;yandex;24.07.2022
34012134;yandex;28.07.2022
34012135;gmail;05.07.2022
34012136;gmail;06.07.2022
34012137;yandex;15.07.2022
34012138;outlook;23.07.2022
34012139;outlook;09.07.2022
34012140;gmail;28.07.2022
34012141;yandex;14.07.2022
34012142;outlook;11.07.2022
34012143;yandex;21.07.2022
34012144;gmail;02.07.2022
34012145;gmail;20.07.2022
34012146;outlook;06.07.2022
34012147;outlook;26.07.2022
34012148;gmail;22.07.2022
34012149;outlook;28.07.2022
34012150;yandex;19.07.2022
34012151;gmail;13.07.2022
34012152;yandex;13.07.2022
34012153;yandex;14.07.2022
34012154;gmail;03.07.2022
34012155;outlook;15.07.2022
34012156;gmail;15.07.2022
34012157;gmail;25.07.2022
34012158;yandex;29.07.2022
34012159;yandex;06.07.2022
34012160;yandex;16.07.2022
34012161;outlook;12.07.2022
34012162;yandex;17.07.2022
34012163;gmail;26.07.2022
34012164;yandex;30.07.2022
34012165;gmail;15.07.2022
34012166;yandex;01.07.2022
34012167;yandex;26.07.2022
34012168;yandex;30.07.2022
34012169;gmail;22.07.2022
34012170;outlook;25.07.2022
34012171;outlook;26.07.2022
34012172;outlook;12.07.2022
34012173;gmail;22.07.2022
34012174;outlook;19.07.2022
34012175;gmail;05.07.2022
34012176;gmail;30.07.2022
34012177;gmail;27.07.2022
34012178;outlook;04.07.2022
34012179;yandex;22.07.2022
34012180;outlook;16.07.2022
34012181;yandex;11.07.2022
34012182;gmail;20.07.2022
34012183;yandex;19.07.2022
34012184;gmail;07.07.2022
34012185;gmail;26.07.2022
34012186;outlook;13.07.2022
34012187;outlook;04.07.2022
34012188;outlook;28.07.2022
34012189;outlook;17.07.2022
34012190;gmail;15.07.2022
34012191;yandex;23.07.2022
34012192;yandex;12.07.2022
34012193;gmail;16.07.2022
34012194;outlook;21.07.2022
34012195;outlook;01.07.2022
34012196;gmail;11.07.2022
34012197;outlook;04.07.2022
34012198;yandex;22.07.2022
34012199;outlook;13.07.2022
34012200;yandex;13.07.2022
34012201;gmail;17.07.2022
34012202;outlook;01.07.2022
34012203;outlook;12.07.2022
34012204;outlook;04.07.2022
34012205;yandex;01.07.2022
34012206;gmail;22.07.2022
34012207;gmail;08.07.2022
34012208;gmail;18.07.2022
34012209;yandex;14.07.2022
34012210;gmail;12.07.2022
34012211;yandex;09.07.2022
34012212;yandex;26.07.2022
34012213;outlook;13.07.2022
34012214;yandex;09.07.2022
34012215;yandex;13.07.2022
34012216;yandex;26.07.2022
34012217;outlook;25.07.2022
34012218;yandex;18.07.2022
34012219;yandex;03.07.2022
34012220;gmail;24.07.2022
34012221;gmail;29.07.2022
34012222;gmail;02.07.2022
34012223;gmail;29.07.2022
34012224;outlook;05.07.2022
34012225;outlook;15.07.2022
34012226;gmail;08.07.2022
34012227;outlook;03.07.2022
34012228;yandex;26.07.2022
34012229;outlook;28.07.2022
34012230;outlook;03.07.2022
34012231;gmail;19.07.2022
34012232;yandex;26.07.2022
34012233;gmail;15.07.2022
34012234;outlook;23.07.2022
34012235;yandex;30.07.2022
34012236;gmail;05.07.2022
34012237;outlook;09.07.2022
34012238;yandex;07.07.2022
34012239;yandex;18.07.2022
34012240;yandex;10.07.2022
34012241;yandex;26.07.2022
34012242;gmail;14.07.2022
34012243;yandex;16.07.2022
34012244;outlook;03.07.2022
34012245;gmail;05.07.2022
34012246;outlook;30.07.2022
34012247;gmail;02.07.2022
34012248;gmail;30.07.2022
34012249;outlook;13.07.2022
34012250;outlook;27.07.2022
34012251;yandex;08.07.2022
34012252;gmail;19.07.2022
34012253;gmail;20.07.2022
34012254;gmail;28.07.2022
34012255;yandex;02.07.2022
34012256;yandex;14.07.2022
34012257;outlook;03.07.2022
34012258;yandex;03.07.2022
34012259;gmail;26.07.2022
34012260;outlook;30.07.2022
34012261;yandex;04.07.2022
34012262;yandex;14.07.2022
34012263;yandex;28.07.2022
34012264;gmail;16.07.2022
34012265;outlook;19.07.2022
34012266;yandex;13.07.2022
34012267;outlook;20.07.2022
34012268;outlook;09.07.2022
34012269;gmail;11.07.2022
34012270;yandex;27.07.2022
34012271;gmail;01.07.2022
34012272;gmail;16.07.2022
34012273;gmail;28.07.2022
34012274;outlook;11.07.2022
34012275;yandex;14.07.2022
34012276;gmail;06.07.2022
34012277;gmail;09.07.2022
34012278;outlook;11.07.2022
34012279;outlook;21.07.2022
34012280;outlook;16.07.2022
34012281;gmail;21.07.2022
34012282;gmail;08.07.2022
34012283;yandex;25.07.2022
34012284;outlook;11.07.2022
34012285;gmail;07.07.2022
34012286;gmail;09.07.2022
34012287;gmail;04.07.2022
34012288;gmail;11.07.2022
34012289;gmail;30.07.2022
34012290;gmail;28.07.2022
34012291;gmail;28.07.2022
34012292;gmail;07.07.2022
34012293;gmail;25.07.2022
34012294;yandex;18.07.2022
34012295;yandex;21.07.2022
34012296;yandex;05.07.2022
34012297;gmail;09.07.2022
34012298;gmail;27.07.2022
34012299;gmail;01.07.2022
34012300;gmail;25.07.2022
34012301;yandex;01.07.2022
34012302;gmail;27.07.2022
34012303;outlook;23.07.2022
34012304;outlook;02.07.2022
34012305;yandex;09.07.2022
34012306;outlook;27.07.2022
34012307;outlook;25.07.2022
34012308;gmail;26.07.2022
34012309;gmail;13.07.2022
34012310;outlook;14.07.2022
34012311;gmail;05.07.2022
34012312;outlook;22.07.2022
34012313;yandex;08.07.2022
34012314;yandex;21.07.2022
34012315;outlook;06.07.2022
34012316;yandex;06.07.2022
34012317;outlook;13.07.2022
34012318;outlook;08.07.2022
34012319;outlook;26.07.2022
34012320;gmail;01.07.2022
34012321;yandex;30.07.2022
34012322;yandex;12.07.2022
34012323;outlook;02.07.2022
34012324;outlook;10.07.2022
34012325;gmail;14.07.2022
34012326;gmail;25.07.2022
34012327;outlook;12.07.2022
34012328;outlook;01.07.2022
34012329;outlook;22.07.2022
34012330;outlook;13.07.2022
34012331;outlook;21.07.2022
34012332;yandex;07.07.2022
34012333;gmail;17.07.2022
34012334;gmail;17.07.2022
34012335;gmail;12.07.2022
34012336;outlook;10.07.2022
34012337;outlook;21.07.2022
34012338;yandex;15.07.2022
34012339;outlook;16.07.2022
34012340;outlook;09.07.2022
34012341;yandex;24.07.2022
34012342;outlook;11.07.2022
34012343;outlook;27.07.2022
34012344;yandex;10.07.2022
34012345;outlook;08.07.2022
34012346;gmail;09.07.2022
34012347;outlook;14.07.2022
34012348;yandex;01.07.2022
34012349;outlook;23.07.2022
34012350;yandex;30.07.2022
34012351;gmail;20.07.2022
34012352;outlook;01.07.2022
34012353;gmail;05.07.2022
34012354;gmail;09.07.2022
34012355;outlook;02.07.2022
34012356;outlook;11.07.2022
34012357;outlook;05.07.2022
34012358;yandex;26.07.2022
34012359;yandex;07.07.2022
34012360;gmail;15.07.2022
34012361;gmail;24.07.2022
34012362;outlook;18.07.2022
34012363;yandex;21.07.2022
34012364;gmail;27.07.2022
34012365;outlook;02.07.2022
34012366;outlook;10.07.2022
34012367;outlook;16.07.2022
34012368;gmail;24.07.2022
34012369;gmail;30.07.2022
34012370;gmail;29.07.2022
34012371;yandex;29.07.2022
34012372;yandex;05.07.2022
34012373;yandex;10.07.2022
34012374;outlook;25.07.2022
34012375;outlook;24.07.2022
34012376;yandex;05.07.2022
34012377;gmail;18.07.2022
34012378;gmail;15.07.2022
34012379;gmail;06.07.2022
34012380;gmail;25.07.2022
34012381;gmail;13.07.2022
34012382;yandex;04.07.2022
34012383;outlook;17.07.2022
34012384;gmail;05.07.2022
34012385;outlook;28.07.2022
34012386;gmail;24.07.2022
34012387;outlook;10.07.2022
34012388;yandex;12.07.2022
34012389;gmail;18.07.2022
34012390;outlook;11.07.2022
34012391;outlook;02.07.2022
34012392;outlook;14.07.2022
34012393;yandex;14.07.2022
34012394;gmail;20.07.2022
34012395;yandex;10.07.2022
34012396;yandex;29.07.2022
34012397;outlook;15.07.2022
34012398;outlook;04.07.2022
34012399;outlook;03.07.2022
34012400;yandex;10.07.2022
34012401;gmail;27.07.2022
34012402;outlook;18.07.2022
34012403;outlook;08.07.2022
34012404;yandex;08.07.2022
34012405;gmail;07.07.2022
34012406;outlook;04.07.2022
34012407;yandex;07.07.2022
34012408;gmail;01.07.2022
34012409;yandex;09.07.2022
34012410;gmail;08.07.2022
34012411;gmail;05.07.2022
34012412;outlook;04.07.2022
34012413;yandex;14.07.2022
34012414;gmail;14.07.2022
34012415;gmail;18.07.2022
34012416;gmail;09.07.2022
34012417;yandex;11.07.2022
34012418;outlook;21.07.2022
34012419;gmail;13.07.2022
34012420;gmail;30.07.2022
34012421;outlook;12.07.2022
34012422;gmail;04.07.2022
34012423;yandex;10.07.2022
34012424;outlook;09.07.2022
34012425;outlook;08.07.2022
34012426;yandex;11.07.2022
34012427;yandex;28.07.2022
34012428;gmail;02.07.2022
34012429;yandex;22.07.2022
34012430;yandex;13.07.2022
34012431;outlook;05.07.2022
34012432;yandex;21.07.2022
34012433;gmail;20.07.2022
34012434;outlook;13.07.2022
34012435;outlook;11.07.2022
34012436;outlook;10.07.2022
34012437;outlook;23.07.2022
34012438;gmail;30.07.2022
34012439;yandex;19.07.2022
34012440;gmail;28.07.2022
34012441;outlook;02.07.2022
34012442;gmail;25.07.2022
34012443;yandex;13.07.2022
34012444;gmail;19.07.2022
34012445;gmail;29.07.2022
34012446;yandex;20.07.2022
34012447;yandex;05.07.2022
34012448;gmail;28.07.2022
34012449;outlook;23.07.2022
34012450;gmail;18.07.2022
34012451;gmail;20.07.2022
34012452;yandex;03.07.2022
34012453;yandex;16.07.2022
34012454;gmail;14.07.2022
34012455;gmail;03.07.2022
34012456;outlook;03.07.2022
34012457;gmail;08.07.2022
34012458;outlook;09.07.2022
34012459;gmail;04.07.2022
34012460;yandex;08.07.2022
34012461;gmail;05.07.2022
34012462;yandex;10.07.2022
34012463;yandex;15.07.2022
34012464;yandex;03.07.2022
34012465;outlook;22.07.2022
34012466;gmail;03.07.2022
34012467;gmail;09.07.2022
34012468;gmail;10.07.2022
34012469;gmail;15.07.2022
34012470;yandex;08.07.2022
34012471;yandex;09.07.2022
34012472;outlook;23.07.2022
34012473;gmail;22.07.2022
34012474;yandex;06.07.2022
34012475;gmail;06.07.2022
34012476;gmail;08.07.2022
34012477;yandex;06.07.2022
34012478;yandex;16.07.2022
34012479;yandex;04.07.2022
34012480;gmail;04.07.2022
34012481;gmail;08.07.2022
34012482;outlook;26.07.2022
34012483;yandex;02.07.2022
34012484;yandex;10.07.2022
34012485;yandex;25.07.2022
34012486;gmail;27.07.2022
34012487;outlook;28.07.2022
34012488;yandex;14.07.2022
34012489;outlook;05.07.2022
34012490;outlook;07.07.2022
34012491;yandex;23.07.2022
34012492;outlook;28.07.2022
34012493;outlook;12.07.2022
34012494;yandex;17.07.2022
34012495;outlook;19.07.2022
34012496;yandex;28.07.2022
34012497;outlook;30.07.2022
34012498;gmail;21.07.2022
34012499;outlook;14.07.2022
34012500;yandex;12.07.2022
34012501;gmail;21.07.2022
34012502;yandex;19.07.2022
34012503;yandex;11.07.2022
34012504;yandex;14.07.2022
34012505;outlook;26.07.2022
34012506;yandex;08.07.2022
34012507;yandex;28.07.2022
34012508;yandex;05.07.2022
34012509;outlook;08.07.2022
34012510;yandex;08.07.2022
34012511;gmail;13.07.2022
34012512;outlook;25.07.2022
34012513;gmail;12.07.2022
34012514;yandex;30.07.2022
34012515;yandex;14.07.2022
34012516;yandex;13.07.2022
34012517;gmail;24.07.2022
34012518;gmail;04.07.2022
34012519;gmail;16.07.2022
34012520;gmail;04.07.2022
34012521;yandex;23.07.2022
34012522;yandex;21.07.2022
34012523;gmail;30.07.2022
34012524;gmail;09.07.2022
34012525;outlook;25.07.2022
34012526;gmail;01.07.2022
34012527;outlook;22.07.2022
34012528;gmail;06.07.2022
34012529;outlook;08.07.2022
34012530;gmail;12.07.2022
34012531;gmail;27.07.2022
34012532;outlook;13.07.2022
34012533;yandex;17.07.2022
34012534;outlook;20.07.2022
34012535;yandex;30.07.2022
34012536;yandex;01.07.2022
34012537;gmail;28.07.2022
34012538;yandex;26.07.2022
34012539;gmail;20.07.2022
34012540;gmail;16.07.2022
34012541;gmail;28.07.2022
34012542;gmail;29.07.2022
34012543;outlook;18.07.2022
34012544;gmail;03.07.2022
34012545;outlook;22.07.2022
34012546;yandex;14.07.2022
34012547;outlook;18.07.2022
34012548;outlook;21.07.2022
34012549;gmail;22.07.2022
34012550;gmail;18.07.2022
34012551;gmail;15.07.2022
34012552;outlook;30.07.2022
34012553;yandex;18.07.2022
34012554;outlook;28.07.2022
34012555;yandex;15.07.2022
34012556;outlook;09.07.2022
34012557;outlook;23.07.2022
34012558;yandex;30.07.2022
34012559;outlook;30.07.2022
34012560;yandex;24.07.2022
34012561;yandex;20.07.2022
34012562;outlook;30.07.2022
34012563;outlook;11.07.2022
34012564;outlook;12.07.2022
34012565;gmail;03.07.2022
34012566;gmail;17.07.2022
34012567;gmail;29.07.2022
34012568;yandex;05.07.2022
34012569;yandex;05.07.2022
34012570;gmail;16.07.2022
34012571;outlook;08.07.2022
34012572;yandex;10.07.2022
34012573;yandex;16.07.2022
34012574;gmail;14.07.2022
34012575;gmail;29.07.2022
34012576;yandex;06.07.2022
34012577;yandex;05.07.2022
34012578;yandex;11.07.2022
34012579;outlook;23.07.2022
34012580;gmail;09.07.2022
34012581;yandex;23.07.2022
34012582;yandex;19.07.2022
34012583;outlook;13.07.2022
34012584;gmail;16.07.2022
34012585;gmail;16.07.2022
34012586;gmail;01.07.2022
34012587;yandex;29.07.2022
34012588;outlook;01.07.2022
34012589;outlook;15.07.2022
34012590;gmail;15.07.2022
34012591;gmail;20.07.2022
34012592;yandex;27.07.2022
34012593;gmail;25.07.2022
34012594;gmail;02.07.2022
34012595;outlook;15.07.2022
34012596;outlook;05.07.2022
34012597;gmail;05.07.2022
34012598;outlook;24.07.2022
34012599;gmail;11.07.2022
34012600;gmail;15.07.2022
34012601;yandex;06.07.2022
34012602;yandex;12.07.2022
34012603;yandex;24.07.2022
34012604;yandex;09.07.2022
34012605;gmail;29.07.2022
34012606;gmail;17.07.2022
34012607;outlook;24.07.2022
34012608;outlook;08.07.2022
34012609;outlook;01.07.2022
34012610;yandex;08.07.2022
34012611;gmail;30.07.2022
34012612;outlook;13.07.2022
34012613;outlook;22.07.2022
34012614;gmail;17.07.2022
34012615;outlook;06.07.2022
34012616;outlook;14.07.2022
34012617;yandex;25.07.2022
34012618;gmail;06.07.2022
34012619;yandex;28.07.2022
34012620;yandex;23.07.2022
34012621;gmail;02.07.2022
34012622;gmail;28.07.2022
34012623;gmail;29.07.2022
34012624;outlook;27.07.2022
34012625;gmail;21.07.2022
34012626;outlook;12.07.2022
34012627;outlook;14.07.2022
34012628;gmail;19.07.2022
34012629;gmail;20.07.2022
34012630;gmail;05.07.2022
34012631;outlook;01.07.2022
34012632;gmail;28.07.2022
34012633;gmail;18.07.2022
34012634;outlook;24.07.2022
34012635;outlook;11.07.2022
34012636;outlook;14.07.2022
34012637;gmail;02.07.2022
34012638;gmail;18.07.2022
34012639;outlook;04.07.2022
34012640;outlook;16.07.2022
34012641;yandex;06.07.2022
34012642;gmail;07.07.2022
34012643;yandex;14.07.2022
34012644;yandex;15.07.2022
34012645;outlook;12.07.2022
34012646;outlook;30.07.2022
34012647;outlook;24.07.2022
34012648;gmail;13.07.2022
34012649;gmail;13.07.2022
34012650;yandex;19.07.2022
34012651;outlook;11.07.2022
34012652;outlook;02.07.2022
34012653;gmail;22.07.2022
34012654;outlook;25.07.2022
34012655;gmail;17.07.2022
34012656;gmail;27.07.2022
34012657;outlook;28.07.2022
34012658;yandex;29.07.2022
34012659;yandex;30.07.2022
34012660;yandex;01.07.2022
34012661;yandex;08.07.2022
34012662;outlook;15.07.2022
34012663;yandex;07.07.2022
34012664;yandex;11.07.2022
34012665;yandex;03.07.2022
34012666;gmail;22.07.2022
34012667;gmail;14.07.2022
34012668;yandex;19.07.2022
34012669;yandex;08.07.2022
34012670;outlook;30.07.2022
34012671;yandex;21.07.2022
34012672;gmail;25.07.2022
34012673;outlook;04.07.2022
34012674;yandex;18.07.2022
34012675;yandex;27.07.2022
34012676;yandex;15.07.2022
34012677;yandex;29.07.2022
34012678;gmail;01.07.2022
34012679;outlook;22.07.2022
34012680;outlook;03.07.2022
34012681;outlook;10.07.2022
34012682;gmail;08.07.2022
34012683;outlook;07.07.2022
34012684;yandex;21.07.2022
34012685;outlook;02.07.2022
34012686;outlook;08.07.2022
34012687;yandex;27.07.2022
34012688;yandex;21.07.2022
34012689;outlook;26.07.2022
34012690;gmail;19.07.2022
34012691;outlook;02.07.2022
34012692;outlook;04.07.2022
34012693;outlook;26.07.2022
34012694;outlook;16.07.2022
34012695;outlook;29.07.2022
34012696;yandex;13.07.2022
34012697;gmail;18.07.2022
34012698;outlook;13.07.2022
34012699;outlook;06.07.2022
34012700;gmail;07.07.2022
34012701;gmail;05.07.2022
34012702;gmail;06.07.2022
34012703;gmail;06.07.2022
34012704;outlook;28.07.2022
34012705;gmail;05.07.2022
34012706;gmail;19.07.2022
34012707;gmail;26.07.2022
34012708;yandex;29.07.2022
34012709;outlook;25.07.2022
34012710;gmail;14.07.2022
34012711;gmail;09.07.2022
34012712;gmail;18.07.2022
34012713;yandex;09.07.2022
34012714;outlook;16.07.2022
34012715;yandex;10.07.2022
34012716;yandex;17.07.2022
34012717;gmail;13.07.2022
34012718;gmail;30.07.2022
34012719;yandex;27.07.2022
34012720;gmail;30.07.2022
34012721;yandex;15.07.2022
34012722;gmail;15.07.2022
34012723;gmail;09.07.2022
34012724;yandex;01.07.2022
34012725;yandex;11.07.2022
34012726;gmail;06.07.2022
34012727;gmail;01.07.2022
34012728;yandex;24.07.2022
34012729;outlook;26.07.2022
34012730;outlook;21.07.2022
34012731;outlook;20.07.2022
34012732;gmail;11.07.2022
34012733;outlook;26.07.2022
34012734;gmail;05.07.2022
34012735;gmail;23.07.2022
34012736;yandex;18.07.2022
34012737;gmail;04.07.2022
34012738;gmail;07.07.2022
34012739;outlook;20.07.2022
34012740;outlook;01.07.2022
34012741;outlook;09.07.2022
34012742;gmail;13.07.2022
34012743;yandex;02.07.2022
34012744;outlook;16.07.2022
34012745;yandex;05.07.2022
34012746;outlook;26.07.2022
34012747;yandex;05.07.2022
34012748;yandex;12.07.2022
34012749;yandex;27.07.2022
34012750;gmail;06.07.2022
34012751;gmail;02.07.2022
34012752;outlook;19.07.2022
34012753;yandex;05.07.2022
34012754;yandex;13.07.2022
34012755;gmail;08.07.2022
34012756;outlook;07.07.2022
34012757;gmail;26.07.2022
34012758;gmail;12.07.2022
34012759;yandex;22.07.2022
34012760;outlook;11.07.2022
34012761;gmail;12.07.2022
34012762;gmail;18.07.2022
34012763;gmail;26.07.2022
34012764;outlook;22.07.2022
34012765;gmail;22.07.2022
34012766;yandex;02.07.2022
34012767;gmail;21.07.2022
34012768;yandex;09.07.2022
34012769;yandex;24.07.2022
34012770;outlook;20.07.2022
34012771;yandex;26.07.2022
34012772;outlook;22.07.2022
34012773;yandex;29.07.2022
34012774;gmail;22.07.2022
34012775;yandex;27.07.2022
34012776;outlook;23.07.2022
34012777;outlook;21.07.2022
34012778;outlook;20.07.2022
34012779;gmail;15.07.2022
34012780;gmail;29.07.2022
34012781;outlook;15.07.2022
34012782;gmail;18.07.2022
34012783;gmail;13.07.2022
34012784;yandex;23.07.2022
34012785;outlook;27.07.2022
34012786;gmail;16.07.2022
34012787;gmail;13.07.2022
34012788;outlook;15.07.2022
34012789;yandex;11.07.2022
34012790;outlook;11.07.2022
34012791;outlook;16.07.2022
34012792;yandex;07.07.2022
34012793;yandex;11.07.2022
34012794;outlook;06.07.2022
34012795;outlook;05.07.2022
34012796;gmail;28.07.2022
34012797;yandex;21.07.2022
34012798;yandex;23.07.2022
34012799;gmail;18.07.2022
34012800;yandex;22.07.2022
34012801;outlook;19.07.2022
34012802;gmail;23.07.2022
34012803;outlook;19.07.2022
34012804;outlook;11.07.2022
34012805;yandex;09.07.2022
34012806;yandex;29.07.2022
34012807;yandex;07.07.2022
34012808;yandex;18.07.2022
34012809;gmail;18.07.2022
34012810;outlook;18.07.2022
34012811;gmail;24.07.2022
34012812;outlook;22.07.2022
34012813;gmail;22.07.2022
34012814;yandex;08.07.2022
34012815;yandex;30.07.2022
34012816;gmail;21.07.2022
34012817;gmail;11.07.2022
34012818;outlook;27.07.2022
34012819;yandex;25.07.2022
34012820;outlook;01.07.2022
34012821;gmail;26.07.2022
34012822;gmail;15.07.2022
34012823;outlook;04.07.2022
34012824;outlook;19.07.2022
34012825;yandex;15.07.2022
34012826;outlook;16.07.2022
34012827;gmail;21.07.2022
34012828;yandex;12.07.2022
34012829;outlook;26.07.2022
34012830;gmail;30.07.2022
34012831;gmail;03.07.2022
34012832;yandex;11.07.2022
34012833;outlook;21.07.2022
34012834;gmail;05.07.2022
34012835;yandex;17.07.2022
34012836;gmail;10.07.2022
34012837;yandex;28.07.2022
34012838;yandex;20.07.2022
34012839;yandex;28.07.2022
34012840;gmail;16.07.2022
34012841;yandex;03.07.2022
34012842;yandex;26.07.2022
34012843;gmail;30.07.2022
34012844;outlook;19.07.2022
34012845;outlook;08.07.2022
34012846;gmail;20.07.2022
34012847;outlook;26.07.2022
34012848;outlook;06.07.2022
34012849;yandex;12.07.2022
34012850;gmail;18.07.2022
34012851;yandex;18.07.2022
34012852;outlook;09.07.2022
34012853;outlook;24.07.2022
34012854;yandex;23.07.2022
34012855;outlook;08.07.2022
34012856;outlook;01.07.2022
34012857;outlook;04.07.2022
34012858;gmail;16.07.2022
34012859;outlook;01.07.2022
34012860;outlook;12.07.2022
34012861;outlook;04.07.2022
34012862;yandex;07.07.2022
34012863;outlook;12.07.2022
34012864;gmail;30.07.2022
34012865;yandex;21.07.2022
34012866;gmail;01.07.2022
34012867;gmail;21.07.2022
34012868;gmail;10.07.2022
34012869;gmail;08.07.2022
34012870;outlook;11.07.2022
34012871;gmail;11.07.2022
34012872;outlook;03.07.2022
34012873;outlook;16.07.2022
34012874;gmail;08.07.2022
34012875;yandex;03.07.2022
34012876;gmail;01.07.2022
34012877;yandex;13.07.2022
34012878;gmail;05.07.2022
34012879;yandex;03.07.2022
34012880;outlook;26.07.2022
34012881;gmail;23.07.2022
34012882;outlook;28.07.2022
34012883;outlook;07.07.2022
34012884;gmail;03.07.2022
34012885;gmail;11.07.2022
34012886;outlook;16.07.2022
34012887;yandex;22.07.2022
34012888;yandex;04.07.2022
34012889;outlook;21.07.2022
34012890;yandex;05.07.2022
34012891;gmail;26.07.2022
34012892;gmail;17.07.2022
34012893;gmail;22.07.2022
34012894;yandex;05.07.2022
34012895;outlook;20.07.2022
34012896;gmail;20.07.2022
34012897;outlook;16.07.2022
34012898;gmail;01.07.2022
34012899;gmail;16.07.2022
34012900;yandex;15.07.2022
34012901;yandex;18.07.2022
34012902;outlook;25.07.2022
34012903;outlook;11.07.2022
34012904;outlook;02.07.2022
34012905;yandex;08.07.2022
34012906;outlook;12.07.2022
34012907;gmail;23.07.2022
34012908;yandex;18.07.2022
34012909;gmail;18.07.2022
34012910;outlook;17.07.2022
34012911;gmail;13.07.2022
34012912;gmail;18.07.2022
34012913;yandex;03.07.2022
34012914;outlook;16.07.2022
34012915;gmail;22.07.2022
34012916;yandex;03.07.2022
34012917;outlook;10.07.2022
34012918;outlook;08.07.2022
34012919;gmail;28.07.2022
34012920;gmail;19.07.2022
34012921;yandex;16.07.2022
34012922;outlook;09.07.2022
34012923;gmail;15.07.2022
34012924;outlook;22.07.2022
34012925;gmail;18.07.2022
34012926;yandex;03.07.2022
34012927;yandex;19.07.2022
34012928;outlook;27.07.2022
34012929;gmail;10.07.2022
34012930;yandex;09.07.2022
34012931;gmail;11.07.2022
34012932;outlook;24.07.2022
34012933;gmail;28.07.2022
34012934;gmail;10.07.2022
34012935;yandex;01.07.2022
34012936;yandex;14.07.2022
34012937;gmail;08.07.2022
34012938;outlook;10.07.2022
34012939;gmail;30.07.2022
34012940;yandex;12.07.2022
34012941;yandex;08.07.2022
34012942;gmail;18.07.2022
34012943;yandex;04.07.2022
34012944;outlook;21.07.2022
34012945;gmail;08.07.2022
34012946;gmail;09.07.2022
34012947;outlook;29.07.2022
34012948;gmail;01.07.2022
34012949;outlook;10.07.2022
34012950;gmail;02.07.2022
34012951;yandex;15.07.2022
34012952;gmail;11.07.2022
34012953;outlook;16.07.2022
34012954;gmail;14.07.2022
34012955;yandex;10.07.2022
34012956;gmail;07.07.2022
34012957;yandex;04.07.2022
34012958;outlook;08.07.2022
34012959;outlook;14.07.2022
34012960;yandex;26.07.2022
34012961;gmail;17.07.2022
34012962;yandex;06.07.2022
34012963;yandex;08.07.2022
34012964;gmail;21.07.2022
34012965;outlook;08.07.2022
34012966;yandex;13.07.2022
34012967;yandex;02.07.2022
34012968;yandex;16.07.2022
34012969;yandex;15.07.2022
34012970;gmail;04.07.2022
34012971;outlook;16.07.2022
34012972;outlook;26.07.2022
34012973;gmail;22.07.2022
34012974;gmail;21.07.2022
34012975;gmail;13.07.2022
34012976;yandex;18.07.2022
34012977;outlook;08.07.2022
34012978;yandex;08.07.2022
34012979;yandex;01.07.2022
34012980;outlook;10.07.2022
34012981;gmail;08.07.2022
34012982;outlook;16.07.2022
34012983;yandex;14.07.2022
34012984;gmail;19.07.2022
34012985;outlook;16.07.2022
34012986;gmail;23.07.2022
34012987;outlook;29.07.2022
34012988;yandex;22.07.2022
34012989;yandex;21.07.2022
34012990;gmail;23.07.2022
34012991;outlook;04.07.2022
34012992;yandex;18.07.2022
34012993;gmail;01.07.2022
34012994;gmail;04.07.2022
34012995;yandex;01.07.2022
34012996;outlook;23.07.2022
34012997;yandex;24.07.2022
34012998;yandex;02.07.2022
34012999;gmail;11.07.2022
34013000;yandex;22.07.2022
34013001;gmail;06.07.2022
34013002;yandex;01.07.2022
34013003;yandex;03.07.2022
34013004;yandex;17.07.2022
34013005;outlook;06.07.2022
34013006;gmail;15.07.2022
34013007;outlook;14.07.2022
34013008;yandex;01.07.2022
34013009;gmail;16.07.2022
34013010;outlook;28.07.2022
34013011;yandex;24.07.2022
34013012;gmail;03.07.2022
34013013;gmail;14.07.2022
34013014;yandex;05.07.2022
34013015;outlook;20.07.2022
34013016;gmail;12.07.2022
34013017;outlook;23.07.2022
34013018;gmail;09.07.2022
34013019;yandex;13.07.2022
34013020;gmail;11.07.2022
34013021;gmail;05.07.2022
34013022;yandex;11.07.2022
34013023;outlook;03.07.2022
34013024;yandex;04.07.2022
34013025;gmail;28.07.2022
34013026;outlook;14.07.2022
34013027;yandex;05.07.2022
34013028;gmail;25.07.2022
34013029;yandex;05.07.2022
34013030;gmail;27.07.2022
34013031;gmail;13.07.2022
34013032;gmail;04.07.2022
34013033;gmail;03.07.2022
34013034;yandex;05.07.2022
34013035;yandex;17.07.2022
34013036;outlook;08.07.2022
34013037;outlook;06.07.2022
34013038;yandex;11.07.2022
34013039;gmail;03.07.2022
34013040;gmail;17.07.2022
34013041;outlook;08.07.2022
34013042;outlook;09.07.2022
34013043;gmail;05.07.2022
34013044;gmail;04.07.2022
34013045;yandex;26.07.2022
34013046;outlook;23.07.2022
34013047;gmail;11.07.2022
34013048;yandex;09.07.2022
34013049;gmail;12.07.2022
34013050;gmail;08.07.2022
34013051;yandex;08.07.2022
34013052;yandex;24.07.2022
34013053;gmail;26.07.2022
34013054;outlook;02.07.2022
34013055;yandex;11.07.2022
34013056;gmail;14.07.2022
34013057;outlook;15.07.2022
34013058;gmail;03.07.2022
34013059;outlook;06.07.2022
34013060;outlook;18.07.2022
34013061;gmail;30.07.2022
34013062;outlook;26.07.2022
34013063;yandex;21.07.2022
34013064;yandex;20.07.2022
34013065;yandex;14.07.2022
34013066;outlook;06.07.2022
34013067;outlook;14.07.2022
34013068;yandex;20.07.2022
34013069;yandex;06.07.2022
34013070;gmail;19.07.2022
34013071;yandex;14.07.2022
34013072;outlook;01.07.2022
34013073;outlook;13.07.2022
34013074;outlook;05.07.2022
34013075;outlook;09.07.2022
34013076;outlook;26.07.2022
34013077;yandex;15.07.2022
34013078;outlook;13.07.2022
34013079;gmail;13.07.2022
34013080;gmail;27.07.2022
34013081;yandex;28.07.2022
34013082;gmail;01.07.2022
34013083;gmail;18.07.2022
34013084;gmail;10.07.2022
34013085;gmail;06.07.2022
34013086;gmail;06.07.2022
34013087;gmail;22.07.2022
34013088;yandex;05.07.2022
34013089;yandex;23.07.2022
34013090;gmail;10.07.2022
34013091;outlook;17.07.2022
34013092;gmail;18.07.2022
34013093;yandex;10.07.2022
34013094;outlook;20.07.2022
34013095;yandex;20.07.2022
34013096;yandex;06.07.2022
34013097;gmail;25.07.2022
34013098;gmail;16.07.2022
34013099;yandex;28.07.2022
34013100;outlook;15.07.2022
34013101;outlook;25.07.2022
34013102;gmail;02.07.2022
34013103;outlook;05.07.2022
34013104;gmail;17.07.2022
34013105;yandex;12.07.2022
34013106;gmail;23.07.2022
34013107;gmail;04.07.2022
34013108;outlook;01.07.2022
34013109;outlook;07.07.2022
34013110;yandex;29.07.2022
34013111;gmail;06.07.2022
34013112;gmail;01.07.2022
34013113;yandex;09.07.2022
34013114;outlook;15.07.2022
34013115;gmail;15.07.2022
34013116;outlook;28.07.2022
34013117;outlook;05.07.2022
34013118;gmail;06.07.2022
34013119;yandex;25.07.2022
34013120;yandex;12.07.2022
34013121;gmail;10.07.2022
34013122;yandex;02.07.2022
34013123;gmail;21.07.2022
34013124;outlook;15.07.2022
34013125;outlook;12.07.2022
34013126;yandex;17.07.2022
34013127;gmail;06.07.2022
34013128;gmail;03.07.2022
34013129;gmail;26.07.2022
34013130;gmail;25.07.2022
34013131;outlook;15.07.2022
34013132;yandex;23.07.2022
34013133;gmail;05.07.2022
34013134;yandex;02.07.2022
34013135;yandex;10.07.2022
34013136;yandex;05.07.2022
34013137;gmail;21.07.2022
34013138;outlook;16.07.2022
34013139;yandex;20.07.2022
34013140;gmail;10.07.2022
34013141;gmail;21.07.2022
34013142;gmail;14.07.2022
34013143;gmail;01.07.2022
34013144;yandex;26.07.2022
34013145;gmail;01.07.2022
34013146;outlook;28.07.2022
34013147;outlook;09.07.2022
34013148;yandex;05.07.2022
34013149;yandex;06.07.2022
34013150;outlook;19.07.2022
34013151;gmail;16.07.2022
34013152;gmail;15.07.2022
34013153;yandex;15.07.2022
34013154;yandex;13.07.2022
34013155;gmail;20.07.2022
34013156;yandex;11.07.2022
34013157;yandex;03.07.2022
34013158;outlook;28.07.2022
34013159;outlook;23.07.2022
34013160;outlook;30.07.2022
34013161;gmail;06.07.2022
34013162;gmail;09.07.2022
34013163;gmail;07.07.2022
34013164;outlook;14.07.2022
34013165;gmail;23.07.2022
34013166;yandex;01.07.2022
34013167;yandex;13.07.2022
34013168;yandex;04.07.2022
34013169;gmail;16.07.2022
34013170;gmail;12.07.2022
34013171;outlook;18.07.2022
34013172;gmail;26.07.2022
34013173;outlook;08.07.2022
34013174;outlook;09.07.2022
34013175;gmail;08.07.2022
34013176;gmail;22.07.2022
34013177;gmail;22.07.2022
34013178;gmail;17.07.2022
34013179;yandex;25.07.2022
34013180;yandex;06.07.2022
34013181;gmail;27.07.2022
34013182;outlook;28.07.2022
34013183;yandex;05.07.2022
34013184;outlook;07.07.2022
34013185;outlook;05.07.2022
34013186;outlook;14.07.2022
34013187;outlook;23.07.2022
34013188;gmail;12.07.2022
34013189;gmail;04.07.2022
34013190;yandex;10.07.2022
34013191;yandex;26.07.2022
34013192;gmail;18.07.2022
34013193;yandex;24.07.2022
34013194;gmail;09.07.2022
34013195;yandex;13.07.2022
34013196;yandex;24.07.2022
34013197;outlook;29.07.2022
34013198;outlook;12.07.2022
34013199;outlook;09.07.2022
34013200;yandex;16.07.2022
34013201;outlook;30.07.2022
34013202;gmail;24.07.2022
34013203;outlook;30.07.2022
34013204;yandex;26.07.2022
34013205;yandex;23.07.2022
34013206;gmail;15.07.2022
34013207;yandex;11.07.2022
34013208;yandex;01.07.2022
34013209;yandex;21.07.2022
34013210;yandex;18.07.2022
34013211;gmail;09.07.2022
34013212;outlook;03.07.2022
34013213;gmail;17.07.2022
34013214;outlook;07.07.2022
34013215;outlook;16.07.2022
34013216;gmail;17.07.2022
34013217;yandex;12.07.2022
34013218;outlook;26.07.2022
34013219;gmail;25.07.2022
34013220;yandex;02.07.2022
34013221;gmail;02.07.2022
34013222;gmail;15.07.2022
34013223;yandex;26.07.2022
34013224;outlook;28.07.2022
34013225;gmail;13.07.2022
34013226;outlook;29.07.2022
34013227;gmail;21.07.2022
34013228;gmail;01.07.2022
34013229;yandex;07.07.2022
34013230;outlook;28.07.2022
34013231;gmail;30.07.2022
34013232;gmail;08.07.2022
34013233;outlook;02.07.2022
34013234;gmail;28.07.2022
34013235;gmail;03.07.2022
34013236;yandex;30.07.2022
34013237;gmail;03.07.2022
34013238;outlook;11.07.2022
34013239;yandex;07.07.2022
34013240;yandex;25.07.2022
34013241;gmail;04.07.2022
34013242;gmail;21.07.2022
34013243;gmail;28.07.2022
34013244;outlook;05.07.2022
34013245;gmail;22.07.2022
34013246;gmail;10.07.2022
34013247;gmail;13.07.2022
34013248;outlook;14.07.2022
34013249;outlook;19.07.2022
34013250;outlook;06.07.2022
34013251;outlook;13.07.2022
34013252;gmail;01.07.2022
34013253;gmail;14.07.2022
34013254;gmail;15.07.2022
34013255;gmail;25.07.2022
34013256;outlook;26.07.2022
34013257;gmail;22.07.2022
34013258;gmail;19.07.2022
34013259;outlook;19.07.2022
34013260;gmail;18.07.2022
34013261;gmail;07.07.2022
34013262;gmail;19.07.2022
34013263;yandex;01.07.2022
34013264;outlook;11.07.2022
34013265;gmail;16.07.2022
34013266;gmail;14.07.2022
34013267;outlook;26.07.2022
34013268;outlook;20.07.2022
34013269;gmail;20.07.2022
34013270;gmail;08.07.2022
34013271;outlook;07.07.2022
34013272;outlook;29.07.2022
34013273;gmail;28.07.2022
34013274;gmail;03.07.2022
34013275;yandex;27.07.2022
34013276;outlook;14.07.2022
34013277;gmail;27.07.2022
34013278;yandex;21.07.2022
34013279;gmail;13.07.2022
34013280;gmail;10.07.2022
34013281;gmail;07.07.2022
34013282;outlook;20.07.2022
34013283;outlook;01.07.2022
34013284;gmail;08.07.2022
34013285;outlook;21.07.2022
34013286;gmail;29.07.2022
34013287;yandex;18.07.2022
34013288;outlook;27.07.2022
34013289;gmail;14.07.2022
34013290;gmail;07.07.2022
34013291;yandex;02.07.2022
34013292;yandex;12.07.2022
34013293;gmail;01.07.2022
34013294;yandex;22.07.2022
34013295;yandex;22.07.2022
34013296;outlook;12.07.2022
34013297;yandex;24.07.2022
34013298;outlook;11.07.2022
34013299;yandex;07.07.2022
34013300;yandex;19.07.2022
34013301;yandex;08.07.2022
34013302;yandex;18.07.2022
34013303;outlook;24.07.2022
34013304;outlook;09.07.2022
34013305;gmail;27.07.2022
34013306;gmail;15.07.2022
34013307;yandex;09.07.2022
34013308;gmail;26.07.2022
34013309;yandex;11.07.2022
34013310;gmail;10.07.2022
34013311;yandex;22.07.2022
34013312;outlook;18.07.2022
34013313;yandex;30.07.2022
34013314;outlook;01.07.2022
34013315;yandex;29.07.2022
34013316;outlook;05.07.2022
34013317;outlook;22.07.2022
34013318;gmail;01.07.2022
34013319;yandex;05.07.2022
34013320;outlook;03.07.2022
34013321;yandex;09.07.2022
34013322;outlook;22.07.2022
34013323;gmail;09.07.2022
34013324;gmail;07.07.2022
34013325;yandex;05.07.2022
34013326;outlook;06.07.2022
34013327;outlook;16.07.2022
34013328;gmail;10.07.2022
34013329;gmail;05.07.2022
34013330;gmail;03.07.2022
34013331;gmail;09.07.2022
34013332;outlook;29.07.2022
34013333;gmail;16.07.2022
34013334;yandex;05.07.2022
34013335;gmail;16.07.2022
34013336;gmail;25.07.2022
34013337;outlook;16.07.2022
34013338;outlook;04.07.2022
34013339;gmail;13.07.2022
34013340;outlook;09.07.2022
34013341;outlook;02.07.2022
34013342;gmail;19.07.2022
34013343;outlook;09.07.2022
34013344;gmail;19.07.2022
34013345;yandex;05.07.2022
34013346;yandex;20.07.2022
34013347;gmail;01.07.2022
34013348;outlook;27.07.2022
34013349;outlook;16.07.2022
34013350;yandex;16.07.2022
34013351;outlook;26.07.2022
34013352;gmail;15.07.2022
34013353;outlook;19.07.2022
34013354;yandex;08.07.2022
34013355;gmail;12.07.2022
34013356;outlook;26.07.2022
34013357;yandex;09.07.2022
34013358;yandex;30.07.2022
34013359;gmail;08.07.2022
34013360;gmail;18.07.2022
34013361;outlook;23.07.2022
34013362;gmail;08.07.2022
34013363;yandex;28.07.2022
34013364;yandex;27.07.2022
34013365;gmail;09.07.2022
34013366;gmail;22.07.2022
34013367;yandex;26.07.2022
34013368;outlook;16.07.2022
34013369;outlook;06.07.2022
34013370;gmail;15.07.2022
34013371;yandex;01.07.2022
34013372;yandex;13.07.2022
34013373;gmail;13.07.2022
34013374;gmail;03.07.2022
34013375;outlook;08.07.2022
34013376;outlook;15.07.2022
34013377;yandex;12.07.2022
34013378;yandex;26.07.2022
34013379;gmail;08.07.2022
34013380;gmail;04.07.2022
34013381;outlook;07.07.2022
34013382;yandex;19.07.2022
34013383;outlook;30.07.2022
34013384;outlook;02.07.2022
34013385;gmail;12.07.2022
34013386;outlook;25.07.2022
34013387;yandex;11.07.2022
34013388;gmail;18.07.2022
34013389;gmail;27.07.2022
34013390;yandex;17.07.2022
34013391;gmail;05.07.2022
34013392;gmail;02.07.2022
34013393;outlook;30.07.2022
34013394;outlook;15.07.2022
34013395;gmail;11.07.2022
34013396;yandex;29.07.2022
34013397;gmail;24.07.2022
34013398;gmail;05.07.2022
34013399;gmail;01.07.2022
34013400;gmail;05.07.2022
34013401;yandex;03.07.2022
34013402;outlook;02.07.2022
34013403;gmail;23.07.2022
34013404;outlook;13.07.2022
34013405;yandex;25.07.2022
34013406;outlook;19.07.2022
34013407;outlook;02.07.2022
34013408;gmail;02.07.2022
34013409;gmail;11.07.2022
34013410;outlook;04.07.2022
34013411;outlook;15.07.2022
34013412;outlook;01.07.2022
34013413;outlook;18.07.2022
34013414;yandex;28.07.2022
34013415;yandex;01.07.2022
34013416;outlook;13.07.2022
34013417;yandex;07.07.2022
34013418;gmail;06.07.2022
34013419;yandex;10.07.2022
34013420;outlook;19.07.2022
34013421;yandex;27.07.2022
34013422;yandex;01.07.2022
34013423;gmail;28.07.2022
34013424;outlook;14.07.2022
34013425;gmail;29.07.2022
34013426;outlook;19.07.2022
34013427;outlook;08.07.2022
34013428;yandex;23.07.2022
34013429;gmail;04.07.2022
34013430;yandex;20.07.2022
34013431;outlook;24.07.2022
34013432;yandex;14.07.2022
34013433;outlook;02.07.2022
34013434;gmail;12.07.2022
34013435;yandex;24.07.2022
34013436;outlook;22.07.2022
34013437;gmail;18.07.2022
34013438;yandex;22.07.2022
34013439;gmail;07.07.2022
34013440;gmail;09.07.2022
34013441;gmail;22.07.2022
34013442;outlook;11.07.2022
34013443;yandex;02.07.2022
34013444;outlook;14.07.2022
34013445;outlook;14.07.2022
34013446;gmail;12.07.2022
34013447;yandex;14.07.2022
34013448;outlook;04.07.2022
34013449;gmail;18.07.2022
34013450;outlook;30.07.2022
34013451;gmail;25.07.2022
34013452;yandex;19.07.2022
34013453;gmail;28.07.2022
34013454;outlook;17.07.2022
34013455;gmail;26.07.2022
34013456;outlook;15.07.2022
34013457;gmail;08.07.2022
34013458;yandex;19.07.2022
34013459;outlook;07.07.2022
34013460;gmail;12.07.2022
34013461;outlook;24.07.2022
34013462;gmail;02.07.2022
34013463;outlook;02.07.2022
34013464;gmail;29.07.2022
34013465;gmail;27.07.2022
34013466;gmail;01.07.2022
34013467;outlook;19.07.2022
34013468;outlook;27.07.2022
34013469;yandex;29.07.2022
34013470;gmail;22.07.2022
34013471;gmail;05.07.2022
34013472;gmail;28.07.2022
34013473;yandex;17.07.2022
34013474;gmail;21.07.2022
34013475;outlook;26.07.2022
34013476;yandex;24.07.2022
34013477;yandex;10.07.2022
34013478;gmail;25.07.2022
34013479;gmail;22.07.2022
34013480;outlook;20.07.2022
34013481;yandex;22.07.2022
34013482;yandex;30.07.2022
34013483;yandex;17.07.2022
34013484;gmail;14.07.2022
34013485;gmail;06.07.2022
34013486;outlook;17.07.2022
34013487;outlook;22.07.2022
34013488;yandex;19.07.2022
34013489;gmail;09.07.2022
34013490;gmail;30.07.2022
34013491;gmail;22.07.2022
34013492;gmail;24.07.2022
34013493;yandex;14.07.2022
34013494;yandex;13.07.2022
34013495;yandex;19.07.2022
34013496;outlook;14.07.2022
34013497;gmail;25.07.2022
34013498;outlook;04.07.2022
34013499;outlook;16.07.2022
34013500;gmail;29.07.2022
34013501;gmail;01.07.2022
34013502;gmail;26.07.2022
34013503;gmail;26.07.2022
34013504;gmail;07.07.2022
34013505;outlook;11.07.2022
34013506;outlook;09.07.2022
34013507;yandex;23.07.2022
34013508;gmail;21.07.2022
34013509;yandex;21.07.2022
34013510;outlook;29.07.2022
34013511;outlook;15.07.2022
34013512;yandex;25.07.2022
34013513;outlook;14.07.2022
34013514;yandex;09.07.2022
34013515;outlook;23.07.2022
34013516;gmail;14.07.2022
34013517;gmail;28.07.2022
34013518;gmail;25.07.2022
34013519;gmail;26.07.2022
34013520;yandex;16.07.2022
34013521;outlook;20.07.2022
34013522;yandex;29.07.2022
34013523;outlook;30.07.2022
34013524;yandex;28.07.2022
34013525;gmail;06.07.2022
34013526;yandex;09.07.2022
34013527;outlook;19.07.2022
34013528;yandex;09.07.2022
34013529;gmail;14.07.2022
34013530;yandex;11.07.2022
34013531;outlook;15.07.2022
34013532;yandex;12.07.2022
34013533;gmail;11.07.2022
34013534;yandex;07.07.2022
34013535;gmail;10.07.2022
34013536;outlook;29.07.2022
34013537;outlook;10.07.2022
34013538;gmail;01.07.2022
34013539;gmail;20.07.2022
34013540;gmail;16.07.2022
34013541;yandex;04.07.2022
34013542;gmail;01.07.2022
34013543;outlook;09.07.2022
34013544;outlook;16.07.2022
34013545;yandex;22.07.2022
34013546;outlook;12.07.2022
34013547;yandex;24.07.2022
34013548;outlook;24.07.2022
34013549;gmail;05.07.2022
34013550;gmail;26.07.2022
34013551;gmail;02.07.2022
34013552;outlook;24.07.2022
34013553;yandex;17.07.2022
34013554;gmail;25.07.2022
34013555;outlook;22.07.2022
34013556;gmail;14.07.2022
34013557;gmail;03.07.2022
34013558;outlook;09.07.2022
34013559;outlook;21.07.2022
34013560;outlook;21.07.2022
34013561;gmail;01.07.2022
34013562;outlook;26.07.2022
34013563;gmail;17.07.2022
34013564;yandex;08.07.2022
34013565;gmail;05.07.2022
34013566;gmail;23.07.2022
34013567;yandex;12.07.2022
34013568;gmail;04.07.2022
34013569;outlook;27.07.2022
34013570;yandex;11.07.2022
34013571;yandex;21.07.2022
34013572;gmail;05.07.2022
34013573;yandex;22.07.2022
34013574;yandex;08.07.2022
34013575;outlook;28.07.2022
34013576;yandex;13.07.2022
34013577;outlook;07.07.2022
34013578;yandex;15.07.2022
34013579;outlook;17.07.2022
34013580;yandex;23.07.2022
34013581;gmail;07.07.2022
34013582;outlook;22.07.2022
34013583;outlook;11.07.2022
34013584;gmail;06.07.2022
34013585;yandex;09.07.2022
34013586;gmail;07.07.2022
34013587;gmail;05.07.2022
34013588;yandex;07.07.2022
34013589;gmail;25.07.2022
34013590;yandex;07.07.2022
34013591;gmail;29.07.2022
34013592;yandex;04.07.2022
34013593;gmail;21.07.2022
34013594;yandex;15.07.2022
34013595;yandex;06.07.2022
34013596;gmail;04.07.2022
34013597;gmail;01.07.2022
34013598;yandex;05.07.2022
34013599;outlook;09.07.2022
34013600;outlook;02.07.2022
34013601;outlook;06.07.2022
34013602;gmail;15.07.2022
34013603;yandex;30.07.2022
34013604;gmail;24.07.2022
34013605;gmail;03.07.2022
34013606;gmail;08.07.2022
34013607;yandex;27.07.2022
34013608;gmail;02.07.2022
34013609;gmail;16.07.2022
34013610;yandex;10.07.2022
34013611;gmail;21.07.2022
34013612;yandex;07.07.2022
34013613;yandex;26.07.2022
34013614;outlook;24.07.2022
34013615;outlook;17.07.2022
34013616;yandex;13.07.2022
34013617;gmail;20.07.2022
34013618;yandex;18.07.2022
34013619;yandex;19.07.2022
34013620;gmail;15.07.2022
34013621;gmail;15.07.2022
34013622;outlook;11.07.2022
34013623;outlook;22.07.2022
34013624;gmail;21.07.2022
34013625;outlook;15.07.2022
34013626;yandex;23.07.2022
34013627;yandex;11.07.2022
34013628;gmail;05.07.2022
34013629;outlook;06.07.2022
34013630;yandex;19.07.2022
34013631;outlook;04.07.2022
34013632;outlook;21.07.2022
34013633;outlook;09.07.2022
34013634;outlook;07.07.2022
34013635;outlook;10.07.2022
34013636;yandex;29.07.2022
34013637;gmail;20.07.2022
34013638;outlook;22.07.2022
34013639;gmail;28.07.2022
34013640;outlook;03.07.2022
34013641;gmail;14.07.2022
34013642;yandex;19.07.2022
34013643;gmail;17.07.2022
34013644;gmail;18.07.2022
34013645;yandex;30.07.2022
34013646;gmail;13.07.2022
34013647;outlook;23.07.2022
34013648;outlook;07.07.2022
34013649;gmail;18.07.2022
34013650;gmail;03.07.2022
34013651;yandex;05.07.2022
34013652;gmail;30.07.2022
34013653;yandex;03.07.2022
34013654;gmail;03.07.2022
34013655;yandex;16.07.2022
34013656;outlook;16.07.2022
34013657;yandex;30.07.2022
34013658;outlook;04.07.2022
34013659;gmail;22.07.2022
34013660;outlook;12.07.2022
34013661;yandex;19.07.2022
34013662;gmail;07.07.2022
34013663;yandex;26.07.2022
34013664;outlook;25.07.2022
34013665;yandex;05.07.2022
34013666;gmail;05.07.2022
34013667;yandex;26.07.2022
34013668;outlook;01.07.2022
34013669;yandex;08.07.2022
34013670;yandex;17.07.2022
34013671;gmail;01.07.2022
34013672;gmail;07.07.2022
34013673;yandex;07.07.2022
34013674;yandex;13.07.2022
34013675;outlook;02.07.2022
34013676;outlook;12.07.2022
34013677;yandex;16.07.2022
34013678;gmail;24.07.2022
34013679;outlook;25.07.2022
34013680;gmail;13.07.2022
34013681;yandex;10.07.2022
34013682;gmail;24.07.2022
34013683;gmail;07.07.2022
34013684;yandex;03.07.2022
34013685;gmail;22.07.2022
34013686;gmail;06.07.2022
34013687;outlook;04.07.2022
34013688;outlook;17.07.2022
34013689;gmail;19.07.2022
34013690;gmail;07.07.2022
34013691;gmail;09.07.2022
34013692;yandex;23.07.2022
34013693;outlook;02.07.2022
34013694;yandex;21.07.2022
34013695;gmail;05.07.2022
34013696;outlook;28.07.2022
34013697;outlook;20.07.2022
34013698;yandex;29.07.2022
34013699;yandex;09.07.2022
34013700;yandex;19.07.2022
34013701;yandex;20.07.2022
34013702;yandex;07.07.2022
34013703;yandex;14.07.2022
34013704;gmail;04.07.2022
34013705;yandex;09.07.2022
34013706;gmail;05.07.2022
34013707;gmail;26.07.2022
34013708;yandex;23.07.2022
34013709;gmail;01.07.2022
34013710;gmail;14.07.2022
34013711;outlook;19.07.2022
34013712;outlook;19.07.2022
34013713;gmail;17.07.2022
34013714;outlook;19.07.2022
34013715;yandex;21.07.2022
34013716;gmail;25.07.2022
34013717;gmail;18.07.2022
34013718;yandex;08.07.2022
34013719;outlook;17.07.2022
34013720;yandex;27.07.2022
34013721;gmail;06.07.2022
34013722;gmail;30.07.2022
34013723;outlook;28.07.2022
34013724;outlook;05.07.2022
34013725;outlook;09.07.2022
34013726;outlook;03.07.2022
34013727;yandex;19.07.2022
34013728;yandex;15.07.2022
34013729;gmail;02.07.2022
34013730;yandex;29.07.2022
34013731;yandex;27.07.2022
34013732;outlook;13.07.2022
34013733;gmail;16.07.2022
34013734;yandex;05.07.2022
34013735;yandex;26.07.2022
34013736;outlook;27.07.2022
34013737;outlook;07.07.2022
34013738;outlook;13.07.2022
34013739;outlook;27.07.2022
34013740;yandex;29.07.2022
34013741;gmail;15.07.2022
34013742;outlook;07.07.2022
34013743;gmail;18.07.2022
34013744;outlook;02.07.2022
34013745;gmail;23.07.2022
34013746;gmail;28.07.2022
34013747;yandex;03.07.2022
34013748;outlook;01.07.2022
34013749;outlook;10.07.2022
34013750;gmail;23.07.2022
34013751;outlook;05.07.2022
34013752;outlook;24.07.2022
34013753;yandex;25.07.2022
34013754;yandex;25.07.2022
34013755;gmail;06.07.2022
34013756;gmail;22.07.2022
34013757;yandex;11.07.2022
34013758;outlook;18.07.2022
34013759;outlook;11.07.2022
34013760;outlook;19.07.2022
34013761;gmail;08.07.2022
34013762;outlook;03.07.2022
34013763;gmail;14.07.2022
34013764;gmail;18.07.2022
34013765;gmail;29.07.2022
34013766;yandex;15.07.2022
34013767;gmail;16.07.2022
34013768;gmail;10.07.2022
34013769;gmail;03.07.2022
34013770;outlook;15.07.2022
34013771;yandex;03.07.2022
34013772;gmail;15.07.2022
34013773;yandex;17.07.2022
34013774;gmail;16.07.2022
34013775;gmail;29.07.2022
34013776;gmail;02.07.2022
34013777;outlook;03.07.2022
34013778;gmail;05.07.2022
34013779;outlook;12.07.2022
34013780;yandex;13.07.2022
34013781;gmail;12.07.2022
34013782;gmail;02.07.2022
34013783;yandex;06.07.2022
34013784;yandex;14.07.2022
34013785;outlook;17.07.2022
34013786;yandex;23.07.2022
34013787;gmail;16.07.2022
34013788;gmail;11.07.2022
34013789;gmail;29.07.2022
34013790;outlook;18.07.2022
34013791;yandex;10.07.2022
34013792;gmail;15.07.2022
34013793;yandex;01.07.2022
34013794;gmail;30.07.2022
34013795;gmail;26.07.2022
34013796;yandex;04.07.2022
34013797;yandex;29.07.2022
34013798;yandex;17.07.2022
34013799;outlook;20.07.2022
34013800;outlook;16.07.2022
34013801;gmail;03.07.2022
34013802;gmail;11.07.2022
34013803;yandex;12.07.2022
34013804;outlook;23.07.2022
34013805;outlook;22.07.2022
34013806;gmail;24.07.2022
34013807;yandex;28.07.2022
34013808;gmail;08.07.2022
34013809;outlook;08.07.2022
34013810;gmail;09.07.2022
34013811;gmail;19.07.2022
34013812;outlook;09.07.2022
34013813;outlook;01.07.2022
34013814;outlook;07.07.2022
34013815;yandex;19.07.2022
34013816;outlook;17.07.2022
34013817;gmail;10.07.2022
34013818;yandex;10.07.2022
34013819;outlook;22.07.2022
34013820;outlook;20.07.2022
34013821;yandex;07.07.2022
34013822;gmail;22.07.2022
34013823;gmail;21.07.2022
34013824;yandex;23.07.2022
34013825;yandex;08.07.2022
34013826;yandex;16.07.2022
34013827;gmail;22.07.2022
34013828;outlook;29.07.2022
34013829;gmail;29.07.2022
34013830;yandex;09.07.2022
34013831;yandex;23.07.2022
34013832;gmail;08.07.2022
34013833;gmail;02.07.2022
34013834;outlook;16.07.2022
34013835;gmail;07.07.2022
34013836;yandex;11.07.2022
34013837;outlook;21.07.2022
34013838;gmail;18.07.2022
34013839;outlook;05.07.2022
34013840;yandex;25.07.2022
34013841;yandex;09.07.2022
34013842;gmail;17.07.2022
34013843;gmail;10.07.2022
34013844;outlook;04.07.2022
34013845;gmail;13.07.2022
34013846;yandex;01.07.2022
34013847;yandex;19.07.2022
34013848;yandex;28.07.2022
34013849;outlook;05.07.2022
34013850;yandex;20.07.2022
34013851;outlook;13.07.2022
34013852;yandex;28.07.2022
34013853;outlook;07.07.2022
34013854;yandex;05.07.2022
34013855;gmail;15.07.2022
34013856;outlook;26.07.2022
34013857;gmail;24.07.2022
34013858;gmail;15.07.2022
34013859;outlook;20.07.2022
34013860;gmail;27.07.2022
34013861;gmail;13.07.2022
34013862;yandex;22.07.2022
34013863;gmail;25.07.2022
34013864;outlook;02.07.2022
34013865;gmail;18.07.2022
34013866;gmail;01.07.2022
34013867;outlook;01.07.2022
34013868;outlook;01.07.2022
34013869;gmail;03.07.2022
34013870;yandex;21.07.2022
34013871;gmail;07.07.2022
34013872;outlook;12.07.2022
34013873;gmail;20.07.2022
34013874;gmail;19.07.2022
34013875;outlook;05.07.2022
34013876;outlook;06.07.2022
34013877;outlook;24.07.2022
34013878;yandex;12.07.2022
34013879;gmail;27.07.2022
34013880;yandex;04.07.2022
34013881;yandex;28.07.2022
34013882;yandex;16.07.2022
34013883;gmail;25.07.2022
34013884;outlook;08.07.2022
34013885;yandex;10.07.2022
34013886;outlook;20.07.2022
34013887;outlook;06.07.2022
34013888;outlook;05.07.2022
34013889;gmail;27.07.2022
34013890;gmail;08.07.2022
34013891;yandex;27.07.2022
34013892;gmail;17.07.2022
34013893;outlook;03.07.2022
34013894;gmail;24.07.2022
34013895;yandex;11.07.2022
34013896;gmail;04.07.2022
34013897;gmail;16.07.2022
34013898;yandex;14.07.2022
34013899;outlook;30.07.2022
34013900;yandex;20.07.2022
34013901;yandex;08.07.2022
34013902;yandex;01.07.2022
34013903;outlook;30.07.2022
34013904;yandex;08.07.2022
34013905;gmail;20.07.2022
34013906;yandex;04.07.2022
34013907;gmail;16.07.2022
34013908;outlook;02.07.2022
34013909;gmail;28.07.2022
34013910;yandex;06.07.2022
34013911;yandex;12.07.2022
34013912;gmail;25.07.2022
34013913;yandex;25.07.2022
34013914;outlook;27.07.2022
34013915;gmail;23.07.2022
34013916;gmail;28.07.2022
34013917;gmail;09.07.2022
34013918;gmail;27.07.2022
34013919;yandex;17.07.2022
34013920;yandex;28.07.2022
34013921;outlook;19.07.2022
34013922;yandex;28.07.2022
34013923;gmail;10.07.2022
34013924;yandex;17.07.2022
34013925;outlook;25.07.2022
34013926;outlook;10.07.2022
34013927;yandex;05.07.2022
34013928;yandex;05.07.2022
34013929;outlook;07.07.2022
34013930;outlook;30.07.2022
34013931;outlook;06.07.2022
34013932;outlook;24.07.2022
34013933;gmail;30.07.2022
34013934;gmail;21.07.2022
34013935;yandex;11.07.2022
34013936;outlook;11.07.2022
34013937;gmail;04.07.2022
34013938;outlook;30.07.2022
34013939;outlook;21.07.2022
34013940;outlook;27.07.2022
34013941;gmail;02.07.2022
34013942;outlook;20.07.2022
34013943;yandex;06.07.2022
34013944;gmail;02.07.2022
34013945;outlook;10.07.2022
34013946;outlook;27.07.2022
34013947;yandex;05.07.2022
34013948;gmail;06.07.2022
34013949;yandex;21.07.2022
34013950;gmail;01.07.2022
34013951;outlook;30.07.2022
34013952;outlook;13.07.2022
34013953;outlook;28.07.2022
34013954;yandex;30.07.2022
34013955;outlook;25.07.2022
34013956;yandex;27.07.2022
34013957;gmail;30.07.2022
34013958;gmail;04.07.2022
34013959;yandex;23.07.2022
34013960;gmail;10.07.2022
34013961;yandex;16.07.2022
34013962;outlook;02.07.2022
34013963;yandex;03.07.2022
34013964;gmail;22.07.2022
34013965;outlook;23.07.2022
34013966;outlook;16.07.2022
34013967;outlook;04.07.2022
34013968;outlook;23.07.2022
34013969;outlook;01.07.2022
34013970;gmail;26.07.2022
34013971;gmail;29.07.2022
34013972;yandex;23.07.2022
34013973;gmail;21.07.2022
34013974;outlook;12.07.2022
34013975;outlook;05.07.2022
34013976;gmail;25.07.2022
34013977;yandex;13.07.2022
34013978;gmail;26.07.2022
34013979;yandex;28.07.2022
34013980;outlook;30.07.2022
34013981;outlook;29.07.2022
34013982;outlook;17.07.2022
34013983;yandex;25.07.2022
34013984;gmail;26.07.2022
34013985;outlook;17.07.2022
34013986;outlook;30.07.2022
34013987;gmail;07.07.2022
34013988;outlook;23.07.2022
34013989;gmail;01.07.2022
34013990;outlook;08.07.2022
34013991;yandex;21.07.2022
34013992;yandex;30.07.2022
34013993;outlook;10.07.2022
34013994;outlook;04.07.2022
34013995;yandex;13.07.2022
34013996;gmail;11.07.2022
34013997;gmail;04.07.2022
34013998;outlook;18.07.2022
34013999;gmail;09.07.2022
34014000;outlook;04.07.2022
34014001;yandex;11.07.2022
34014002;outlook;15.07.2022
34014003;outlook;16.07.2022
34014004;outlook;12.07.2022
34014005;gmail;11.07.2022
34014006;gmail;15.07.2022
34014007;outlook;28.07.2022
34014008;gmail;16.07.2022
34014009;gmail;28.07.2022
34014010;gmail;26.07.2022
34014011;outlook;16.07.2022
34014012;yandex;03.07.2022
34014013;yandex;20.07.2022
34014014;outlook;04.07.2022
34014015;yandex;19.07.2022
34014016;gmail;23.07.2022
34014017;yandex;11.07.2022
34014018;outlook;29.07.2022
34014019;gmail;08.07.2022
34014020;gmail;25.07.2022
34014021;gmail;30.07.2022
34014022;yandex;20.07.2022
34014023;outlook;12.07.2022
34014024;gmail;20.07.2022
34014025;outlook;07.07.2022
34014026;outlook;08.07.2022
34014027;gmail;30.07.2022
34014028;outlook;21.07.2022
34014029;outlook;25.07.2022
34014030;yandex;29.07.2022
34014031;outlook;09.07.2022
34014032;yandex;23.07.2022
34014033;outlook;18.07.2022
34014034;outlook;26.07.2022
34014035;yandex;17.07.2022
34014036;yandex;28.07.2022
34014037;outlook;05.07.2022
34014038;outlook;02.07.2022
34014039;outlook;30.07.2022
34014040;outlook;23.07.2022
34014041;yandex;27.07.2022
34014042;gmail;09.07.2022
34014043;gmail;18.07.2022
34014044;outlook;26.07.2022
34014045;outlook;16.07.2022
34014046;gmail;17.07.2022
34014047;gmail;09.07.2022
34014048;outlook;28.07.2022
34014049;gmail;19.07.2022
34014050;yandex;05.07.2022
34014051;outlook;27.07.2022
34014052;outlook;28.07.2022
34014053;gmail;18.07.2022
34014054;gmail;17.07.2022
34014055;gmail;18.07.2022
34014056;gmail;11.07.2022
34014057;gmail;12.07.2022
34014058;outlook;03.07.2022
34014059;outlook;29.07.2022
34014060;outlook;05.07.2022
34014061;gmail;12.07.2022
34014062;outlook;25.07.2022
34014063;yandex;22.07.2022
34014064;gmail;17.07.2022
34014065;gmail;28.07.2022
34014066;gmail;18.07.2022
34014067;yandex;06.07.2022
34014068;outlook;09.07.2022
34014069;yandex;04.07.2022
34014070;gmail;14.07.2022
34014071;outlook;16.07.2022
34014072;gmail;11.07.2022
34014073;outlook;05.07.2022
34014074;gmail;14.07.2022
34014075;outlook;09.07.2022
34014076;gmail;30.07.2022
34014077;gmail;16.07.2022
34014078;gmail;09.07.2022
34014079;outlook;09.07.2022
34014080;outlook;11.07.2022
34014081;yandex;09.07.2022
34014082;outlook;08.07.2022
34014083;gmail;03.07.2022
34014084;gmail;16.07.2022
34014085;gmail;18.07.2022
34014086;gmail;24.07.2022
34014087;yandex;01.07.2022
34014088;gmail;29.07.2022
34014089;gmail;23.07.2022
34014090;outlook;12.07.2022
34014091;yandex;28.07.2022
34014092;yandex;09.07.2022
34014093;gmail;09.07.2022
34014094;yandex;21.07.2022
34014095;outlook;06.07.2022
34014096;outlook;23.07.2022
34014097;yandex;25.07.2022
34014098;yandex;14.07.2022
34014099;outlook;18.07.2022
34014100;gmail;07.07.2022
34014101;outlook;23.07.2022
34014102;gmail;13.07.2022
34014103;gmail;18.07.2022
34014104;yandex;10.07.2022
34014105;yandex;02.07.2022
34014106;outlook;27.07.2022
34014107;gmail;27.07.2022
34014108;outlook;11.07.2022
34014109;yandex;27.07.2022
34014110;outlook;16.07.2022
34014111;outlook;14.07.2022
34014112;outlook;23.07.2022
34014113;yandex;17.07.2022
34014114;gmail;28.07.2022
34014115;gmail;14.07.2022
34014116;yandex;12.07.2022
34014117;gmail;15.07.2022
34014118;gmail;11.07.2022
34014119;yandex;07.07.2022
34014120;gmail;03.07.2022
34014121;yandex;03.07.2022
34014122;yandex;18.07.2022
34014123;gmail;01.07.2022
34014124;gmail;14.07.2022
34014125;outlook;23.07.2022
34014126;gmail;28.07.2022
34014127;outlook;14.07.2022
34014128;gmail;26.07.2022
34014129;gmail;24.07.2022
34014130;gmail;04.07.2022
34014131;yandex;22.07.2022
34014132;gmail;29.07.2022
34014133;gmail;30.07.2022
34014134;outlook;02.07.2022
34014135;outlook;26.07.2022
34014136;gmail;12.07.2022
34014137;outlook;04.07.2022
34014138;yandex;23.07.2022
34014139;gmail;08.07.2022
34014140;yandex;10.07.2022
34014141;yandex;18.07.2022
34014142;yandex;09.07.2022
34014143;outlook;16.07.2022
34014144;outlook;23.07.2022
34014145;yandex;29.07.2022
34014146;gmail;16.07.2022
34014147;gmail;19.07.2022
34014148;gmail;15.07.2022
34014149;gmail;30.07.2022
34014150;yandex;02.07.2022
34014151;gmail;30.07.2022
34014152;yandex;24.07.2022
34014153;gmail;14.07.2022
34014154;yandex;06.07.2022
34014155;gmail;24.07.2022
34014156;yandex;26.07.2022
34014157;gmail;07.07.2022
34014158;gmail;02.07.2022
34014159;outlook;25.07.2022
34014160;gmail;05.07.2022
34014161;outlook;16.07.2022
34014162;yandex;27.07.2022
34014163;gmail;03.07.2022
34014164;gmail;02.07.2022
34014165;yandex;26.07.2022
34014166;outlook;18.07.2022
34014167;outlook;19.07.2022
34014168;gmail;28.07.2022
34014169;gmail;18.07.2022
34014170;outlook;16.07.2022
34014171;yandex;22.07.2022
34014172;outlook;29.07.2022
34014173;gmail;14.07.2022
34014174;gmail;20.07.2022
34014175;gmail;10.07.2022
34014176;gmail;03.07.2022
34014177;yandex;17.07.2022
34014178;yandex;11.07.2022
34014179;gmail;19.07.2022
34014180;yandex;02.07.2022
34014181;gmail;18.07.2022
34014182;gmail;04.07.2022
34014183;yandex;10.07.2022
34014184;yandex;22.07.2022
34014185;gmail;25.07.2022
34014186;outlook;09.07.2022
34014187;outlook;05.07.2022
34014188;outlook;04.07.2022
34014189;yandex;22.07.2022
34014190;yandex;05.07.2022
34014191;yandex;29.07.2022
34014192;outlook;08.07.2022
34014193;yandex;08.07.2022
34014194;gmail;04.07.2022
34014195;yandex;23.07.2022
34014196;gmail;24.07.2022
34014197;yandex;26.07.2022
34014198;gmail;06.07.2022
34014199;gmail;29.07.2022
34014200;outlook;20.07.2022
34014201;outlook;12.07.2022
34014202;outlook;13.07.2022
34014203;gmail;10.07.2022
34014204;yandex;16.07.2022
34014205;outlook;28.07.2022
34014206;gmail;05.07.2022
34014207;gmail;18.07.2022
34014208;yandex;20.07.2022
34014209;outlook;01.07.2022
34014210;gmail;18.07.2022
34014211;yandex;02.07.2022
34014212;yandex;25.07.2022
34014213;gmail;04.07.2022
34014214;gmail;09.07.2022
34014215;yandex;27.07.2022
34014216;gmail;19.07.2022
34014217;outlook;30.07.2022
34014218;outlook;01.07.2022
34014219;gmail;12.07.2022
34014220;gmail;20.07.2022
34014221;outlook;10.07.2022
34014222;outlook;18.07.2022
34014223;gmail;28.07.2022
34014224;yandex;23.07.2022
34014225;gmail;01.07.2022
34014226;gmail;01.07.2022
34014227;gmail;07.07.2022
34014228;yandex;11.07.2022
34014229;gmail;20.07.2022
34014230;yandex;09.07.2022
34014231;outlook;13.07.2022
34014232;outlook;28.07.2022
34014233;gmail;22.07.2022
34014234;yandex;08.07.2022
34014235;outlook;10.07.2022
34014236;gmail;21.07.2022
34014237;yandex;16.07.2022
34014238;yandex;28.07.2022
34014239;outlook;09.07.2022
34014240;gmail;05.07.2022
34014241;yandex;28.07.2022
34014242;outlook;23.07.2022
34014243;yandex;22.07.2022
34014244;outlook;22.07.2022
34014245;outlook;02.07.2022
34014246;yandex;28.07.2022
34014247;yandex;28.07.2022
34014248;gmail;15.07.2022
34014249;yandex;22.07.2022
34014250;gmail;12.07.2022
34014251;outlook;08.07.2022
34014252;gmail;02.07.2022
34014253;gmail;22.07.2022
34014254;yandex;18.07.2022
34014255;yandex;23.07.2022
34014256;outlook;13.07.2022
34014257;yandex;14.07.2022
34014258;outlook;15.07.2022
34014259;yandex;04.07.2022
34014260;gmail;07.07.2022
34014261;yandex;14.07.2022
34014262;gmail;13.07.2022
34014263;yandex;16.07.2022
34014264;yandex;14.07.2022
34014265;outlook;07.07.2022
34014266;outlook;03.07.2022
34014267;yandex;26.07.2022
34014268;yandex;13.07.2022
34014269;outlook;22.07.2022
34014270;gmail;11.07.2022
34014271;yandex;03.07.2022
34014272;outlook;13.07.2022
34014273;outlook;13.07.2022
34014274;outlook;15.07.2022
34014275;yandex;26.07.2022
34014276;yandex;14.07.2022
34014277;gmail;06.07.2022
34014278;outlook;22.07.2022
34014279;outlook;23.07.2022
34014280;yandex;21.07.2022
34014281;outlook;24.07.2022
34014282;yandex;21.07.2022
34014283;gmail;03.07.2022
34014284;outlook;20.07.2022
34014285;yandex;23.07.2022
34014286;outlook;08.07.2022
34014287;gmail;15.07.2022
34014288;yandex;06.07.2022
34014289;gmail;24.07.2022
34014290;yandex;12.07.2022
34014291;gmail;01.07.2022
34014292;yandex;02.07.2022
34014293;gmail;11.07.2022
34014294;gmail;13.07.2022
34014295;gmail;07.07.2022
34014296;yandex;17.07.2022
34014297;outlook;26.07.2022
34014298;outlook;01.07.2022
34014299;gmail;15.07.2022
34014300;gmail;06.07.2022
34014301;outlook;29.07.2022
34014302;yandex;04.07.2022
34014303;outlook;21.07.2022
34014304;outlook;17.07.2022
34014305;gmail;13.07.2022
34014306;yandex;19.07.2022
34014307;outlook;20.07.2022
34014308;gmail;12.07.2022
34014309;gmail;02.07.2022
34014310;gmail;18.07.2022
34014311;outlook;05.07.2022
34014312;gmail;13.07.2022
34014313;gmail;29.07.2022
34014314;outlook;08.07.2022
34014315;yandex;18.07.2022
34014316;gmail;22.07.2022
34014317;yandex;20.07.2022
34014318;gmail;11.07.2022
34014319;outlook;28.07.2022
34014320;gmail;24.07.2022
34014321;outlook;17.07.2022
34014322;gmail;20.07.2022
34014323;gmail;13.07.2022
34014324;outlook;14.07.2022
34014325;gmail;29.07.2022
34014326;gmail;08.07.2022
34014327;yandex;20.07.2022
34014328;gmail;24.07.2022
34014329;gmail;14.07.2022
34014330;yandex;03.07.2022
34014331;outlook;15.07.2022
34014332;gmail;13.07.2022
34014333;gmail;16.07.2022
34014334;gmail;14.07.2022
34014335;outlook;30.07.2022
34014336;gmail;25.07.2022
34014337;gmail;13.07.2022
34014338;gmail;01.07.2022
34014339;gmail;06.07.2022
34014340;yandex;26.07.2022
34014341;yandex;03.07.2022
34014342;outlook;29.07.2022
34014343;gmail;29.07.2022
34014344;outlook;02.07.2022
34014345;outlook;30.07.2022
34014346;yandex;04.07.2022
34014347;gmail;26.07.2022
34014348;outlook;22.07.2022
34014349;gmail;01.07.2022
34014350;gmail;07.07.2022
34014351;gmail;05.07.2022
34014352;yandex;25.07.2022
34014353;gmail;13.07.2022
34014354;outlook;26.07.2022
34014355;yandex;28.07.2022
34014356;outlook;21.07.2022
34014357;yandex;05.07.2022
34014358;gmail;01.07.2022
34014359;gmail;21.07.2022
34014360;gmail;15.07.2022
34014361;yandex;30.07.2022
34014362;gmail;03.07.2022
34014363;yandex;17.07.2022
34014364;gmail;02.07.2022
34014365;gmail;29.07.2022
34014366;outlook;24.07.2022
34014367;outlook;02.07.2022
34014368;gmail;16.07.2022
34014369;gmail;30.07.2022
34014370;gmail;07.07.2022
34014371;yandex;03.07.2022
34014372;yandex;08.07.2022
34014373;outlook;04.07.2022
34014374;gmail;28.07.2022
34014375;gmail;26.07.2022
34014376;gmail;24.07.2022
34014377;yandex;15.07.2022
34014378;outlook;11.07.2022
34014379;yandex;04.07.2022
34014380;yandex;03.07.2022
34014381;gmail;07.07.2022
34014382;gmail;25.07.2022
34014383;gmail;17.07.2022
34014384;gmail;13.07.2022
34014385;gmail;08.07.2022
34014386;yandex;13.07.2022
34014387;outlook;18.07.2022
34014388;gmail;29.07.2022
34014389;yandex;28.07.2022
34014390;outlook;28.07.2022
34014391;gmail;09.07.2022
34014392;yandex;15.07.2022
34014393;yandex;18.07.2022
34014394;yandex;12.07.2022
34014395;outlook;21.07.2022
34014396;outlook;24.07.2022
34014397;outlook;05.07.2022
34014398;gmail;19.07.2022
34014399;yandex;04.07.2022
34014400;yandex;18.07.2022
34014401;outlook;13.07.2022
34014402;yandex;15.07.2022
34014403;yandex;18.07.2022
34014404;yandex;26.07.2022
34014405;outlook;03.07.2022
34014406;yandex;02.07.2022
34014407;gmail;05.07.2022
34014408;gmail;07.07.2022
34014409;yandex;16.07.2022
34014410;outlook;02.07.2022
34014411;yandex;12.07.2022
34014412;gmail;16.07.2022
34014413;gmail;13.07.2022
34014414;yandex;17.07.2022
34014415;gmail;05.07.2022
34014416;gmail;12.07.2022
34014417;outlook;13.07.2022
34014418;gmail;26.07.2022
34014419;outlook;11.07.2022
34014420;gmail;03.07.2022
34014421;yandex;26.07.2022
34014422;yandex;13.07.2022
34014423;gmail;19.07.2022
34014424;gmail;26.07.2022
34014425;outlook;26.07.2022
34014426;outlook;18.07.2022
34014427;gmail;03.07.2022
34014428;yandex;04.07.2022
34014429;yandex;14.07.2022
34014430;gmail;03.07.2022
34014431;outlook;22.07.2022
34014432;yandex;20.07.2022
34014433;yandex;21.07.2022
34014434;yandex;20.07.2022
34014435;gmail;13.07.2022
34014436;gmail;29.07.2022
34014437;yandex;26.07.2022
34014438;outlook;02.07.2022
34014439;outlook;06.07.2022
34014440;yandex;07.07.2022
34014441;outlook;08.07.2022
34014442;outlook;14.07.2022
34014443;outlook;30.07.2022
34014444;gmail;22.07.2022
34014445;gmail;09.07.2022
34014446;gmail;24.07.2022
34014447;yandex;09.07.2022
34014448;outlook;01.07.2022
34014449;gmail;17.07.2022
34014450;gmail;11.07.2022
34014451;outlook;14.07.2022
34014452;yandex;18.07.2022
34014453;outlook;07.07.2022
34014454;gmail;17.07.2022
34014455;outlook;24.07.2022
34014456;outlook;11.07.2022
34014457;gmail;23.07.2022
34014458;outlook;03.07.2022
34014459;yandex;07.07.2022
34014460;gmail;14.07.2022
34014461;gmail;20.07.2022
34014462;gmail;23.07.2022
34014463;gmail;12.07.2022
34014464;yandex;29.07.2022
34014465;gmail;06.07.2022
34014466;yandex;09.07.2022
34014467;gmail;18.07.2022
34014468;yandex;18.07.2022
34014469;outlook;26.07.2022
34014470;yandex;16.07.2022
34014471;gmail;29.07.2022
34014472;outlook;07.07.2022
34014473;yandex;01.07.2022
34014474;yandex;23.07.2022
34014475;gmail;21.07.2022
34014476;outlook;06.07.2022
34014477;gmail;13.07.2022
34014478;yandex;06.07.2022
34014479;gmail;24.07.2022
34014480;gmail;10.07.2022
34014481;outlook;20.07.2022
34014482;yandex;02.07.2022
34014483;outlook;20.07.2022
34014484;gmail;24.07.2022
34014485;gmail;25.07.2022
34014486;gmail;13.07.2022
34014487;gmail;30.07.2022
34014488;gmail;12.07.2022
34014489;outlook;26.07.2022
34014490;yandex;02.07.2022
34014491;yandex;04.07.2022
34014492;outlook;24.07.2022
34014493;gmail;08.07.2022
34014494;outlook;04.07.2022
34014495;outlook;26.07.2022
34014496;gmail;21.07.2022
34014497;outlook;29.07.2022
34014498;gmail;13.07.2022
34014499;outlook;25.07.2022
34014500;gmail;02.07.2022
34014501;outlook;09.07.2022
34014502;outlook;13.07.2022
34014503;outlook;20.07.2022
34014504;yandex;15.07.2022
34014505;gmail;15.07.2022
34014506;yandex;05.07.2022
34014507;yandex;22.07.2022
34014508;outlook;27.07.2022
34014509;gmail;16.07.2022
34014510;gmail;01.07.2022
34014511;gmail;05.07.2022
34014512;yandex;06.07.2022
34014513;outlook;11.07.2022
34014514;outlook;11.07.2022
34014515;outlook;08.07.2022
34014516;gmail;07.07.2022
34014517;yandex;25.07.2022
34014518;gmail;06.07.2022
34014519;outlook;26.07.2022
34014520;gmail;01.07.2022
34014521;gmail;01.07.2022
34014522;outlook;07.07.2022
34014523;gmail;28.07.2022
34014524;yandex;12.07.2022
34014525;yandex;19.07.2022
34014526;yandex;06.07.2022
34014527;yandex;15.07.2022
34014528;outlook;06.07.2022
34014529;yandex;08.07.2022
34014530;outlook;08.07.2022
34014531;yandex;06.07.2022
34014532;outlook;20.07.2022
34014533;yandex;23.07.2022
34014534;yandex;25.07.2022
34014535;gmail;24.07.2022
34014536;outlook;19.07.2022
34014537;outlook;02.07.2022
34014538;yandex;30.07.2022
34014539;yandex;01.07.2022
34014540;yandex;06.07.2022
34014541;outlook;20.07.2022
34014542;outlook;15.07.2022
34014543;yandex;10.07.2022
34014544;yandex;08.07.2022
34014545;gmail;26.07.2022
34014546;gmail;02.07.2022
34014547;outlook;16.07.2022
34014548;yandex;04.07.2022
34014549;outlook;25.07.2022
34014550;yandex;22.07.2022
34014551;outlook;08.07.2022
34014552;gmail;08.07.2022
34014553;yandex;07.07.2022
34014554;yandex;13.07.2022
34014555;yandex;12.07.2022
34014556;yandex;22.07.2022
34014557;outlook;24.07.2022
34014558;outlook;07.07.2022
34014559;outlook;21.07.2022
34014560;yandex;02.07.2022
34014561;gmail;28.07.2022
34014562;gmail;10.07.2022
34014563;outlook;18.07.2022
34014564;yandex;12.07.2022
34014565;yandex;13.07.2022
34014566;gmail;12.07.2022
34014567;yandex;20.07.2022
34014568;gmail;01.07.2022
34014569;gmail;28.07.2022
34014570;outlook;02.07.2022
34014571;yandex;25.07.2022
34014572;gmail;21.07.2022
34014573;gmail;30.07.2022
34014574;outlook;02.07.2022
34014575;gmail;05.07.2022
34014576;yandex;30.07.2022
34014577;gmail;30.07.2022
34014578;yandex;25.07.2022
34014579;yandex;08.07.2022
34014580;gmail;30.07.2022
34014581;outlook;10.07.2022
34014582;gmail;15.07.2022
34014583;gmail;19.07.2022
34014584;gmail;08.07.2022
34014585;yandex;23.07.2022
34014586;gmail;02.07.2022
34014587;outlook;08.07.2022
34014588;outlook;03.07.2022
34014589;yandex;30.07.2022
34014590;outlook;10.07.2022
34014591;gmail;27.07.2022
34014592;gmail;07.07.2022
34014593;yandex;20.07.2022
34014594;outlook;22.07.2022
34014595;gmail;10.07.2022
34014596;gmail;05.07.2022
34014597;yandex;01.07.2022
34014598;gmail;08.07.2022
34014599;yandex;06.07.2022
34014600;outlook;12.07.2022
34014601;yandex;25.07.2022
34014602;yandex;21.07.2022
34014603;gmail;06.07.2022
34014604;outlook;22.07.2022
34014605;gmail;20.07.2022
34014606;yandex;22.07.2022
34014607;outlook;27.07.2022
34014608;yandex;25.07.2022
34014609;gmail;21.07.2022
34014610;outlook;25.07.2022
34014611;yandex;12.07.2022
34014612;outlook;19.07.2022
34014613;gmail;09.07.2022
34014614;outlook;14.07.2022
34014615;gmail;24.07.2022
34014616;outlook;20.07.2022
34014617;yandex;07.07.2022
34014618;yandex;08.07.2022
34014619;yandex;18.07.2022
34014620;gmail;24.07.2022
34014621;gmail;02.07.2022
34014622;outlook;19.07.2022
34014623;yandex;12.07.2022
34014624;outlook;15.07.2022
34014625;outlook;27.07.2022
34014626;yandex;29.07.2022
34014627;yandex;21.07.2022
34014628;gmail;04.07.2022
34014629;outlook;29.07.2022
34014630;gmail;16.07.2022
34014631;gmail;08.07.2022
34014632;outlook;08.07.2022
34014633;yandex;22.07.2022
34014634;outlook;09.07.2022
34014635;outlook;28.07.2022
34014636;outlook;23.07.2022
34014637;gmail;15.07.2022
34014638;outlook;15.07.2022
34014639;yandex;07.07.2022
34014640;gmail;01.07.2022
34014641;yandex;11.07.2022
34014642;gmail;15.07.2022
34014643;outlook;04.07.2022
34014644;yandex;01.07.2022
34014645;gmail;01.07.2022
34014646;gmail;09.07.2022
34014647;outlook;30.07.2022
34014648;yandex;03.07.2022
34014649;gmail;08.07.2022
34014650;gmail;14.07.2022
34014651;yandex;07.07.2022
34014652;yandex;08.07.2022
34014653;outlook;29.07.2022
34014654;yandex;15.07.2022
34014655;yandex;21.07.2022
34014656;gmail;07.07.2022
34014657;outlook;11.07.2022
34014658;gmail;04.07.2022
34014659;yandex;12.07.2022
34014660;outlook;04.07.2022
34014661;gmail;13.07.2022
34014662;outlook;17.07.2022
34014663;gmail;17.07.2022
34014664;yandex;14.07.2022
34014665;outlook;13.07.2022
34014666;outlook;04.07.2022
34014667;outlook;23.07.2022
34014668;gmail;12.07.2022
34014669;outlook;26.07.2022
34014670;outlook;12.07.2022
34014671;yandex;13.07.2022
34014672;outlook;24.07.2022
34014673;outlook;15.07.2022
34014674;yandex;25.07.2022
34014675;gmail;19.07.2022
34014676;gmail;05.07.2022
34014677;yandex;11.07.2022
34014678;yandex;14.07.2022
34014679;gmail;03.07.2022
34014680;gmail;28.07.2022
34014681;gmail;01.07.2022
34014682;gmail;01.07.2022
34014683;outlook;06.07.2022
34014684;yandex;27.07.2022
34014685;outlook;18.07.2022
34014686;yandex;20.07.2022
34014687;outlook;29.07.2022
34014688;outlook;24.07.2022
34014689;outlook;20.07.2022
34014690;gmail;28.07.2022
34014691;outlook;02.07.2022
34014692;yandex;05.07.2022
34014693;gmail;08.07.2022
34014694;yandex;19.07.2022
34014695;gmail;05.07.2022
34014696;yandex;02.07.2022
34014697;outlook;13.07.2022
34014698;gmail;10.07.2022
34014699;yandex;21.07.2022
34014700;outlook;13.07.2022
34014701;outlook;02.07.2022
34014702;outlook;14.07.2022
34014703;gmail;20.07.2022
34014704;yandex;07.07.2022
34014705;gmail;27.07.2022
34014706;gmail;01.07.2022
34014707;gmail;15.07.2022
34014708;outlook;03.07.2022
34014709;gmail;22.07.2022
34014710;gmail;07.07.2022
34014711;outlook;09.07.2022
34014712;yandex;30.07.2022
34014713;yandex;22.07.2022
34014714;outlook;29.07.2022
34014715;yandex;02.07.2022
34014716;gmail;25.07.2022
34014717;gmail;30.07.2022
34014718;outlook;14.07.2022
34014719;yandex;04.07.2022
34014720;gmail;07.07.2022
34014721;gmail;04.07.2022
34014722;yandex;08.07.2022
34014723;outlook;17.07.2022
34014724;gmail;01.07.2022
34014725;outlook;29.07.2022
34014726;outlook;21.07.2022
34014727;gmail;25.07.2022
34014728;outlook;11.07.2022
34014729;outlook;30.07.2022
34014730;outlook;11.07.2022
34014731;yandex;06.07.2022
34014732;outlook;18.07.2022
34014733;gmail;24.07.2022
34014734;outlook;07.07.2022
34014735;yandex;28.07.2022
34014736;outlook;20.07.2022
34014737;gmail;09.07.2022
34014738;gmail;26.07.2022
34014739;yandex;24.07.2022
34014740;outlook;28.07.2022
34014741;yandex;27.07.2022
34014742;outlook;16.07.2022
34014743;gmail;18.07.2022
34014744;gmail;13.07.2022
34014745;outlook;29.07.2022
34014746;gmail;27.07.2022
34014747;gmail;21.07.2022
34014748;yandex;11.07.2022
34014749;outlook;29.07.2022
34014750;outlook;08.07.2022
34014751;gmail;12.07.2022
34014752;yandex;09.07.2022
34014753;yandex;21.07.2022
34014754;outlook;03.07.2022
34014755;outlook;25.07.2022
34014756;yandex;10.07.2022
34014757;outlook;02.07.2022
34014758;outlook;14.07.2022
34014759;outlook;06.07.2022
34014760;outlook;08.07.2022
34014761;outlook;28.07.2022
34014762;gmail;20.07.2022
34014763;outlook;28.07.2022
34014764;gmail;26.07.2022
34014765;gmail;06.07.2022
34014766;yandex;25.07.2022
34014767;outlook;29.07.2022
34014768;yandex;03.07.2022
34014769;yandex;28.07.2022
34014770;outlook;17.07.2022
34014771;gmail;30.07.2022
34014772;yandex;03.07.2022
34014773;outlook;30.07.2022
34014774;yandex;02.07.2022
34014775;gmail;29.07.2022
34014776;gmail;25.07.2022
34014777;outlook;06.07.2022
34014778;yandex;22.07.2022
34014779;gmail;25.07.2022
34014780;outlook;09.07.2022
34014781;yandex;07.07.2022
34014782;outlook;05.07.2022
34014783;outlook;11.07.2022
34014784;yandex;09.07.2022
34014785;gmail;19.07.2022
34014786;yandex;13.07.2022
34014787;yandex;10.07.2022
34014788;outlook;14.07.2022
34014789;outlook;25.07.2022
34014790;gmail;23.07.2022
34014791;outlook;27.07.2022
34014792;gmail;29.07.2022
34014793;gmail;23.07.2022
34014794;gmail;22.07.2022
34014795;gmail;09.07.2022
34014796;yandex;27.07.2022
34014797;gmail;19.07.2022
34014798;gmail;23.07.2022
34014799;yandex;17.07.2022
34014800;yandex;22.07.2022
34014801;yandex;20.07.2022
34014802;outlook;14.07.2022
34014803;yandex;04.07.2022
34014804;gmail;22.07.2022
34014805;yandex;05.07.2022
34014806;outlook;06.07.2022
34014807;yandex;24.07.2022
34014808;outlook;15.07.2022
34014809;yandex;19.07.2022
34014810;gmail;03.07.2022
34014811;yandex;07.07.2022
34014812;outlook;26.07.2022
34014813;outlook;20.07.2022
34014814;yandex;07.07.2022
34014815;yandex;01.07.2022
34014816;yandex;19.07.2022
34014817;yandex;14.07.2022
34014818;yandex;26.07.2022
34014819;yandex;18.07.2022
34014820;gmail;16.07.2022
34014821;yandex;09.07.2022
34014822;outlook;11.07.2022
34014823;outlook;11.07.2022
34014824;outlook;23.07.2022
34014825;yandex;30.07.2022
34014826;outlook;03.07.2022
34014827;yandex;05.07.2022
34014828;gmail;22.07.2022
34014829;gmail;05.07.2022
34014830;outlook;21.07.2022
34014831;gmail;12.07.2022
34014832;yandex;01.07.2022
34014833;gmail;06.07.2022
34014834;gmail;26.07.2022
34014835;yandex;04.07.2022
34014836;outlook;28.07.2022
34014837;yandex;20.07.2022
34014838;yandex;15.07.2022
34014839;gmail;24.07.2022
34014840;yandex;10.07.2022
34014841;gmail;24.07.2022
34014842;yandex;15.07.2022
34014843;outlook;12.07.2022
34014844;yandex;09.07.2022
34014845;outlook;14.07.2022
34014846;yandex;15.07.2022
34014847;gmail;23.07.2022
34014848;yandex;05.07.2022
34014849;outlook;22.07.2022
34014850;outlook;28.07.2022
34014851;gmail;10.07.2022
34014852;gmail;11.07.2022
34014853;outlook;18.07.2022
34014854;yandex;06.07.2022
34014855;outlook;02.07.2022
34014856;gmail;29.07.2022
34014857;outlook;24.07.2022
34014858;yandex;15.07.2022
34014859;gmail;23.07.2022
34014860;outlook;09.07.2022
34014861;yandex;26.07.2022
34014862;outlook;23.07.2022
34014863;yandex;04.07.2022
34014864;outlook;21.07.2022
34014865;outlook;09.07.2022
34014866;gmail;24.07.2022
34014867;yandex;15.07.2022
34014868;gmail;23.07.2022
34014869;gmail;24.07.2022
34014870;yandex;08.07.2022
34014871;yandex;22.07.2022
34014872;outlook;18.07.2022
34014873;gmail;07.07.2022
34014874;outlook;17.07.2022
34014875;gmail;18.07.2022
34014876;yandex;06.07.2022
34014877;gmail;03.07.2022
34014878;gmail;20.07.2022
34014879;yandex;03.07.2022
34014880;gmail;29.07.2022
34014881;yandex;28.07.2022
34014882;outlook;11.07.2022
34014883;outlook;11.07.2022
34014884;outlook;27.07.2022
34014885;gmail;26.07.2022
34014886;yandex;17.07.2022
34014887;outlook;29.07.2022
34014888;outlook;01.07.2022
34014889;yandex;27.07.2022
34014890;outlook;25.07.2022
34014891;gmail;19.07.2022
34014892;gmail;20.07.2022
34014893;outlook;20.07.2022
34014894;outlook;21.07.2022
34014895;outlook;03.07.2022
34014896;gmail;24.07.2022
34014897;gmail;24.07.2022
34014898;yandex;08.07.2022
34014899;gmail;13.07.2022
34014900;yandex;01.07.2022
34014901;gmail;25.07.2022
34014902;yandex;11.07.2022
34014903;gmail;07.07.2022
34014904;outlook;05.07.2022
34014905;yandex;06.07.2022
34014906;outlook;19.07.2022
34014907;yandex;22.07.2022
34014908;gmail;07.07.2022
34014909;outlook;20.07.2022
34014910;outlook;08.07.2022
34014911;gmail;05.07.2022
34014912;gmail;25.07.2022
34014913;outlook;22.07.2022
34014914;outlook;09.07.2022
34014915;yandex;23.07.2022
34014916;yandex;14.07.2022
34014917;gmail;27.07.2022
34014918;yandex;24.07.2022
34014919;gmail;24.07.2022
34014920;gmail;07.07.2022
34014921;yandex;26.07.2022
34014922;outlook;28.07.2022
34014923;outlook;25.07.2022
34014924;gmail;21.07.2022
34014925;gmail;01.07.2022
34014926;yandex;09.07.2022
34014927;outlook;25.07.2022
34014928;gmail;11.07.2022
34014929;yandex;12.07.2022
34014930;gmail;11.07.2022
34014931;gmail;12.07.2022
34014932;yandex;02.07.2022
34014933;gmail;11.07.2022
34014934;yandex;28.07.2022
34014935;gmail;24.07.2022
34014936;gmail;16.07.2022
34014937;gmail;11.07.2022
34014938;yandex;19.07.2022
34014939;outlook;27.07.2022
34014940;outlook;06.07.2022
34014941;gmail;05.07.2022
34014942;yandex;17.07.2022
34014943;yandex;15.07.2022
34014944;yandex;20.07.2022
34014945;gmail;05.07.2022
34014946;outlook;04.07.2022
34014947;yandex;25.07.2022
34014948;yandex;18.07.2022
34014949;outlook;09.07.2022
34014950;gmail;29.07.2022
34014951;gmail;04.07.2022
34014952;yandex;02.07.2022
34014953;yandex;13.07.2022
34014954;yandex;09.07.2022
34014955;gmail;09.07.2022
34014956;gmail;01.07.2022
34014957;gmail;10.07.2022
34014958;outlook;04.07.2022
34014959;yandex;15.07.2022
34014960;yandex;28.07.2022
34014961;outlook;24.07.2022
34014962;yandex;25.07.2022
34014963;gmail;02.07.2022
34014964;yandex;26.07.2022
34014965;gmail;27.07.2022
34014966;gmail;18.07.2022
34014967;gmail;22.07.2022
34014968;gmail;28.07.2022
34014969;gmail;06.07.2022
34014970;yandex;22.07.2022
34014971;outlook;29.07.2022
34014972;outlook;12.07.2022
34014973;gmail;01.07.2022
34014974;yandex;15.07.2022
34014975;yandex;22.07.2022
34014976;outlook;25.07.2022
34014977;outlook;19.07.2022
34014978;gmail;04.07.2022
34014979;outlook;10.07.2022
34014980;outlook;20.07.2022
34014981;outlook;21.07.2022
34014982;outlook;26.07.2022
34014983;yandex;03.07.2022
34014984;gmail;11.07.2022
34014985;gmail;29.07.2022
34014986;gmail;06.07.2022
34014987;yandex;14.07.2022
34014988;gmail;19.07.2022
34014989;outlook;23.07.2022
34014990;yandex;03.07.2022
34014991;gmail;05.07.2022
34014992;gmail;07.07.2022
34014993;yandex;06.07.2022
34014994;outlook;28.07.2022
34014995;outlook;06.07.2022
34014996;outlook;07.07.2022
34014997;yandex;11.07.2022
34014998;outlook;22.07.2022
34014999;outlook;10.07.2022
34015000;gmail;11.07.2022
34015001;outlook;24.07.2022
34015002;yandex;06.07.2022
34015003;outlook;09.07.2022
34015004;outlook;21.07.2022
34015005;outlook;17.07.2022
34015006;yandex;07.07.2022
34015007;yandex;26.07.2022
34015008;yandex;25.07.2022
34015009;gmail;04.07.2022
34015010;gmail;03.07.2022
34015011;yandex;28.07.2022
34015012;outlook;19.07.2022
34015013;gmail;15.07.2022
34015014;gmail;24.07.2022
34015015;gmail;25.07.2022
34015016;outlook;04.07.2022
34015017;yandex;21.07.2022
34015018;outlook;30.07.2022
34015019;yandex;13.07.2022
34015020;outlook;05.07.2022
34015021;outlook;03.07.2022
34015022;outlook;07.07.2022
34015023;yandex;07.07.2022
34015024;yandex;05.07.2022
34015025;outlook;30.07.2022
34015026;yandex;02.07.2022
34015027;gmail;27.07.2022
34015028;gmail;13.07.2022
34015029;outlook;30.07.2022
34015030;yandex;28.07.2022
34015031;gmail;14.07.2022
34015032;gmail;25.07.2022
34015033;yandex;03.07.2022
34015034;yandex;07.07.2022
34015035;yandex;25.07.2022
34015036;outlook;30.07.2022
34015037;gmail;28.07.2022
34015038;yandex;17.07.2022
34015039;outlook;05.07.2022
34015040;gmail;05.07.2022
34015041;yandex;13.07.2022
34015042;yandex;23.07.2022
34015043;gmail;29.07.2022
34015044;outlook;23.07.2022
34015045;yandex;28.07.2022
34015046;gmail;19.07.2022
34015047;gmail;16.07.2022
34015048;yandex;17.07.2022
34015049;yandex;25.07.2022
34015050;outlook;09.07.2022
34015051;outlook;24.07.2022
34015052;outlook;18.07.2022
34015053;yandex;20.07.2022
34015054;gmail;13.07.2022
34015055;yandex;10.07.2022
34015056;outlook;02.07.2022
34015057;yandex;17.07.2022
34015058;gmail;14.07.2022
34015059;yandex;01.07.2022
34015060;yandex;01.07.2022
34015061;yandex;03.07.2022
34015062;yandex;15.07.2022
34015063;gmail;10.07.2022
34015064;yandex;10.07.2022
34015065;gmail;05.07.2022
34015066;outlook;26.07.2022
34015067;gmail;04.07.2022
34015068;gmail;27.07.2022
34015069;gmail;12.07.2022
34015070;yandex;06.07.2022
34015071;outlook;21.07.2022
34015072;gmail;24.07.2022
34015073;gmail;08.07.2022
34015074;yandex;14.07.2022
34015075;gmail;21.07.2022
34015076;outlook;14.07.2022
34015077;yandex;07.07.2022
34015078;gmail;29.07.2022
34015079;gmail;22.07.2022
34015080;outlook;21.07.2022
34015081;outlook;16.07.2022
34015082;outlook;07.07.2022
34015083;gmail;09.07.2022
34015084;outlook;19.07.2022
34015085;gmail;21.07.2022
34015086;gmail;01.07.2022
34015087;gmail;27.07.2022
34015088;yandex;18.07.2022
34015089;outlook;26.07.2022
34015090;outlook;13.07.2022
34015091;yandex;19.07.2022
34015092;outlook;27.07.2022
34015093;yandex;25.07.2022
34015094;outlook;07.07.2022
34015095;outlook;08.07.2022
34015096;gmail;05.07.2022
34015097;outlook;14.07.2022
34015098;gmail;22.07.2022
34015099;gmail;24.07.2022
34015100;gmail;20.07.2022
34015101;gmail;02.07.2022
34015102;outlook;17.07.2022
34015103;gmail;23.07.2022
34015104;yandex;23.07.2022
34015105;yandex;30.07.2022
34015106;gmail;12.07.2022
34015107;outlook;16.07.2022
34015108;gmail;11.07.2022
34015109;gmail;22.07.2022
34015110;gmail;14.07.2022
34015111;yandex;18.07.2022
34015112;gmail;11.07.2022
34015113;outlook;26.07.2022
34015114;gmail;23.07.2022
34015115;gmail;11.07.2022
34015116;yandex;08.07.2022
34015117;yandex;26.07.2022
34015118;outlook;04.07.2022
34015119;outlook;28.07.2022
34015120;outlook;04.07.2022
34015121;yandex;12.07.2022
34015122;yandex;05.07.2022
34015123;outlook;18.07.2022
34015124;outlook;26.07.2022
34015125;gmail;10.07.2022
34015126;gmail;19.07.2022
34015127;outlook;08.07.2022
34015128;yandex;07.07.2022
34015129;yandex;27.07.2022
34015130;gmail;12.07.2022
34015131;outlook;24.07.2022
34015132;outlook;22.07.2022
34015133;yandex;11.07.2022
34015134;gmail;22.07.2022
34015135;gmail;26.07.2022
34015136;yandex;18.07.2022
34015137;yandex;19.07.2022
34015138;outlook;20.07.2022
34015139;outlook;13.07.2022
34015140;gmail;05.07.2022
