id_reg;source_label;time_reg
20103531;source3;08.07.2022
20103233;source3;28.07.2022
20104134;source1;01.07.2022
20104933;source3;01.07.2022
20105645;source1;15.07.2022
20103182;source2;01.07.2022
20105196;source3;28.07.2022
20105414;source2;09.07.2022
20104669;source2;03.07.2022
20105607;source3;08.07.2022
20103484;source2;01.07.2022
20104091;source3;04.07.2022
20105376;source1;22.07.2022
20103446;source3;23.07.2022
20105247;source2;08.07.2022
20103390;source1;10.07.2022
20104633;source3;18.07.2022
20105175;source3;08.07.2022
20105300;source3;14.07.2022
20105204;source3;19.07.2022
20103991;source3;08.07.2022
20105232;source2;21.07.2022
20104818;source1;28.07.2022
20103127;source2;02.07.2022
20104710;source2;24.07.2022
20103475;source2;13.07.2022
20104064;source1;25.07.2022
20105274;source1;23.07.2022
20105433;source2;11.07.2022
20104980;source3;26.07.2022
20104453;source2;16.07.2022
20103296;source3;29.07.2022
20103161;source2;22.07.2022
20103617;source1;13.07.2022
20104519;source3;01.07.2022
20103809;source2;13.07.2022
20103498;source1;07.07.2022
20105524;source1;10.07.2022
20103228;source2;13.07.2022
20103538;source3;23.07.2022
20103041;source2;18.07.2022
20104332;source2;20.07.2022
20103192;source2;26.07.2022
20105045;source2;23.07.2022
20104678;source2;10.07.2022
20105636;source1;15.07.2022
20105244;source1;02.07.2022
20105082;source3;07.07.2022
20104815;source1;28.07.2022
20104250;source3;22.07.2022
20105327;source2;11.07.2022
20104838;source3;23.07.2022
20103766;source2;13.07.2022
20103468;source1;26.07.2022
20105564;source2;25.07.2022
20103502;source1;26.07.2022
20103677;source3;14.07.2022
20103557;source3;29.07.2022
20105352;source2;05.07.2022
20104098;source2;16.07.2022
20104969;source2;14.07.2022
20103960;source2;24.07.2022
20103375;source2;13.07.2022
20104814;source2;06.07.2022
20104216;source1;01.07.2022
20105465;source2;24.07.2022
20104432;source3;20.07.2022
20103713;source2;07.07.2022
20104304;source3;09.07.2022
20103527;source3;21.07.2022
20105373;source3;06.07.2022
20105637;source1;22.07.2022
20104528;source2;13.07.2022
20103983;source3;12.07.2022
20104965;source1;30.07.2022
20104486;source1;30.07.2022
20104897;source3;02.07.2022
20105583;source2;08.07.2022
20105614;source2;19.07.2022
20105616;source3;18.07.2022
20105481;source3;25.07.2022
20103126;source3;06.07.2022
20103120;source3;29.07.2022
20104020;source2;14.07.2022
20104753;source2;11.07.2022
20103408;source3;25.07.2022
20104582;source2;03.07.2022
20104420;source3;30.07.2022
20105555;source1;14.07.2022
20104038;source3;11.07.2022
20105575;source2;17.07.2022
20105363;source2;28.07.2022
20104952;source1;09.07.2022
20103007;source2;14.07.2022
20103291;source3;17.07.2022
20103870;source3;24.07.2022
20105406;source1;11.07.2022
20103493;source1;09.07.2022
20103729;source3;10.07.2022
20104770;source2;01.07.2022
20104157;source3;19.07.2022
20103241;source2;23.07.2022
20104340;source3;21.07.2022
20104473;source2;06.07.2022
20103197;source2;21.07.2022
20103922;source2;25.07.2022
20104255;source3;07.07.2022
20105239;source2;08.07.2022
20104352;source3;14.07.2022
20105322;source3;27.07.2022
20104402;source2;22.07.2022
20104002;source3;04.07.2022
20103279;source1;05.07.2022
20104845;source1;26.07.2022
20105080;source2;13.07.2022
20105624;source3;20.07.2022
20105538;source1;10.07.2022
20103555;source3;21.07.2022
20105325;source2;27.07.2022
20105417;source2;18.07.2022
20105240;source1;30.07.2022
20105615;source1;01.07.2022
20103444;source2;24.07.2022
20104738;source2;17.07.2022
20103716;source2;01.07.2022
20103106;source3;21.07.2022
20104312;source1;18.07.2022
20103469;source2;09.07.2022
20105348;source2;12.07.2022
20104431;source1;17.07.2022
20105469;source1;21.07.2022
20103532;source3;09.07.2022
20105521;source3;26.07.2022
20104992;source2;20.07.2022
20104629;source3;06.07.2022
20103471;source1;20.07.2022
20104280;source1;04.07.2022
20103344;source3;05.07.2022
20105446;source1;20.07.2022
20105367;source1;29.07.2022
20103304;source3;29.07.2022
20104319;source2;09.07.2022
20104971;source1;20.07.2022
20105004;source3;12.07.2022
20104752;source2;13.07.2022
20104541;source3;08.07.2022
20104264;source2;02.07.2022
20103718;source1;19.07.2022
20104389;source2;29.07.2022
20104523;source1;21.07.2022
20103773;source2;22.07.2022
20103686;source2;17.07.2022
20103717;source3;05.07.2022
20104409;source1;17.07.2022
20103458;source2;14.07.2022
20103643;source3;05.07.2022
20105121;source1;21.07.2022
20104846;source3;30.07.2022
20103162;source1;07.07.2022
20103409;source1;17.07.2022
20103847;source1;05.07.2022
20103447;source1;23.07.2022
20105435;source2;19.07.2022
20103777;source2;14.07.2022
20105116;source1;17.07.2022
20104200;source1;27.07.2022
20104776;source2;03.07.2022
20104978;source3;22.07.2022
20103403;source2;25.07.2022
20104811;source3;19.07.2022
20104081;source1;22.07.2022
20105365;source1;03.07.2022
20104920;source1;25.07.2022
20105241;source2;10.07.2022
20104239;source1;28.07.2022
20104884;source1;21.07.2022
20104024;source3;28.07.2022
20105127;source1;04.07.2022
20105553;source2;15.07.2022
20103407;source2;15.07.2022
20104873;source3;20.07.2022
20104507;source1;29.07.2022
20105357;source3;27.07.2022
20104102;source2;25.07.2022
20104996;source2;21.07.2022
20105216;source3;09.07.2022
20105337;source3;29.07.2022
20105411;source2;01.07.2022
20104819;source2;08.07.2022
20103689;source1;21.07.2022
20104560;source1;29.07.2022
20104333;source3;13.07.2022
20105271;source3;18.07.2022
20103744;source1;09.07.2022
20104908;source1;26.07.2022
20104832;source2;28.07.2022
20104779;source2;13.07.2022
20104935;source3;09.07.2022
20103747;source3;29.07.2022
20105156;source3;20.07.2022
20104909;source1;09.07.2022
20104902;source2;03.07.2022
20104890;source3;27.07.2022
20103958;source3;29.07.2022
20104705;source3;11.07.2022
20104592;source2;13.07.2022
20104516;source1;02.07.2022
20105476;source3;22.07.2022
20105108;source2;21.07.2022
20104386;source2;10.07.2022
20103042;source2;16.07.2022
20104023;source3;28.07.2022
20103830;source3;16.07.2022
20105105;source2;18.07.2022
20103865;source1;18.07.2022
20104872;source3;13.07.2022
20105380;source3;24.07.2022
20103800;source3;03.07.2022
20104630;source1;08.07.2022
20105403;source3;20.07.2022
20104018;source1;15.07.2022
20104401;source3;05.07.2022
20103188;source1;02.07.2022
20104756;source2;02.07.2022
20104854;source1;21.07.2022
20104757;source1;15.07.2022
20105523;source3;04.07.2022
20104999;source3;22.07.2022
20103352;source1;30.07.2022
20103199;source1;20.07.2022
20105034;source2;18.07.2022
20104163;source1;18.07.2022
20104993;source1;12.07.2022
20104585;source1;22.07.2022
20105010;source1;14.07.2022
20105493;source2;09.07.2022
20103496;source2;03.07.2022
20104234;source3;21.07.2022
20104174;source3;05.07.2022
20103862;source2;13.07.2022
20104405;source2;08.07.2022
20103764;source3;07.07.2022
20105648;source2;02.07.2022
20104881;source3;12.07.2022
20103436;source3;04.07.2022
20103574;source1;24.07.2022
20104660;source2;20.07.2022
20103397;source3;29.07.2022
20103737;source2;10.07.2022
20104015;source3;12.07.2022
20104429;source1;10.07.2022
20104457;source2;19.07.2022
20104062;source1;22.07.2022
20104273;source3;09.07.2022
20104514;source2;16.07.2022
20105291;source3;12.07.2022
20104543;source2;30.07.2022
20103592;source2;25.07.2022
20103178;source3;13.07.2022
20103683;source2;13.07.2022
20104654;source3;10.07.2022
20103804;source3;19.07.2022
20104509;source1;02.07.2022
20104539;source1;04.07.2022
20103074;source1;28.07.2022
20104964;source3;10.07.2022
20104176;source2;29.07.2022
20103416;source3;25.07.2022
20103846;source3;20.07.2022
20104962;source2;29.07.2022
20105061;source1;17.07.2022
20104334;source2;11.07.2022
20104070;source1;03.07.2022
20103687;source3;24.07.2022
20105288;source2;13.07.2022
20105512;source1;13.07.2022
20103435;source2;27.07.2022
20105081;source1;21.07.2022
20104041;source1;26.07.2022
20104093;source2;16.07.2022
20105295;source2;24.07.2022
20103698;source2;19.07.2022
20105532;source2;29.07.2022
20104461;source3;27.07.2022
20105513;source2;07.07.2022
20103028;source1;22.07.2022
20105560;source2;02.07.2022
20105390;source2;10.07.2022
20105369;source1;20.07.2022
20103740;source1;11.07.2022
20103817;source2;03.07.2022
20103553;source3;08.07.2022
20103457;source2;30.07.2022
20103636;source1;26.07.2022
20104419;source2;23.07.2022
20103363;source1;18.07.2022
20104657;source2;14.07.2022
20103921;source3;29.07.2022
20104478;source1;30.07.2022
20104148;source3;20.07.2022
20105397;source1;05.07.2022
20103506;source3;19.07.2022
20105308;source2;14.07.2022
20103603;source2;22.07.2022
20103550;source2;01.07.2022
20105472;source2;21.07.2022
20103269;source1;04.07.2022
20103567;source2;29.07.2022
20103901;source3;06.07.2022
20105214;source2;06.07.2022
20103325;source2;12.07.2022
20104468;source3;13.07.2022
20103979;source1;09.07.2022
20103595;source1;19.07.2022
20104801;source2;24.07.2022
20103906;source2;21.07.2022
20103808;source1;01.07.2022
20103379;source2;19.07.2022
20105096;source2;30.07.2022
20103026;source1;10.07.2022
20103662;source2;03.07.2022
20103884;source2;06.07.2022
20105549;source3;27.07.2022
20103794;source1;22.07.2022
20104368;source3;09.07.2022
20103839;source3;29.07.2022
20103476;source3;18.07.2022
20104656;source2;10.07.2022
20104168;source3;16.07.2022
20104530;source3;12.07.2022
20103917;source2;11.07.2022
20104488;source3;10.07.2022
20103978;source1;15.07.2022
20104199;source1;23.07.2022
20105525;source2;27.07.2022
20105086;source3;04.07.2022
20104930;source1;16.07.2022
20103401;source3;06.07.2022
20103251;source3;18.07.2022
20105005;source1;27.07.2022
20104211;source2;25.07.2022
20104422;source3;14.07.2022
20104526;source1;27.07.2022
20105568;source2;28.07.2022
20104380;source2;02.07.2022
20104311;source2;06.07.2022
20104370;source1;13.07.2022
20104907;source2;14.07.2022
20103441;source2;02.07.2022
20103516;source1;17.07.2022
20103785;source3;17.07.2022
20103455;source2;10.07.2022
20104188;source3;30.07.2022
20103933;source3;25.07.2022
20103081;source1;13.07.2022
20104063;source3;27.07.2022
20105329;source1;28.07.2022
20104623;source2;17.07.2022
20104858;source2;26.07.2022
20103721;source1;21.07.2022
20103316;source2;19.07.2022
20104052;source1;20.07.2022
20103902;source2;25.07.2022
20105431;source3;16.07.2022
20104618;source2;03.07.2022
20105068;source2;20.07.2022
20105420;source3;07.07.2022
20103652;source3;25.07.2022
20104494;source2;14.07.2022
20104408;source2;09.07.2022
20103019;source1;04.07.2022
20103723;source3;10.07.2022
20104421;source3;27.07.2022
20105646;source2;28.07.2022
20103309;source1;22.07.2022
20103478;source3;26.07.2022
20104469;source3;10.07.2022
20105623;source3;22.07.2022
20104392;source1;04.07.2022
20105577;source1;22.07.2022
20104224;source2;27.07.2022
20105287;source1;12.07.2022
20103940;source3;13.07.2022
20103049;source1;22.07.2022
20105474;source2;08.07.2022
20104628;source3;08.07.2022
20103871;source3;21.07.2022
20105141;source2;08.07.2022
20105515;source1;29.07.2022
20104328;source2;27.07.2022
20105527;source3;22.07.2022
20104167;source2;06.07.2022
20103225;source1;12.07.2022
20104785;source3;27.07.2022
20103513;source3;13.07.2022
20104699;source2;10.07.2022
20104782;source1;05.07.2022
20104235;source3;18.07.2022
20105473;source2;27.07.2022
20104953;source3;19.07.2022
20104147;source2;18.07.2022
20104579;source1;29.07.2022
20105198;source2;01.07.2022
20104071;source1;15.07.2022
20103733;source2;27.07.2022
20103748;source1;29.07.2022
20103240;source2;12.07.2022
20103782;source3;17.07.2022
20103507;source1;22.07.2022
20105546;source2;08.07.2022
20103890;source2;13.07.2022
20103345;source3;04.07.2022
20105133;source2;25.07.2022
20103371;source3;11.07.2022
20103694;source2;08.07.2022
20104131;source2;15.07.2022
20104925;source2;09.07.2022
20104268;source1;06.07.2022
20105147;source3;30.07.2022
20104412;source3;25.07.2022
20105148;source3;21.07.2022
20104647;source3;12.07.2022
20105003;source2;05.07.2022
20103045;source2;03.07.2022
20103946;source2;21.07.2022
20104262;source2;29.07.2022
20105202;source1;30.07.2022
20105173;source2;30.07.2022
20103084;source2;18.07.2022
20104673;source1;24.07.2022
20104816;source2;21.07.2022
20104649;source1;01.07.2022
20103036;source2;03.07.2022
20105310;source3;14.07.2022
20103364;source2;09.07.2022
20104099;source2;19.07.2022
20103957;source2;22.07.2022
20105304;source1;07.07.2022
20104283;source2;24.07.2022
20104032;source1;20.07.2022
20103666;source1;21.07.2022
20104638;source1;18.07.2022
20103223;source2;06.07.2022
20105283;source3;17.07.2022
20103256;source3;04.07.2022
20104415;source1;01.07.2022
20104910;source2;06.07.2022
20104957;source3;02.07.2022
20104863;source2;19.07.2022
20105151;source3;04.07.2022
20105314;source1;28.07.2022
20103709;source3;20.07.2022
20104470;source3;19.07.2022
20105163;source3;01.07.2022
20105603;source1;20.07.2022
20105179;source3;12.07.2022
20104614;source1;02.07.2022
20103833;source2;14.07.2022
20103876;source2;11.07.2022
20105344;source3;03.07.2022
20104674;source2;01.07.2022
20104648;source1;15.07.2022
20103731;source2;19.07.2022
20103119;source3;27.07.2022
20105448;source2;20.07.2022
20105346;source2;11.07.2022
20103670;source1;17.07.2022
20105171;source3;06.07.2022
20105336;source3;25.07.2022
20105293;source3;24.07.2022
20104542;source3;22.07.2022
20103137;source3;20.07.2022
20104291;source3;19.07.2022
20104892;source3;17.07.2022
20104482;source2;25.07.2022
20104538;source2;09.07.2022
20105259;source2;08.07.2022
20103055;source3;04.07.2022
20105350;source3;23.07.2022
20103563;source2;30.07.2022
20105463;source2;16.07.2022
20104057;source2;17.07.2022
20104282;source3;26.07.2022
20104434;source3;22.07.2022
20105031;source3;04.07.2022
20104112;source3;10.07.2022
20104323;source3;11.07.2022
20105316;source1;19.07.2022
20103103;source3;08.07.2022
20104720;source3;01.07.2022
20104824;source1;05.07.2022
20105477;source1;11.07.2022
20103615;source2;08.07.2022
20103075;source3;21.07.2022
20103999;source3;09.07.2022
20105019;source2;11.07.2022
20103231;source2;17.07.2022
20103286;source2;13.07.2022
20103422;source1;01.07.2022
20103942;source2;11.07.2022
20104270;source2;18.07.2022
20103907;source3;19.07.2022
20103900;source2;19.07.2022
20103389;source2;06.07.2022
20103135;source3;02.07.2022
20104207;source3;25.07.2022
20103787;source3;19.07.2022
20104452;source3;26.07.2022
20103504;source2;21.07.2022
20104237;source1;29.07.2022
20105073;source3;10.07.2022
20105048;source2;25.07.2022
20104789;source3;22.07.2022
20104804;source2;13.07.2022
20104697;source2;11.07.2022
20104214;source3;18.07.2022
20105407;source2;18.07.2022
20104639;source3;12.07.2022
20103732;source1;19.07.2022
20104605;source1;23.07.2022
20103451;source2;15.07.2022
20104300;source2;27.07.2022
20104547;source2;09.07.2022
20103968;source2;11.07.2022
20104548;source1;30.07.2022
20104611;source1;10.07.2022
20105036;source3;13.07.2022
20103248;source2;27.07.2022
20104765;source3;04.07.2022
20104540;source1;26.07.2022
20104534;source1;24.07.2022
20104086;source2;09.07.2022
20104324;source2;03.07.2022
20103335;source2;17.07.2022
20104418;source2;15.07.2022
20104474;source3;06.07.2022
20103622;source3;11.07.2022
20103503;source3;13.07.2022
20105388;source3;07.07.2022
20103488;source3;12.07.2022
20103993;source3;30.07.2022
20104169;source1;08.07.2022
20104806;source1;25.07.2022
20105262;source3;08.07.2022
20103540;source2;29.07.2022
20103521;source3;06.07.2022
20105594;source1;13.07.2022
20104156;source2;16.07.2022
20104937;source2;22.07.2022
20103725;source1;22.07.2022
20103951;source3;24.07.2022
20103034;source2;26.07.2022
20104014;source3;19.07.2022
20105227;source1;13.07.2022
20105035;source1;25.07.2022
20105218;source2;18.07.2022
20103987;source3;09.07.2022
20105090;source1;18.07.2022
20104027;source3;12.07.2022
20103517;source2;17.07.2022
20104061;source2;09.07.2022
20103166;source2;21.07.2022
20104245;source3;11.07.2022
20103276;source1;26.07.2022
20104670;source2;02.07.2022
20103882;source2;22.07.2022
20104632;source2;15.07.2022
20103780;source2;14.07.2022
20105098;source2;19.07.2022
20103014;source2;19.07.2022
20104788;source1;23.07.2022
20105517;source2;01.07.2022
20105231;source2;23.07.2022
20104348;source2;29.07.2022
20104834;source2;20.07.2022
20103288;source2;20.07.2022
20104749;source3;23.07.2022
20103360;source3;12.07.2022
20104882;source2;18.07.2022
20103535;source3;30.07.2022
20103261;source2;05.07.2022
20104551;source2;06.07.2022
20103749;source3;20.07.2022
20103700;source1;07.07.2022
20103715;source1;18.07.2022
20103237;source2;06.07.2022
20104050;source3;28.07.2022
20103283;source2;10.07.2022
20104132;source3;04.07.2022
20103020;source3;07.07.2022
20103959;source2;05.07.2022
20103156;source3;06.07.2022
20103204;source1;30.07.2022
20105242;source3;23.07.2022
20104844;source3;24.07.2022
20103330;source1;30.07.2022
20103184;source3;25.07.2022
20103888;source3;04.07.2022
20104360;source2;27.07.2022
20104936;source3;14.07.2022
20105273;source1;07.07.2022
20104566;source2;30.07.2022
20103250;source1;01.07.2022
20104413;source2;01.07.2022
20104642;source2;28.07.2022
20103673;source2;22.07.2022
20103650;source1;28.07.2022
20103891;source3;05.07.2022
20103793;source3;28.07.2022
20104643;source3;19.07.2022
20105306;source1;28.07.2022
20105587;source2;02.07.2022
20103022;source2;25.07.2022
20103962;source2;18.07.2022
20103021;source2;30.07.2022
20105176;source2;25.07.2022
20103501;source2;08.07.2022
20103301;source1;18.07.2022
20105600;source2;09.07.2022
20103268;source2;24.07.2022
20103179;source2;11.07.2022
20103018;source1;12.07.2022
20105294;source2;02.07.2022
20104306;source3;10.07.2022
20105484;source2;28.07.2022
20105496;source2;07.07.2022
20104285;source3;12.07.2022
20104544;source2;14.07.2022
20105130;source2;29.07.2022
20104895;source1;30.07.2022
20104537;source3;08.07.2022
20104039;source1;23.07.2022
20103125;source3;13.07.2022
20105319;source1;16.07.2022
20105372;source2;02.07.2022
20105092;source3;30.07.2022
20105543;source2;12.07.2022
20103565;source3;08.07.2022
20104036;source2;05.07.2022
20104958;source3;23.07.2022
20104171;source1;21.07.2022
20105596;source3;30.07.2022
20104743;source3;06.07.2022
20105256;source3;04.07.2022
20103175;source3;25.07.2022
20105126;source2;11.07.2022
20104716;source2;12.07.2022
20105413;source1;13.07.2022
20103201;source3;06.07.2022
20104615;source1;23.07.2022
20103667;source3;14.07.2022
20103168;source3;23.07.2022
20104455;source3;15.07.2022
20103840;source3;03.07.2022
20105622;source3;15.07.2022
20105471;source3;01.07.2022
20104056;source2;16.07.2022
20103776;source2;09.07.2022
20104666;source2;16.07.2022
20103374;source2;20.07.2022
20104425;source3;27.07.2022
20104736;source3;11.07.2022
20103762;source3;07.07.2022
20105338;source3;29.07.2022
20104006;source3;16.07.2022
20104946;source2;13.07.2022
20103133;source3;03.07.2022
20105426;source3;02.07.2022
20103515;source2;26.07.2022
20103334;source2;08.07.2022
20103832;source2;09.07.2022
20104398;source2;01.07.2022
20105199;source2;11.07.2022
20104561;source1;04.07.2022
20103205;source1;18.07.2022
20103623;source3;17.07.2022
20104135;source2;24.07.2022
20103779;source2;12.07.2022
20104347;source2;13.07.2022
20103154;source3;13.07.2022
20103889;source2;14.07.2022
20103394;source3;05.07.2022
20105535;source1;13.07.2022
20103989;source3;15.07.2022
20104985;source1;05.07.2022
20105056;source1;07.07.2022
20103285;source3;18.07.2022
20104995;source2;28.07.2022
20103200;source3;27.07.2022
20103696;source3;05.07.2022
20105551;source1;13.07.2022
20104184;source3;12.07.2022
20103452;source2;07.07.2022
20104025;source3;25.07.2022
20104568;source3;28.07.2022
20104653;source2;20.07.2022
20103247;source2;23.07.2022
20104552;source2;26.07.2022
20103742;source2;06.07.2022
20104677;source3;18.07.2022
20103395;source3;19.07.2022
20103032;source2;01.07.2022
20105657;source1;12.07.2022
20103420;source1;06.07.2022
20105106;source1;04.07.2022
20103281;source1;14.07.2022
20105058;source3;15.07.2022
20103976;source3;26.07.2022
20105075;source1;05.07.2022
20104011;source2;21.07.2022
20103589;source1;22.07.2022
20105043;source1;04.07.2022
20103482;source3;15.07.2022
20104037;source2;07.07.2022
20105064;source3;22.07.2022
20104259;source1;08.07.2022
20104289;source3;23.07.2022
20104842;source1;13.07.2022
20104988;source2;12.07.2022
20105509;source3;10.07.2022
20103370;source3;21.07.2022
20104949;source1;18.07.2022
20104871;source1;07.07.2022
20104792;source2;07.07.2022
20105192;source1;23.07.2022
20104342;source2;13.07.2022
20105302;source3;19.07.2022
20104244;source3;12.07.2022
20103911;source2;22.07.2022
20105063;source2;12.07.2022
20103294;source3;15.07.2022
20103466;source2;22.07.2022
20104442;source3;11.07.2022
20103908;source1;30.07.2022
20103207;source3;23.07.2022
20103035;source1;21.07.2022
20104065;source3;30.07.2022
20103414;source3;29.07.2022
20104709;source2;20.07.2022
20103272;source3;28.07.2022
20105552;source2;04.07.2022
20103548;source3;17.07.2022
20104182;source2;08.07.2022
20104192;source3;14.07.2022
20104496;source2;05.07.2022
20105123;source2;30.07.2022
20103537;source3;22.07.2022
20105320;source2;01.07.2022
20103551;source3;21.07.2022
20103421;source2;21.07.2022
20105475;source1;28.07.2022
20105205;source3;02.07.2022
20105258;source3;16.07.2022
20105236;source3;25.07.2022
20104696;source2;29.07.2022
20103767;source2;12.07.2022
20103489;source1;02.07.2022
20104807;source2;14.07.2022
20104232;source3;28.07.2022
20103082;source3;11.07.2022
20104007;source3;16.07.2022
20103062;source1;30.07.2022
20103480;source1;08.07.2022
20105457;source3;12.07.2022
20103526;source1;27.07.2022
20104968;source1;14.07.2022
20105243;source1;06.07.2022
20104267;source3;14.07.2022
20104142;source1;10.07.2022
20104796;source2;01.07.2022
20104689;source3;28.07.2022
20104220;source1;13.07.2022
20103047;source3;21.07.2022
20105317;source3;27.07.2022
20104888;source3;22.07.2022
20103741;source3;05.07.2022
20105429;source1;07.07.2022
20105500;source1;13.07.2022
20104078;source1;05.07.2022
20103429;source2;02.07.2022
20104286;source2;03.07.2022
20105250;source2;03.07.2022
20105024;source1;13.07.2022
20105053;source1;04.07.2022
20103117;source3;20.07.2022
20104317;source2;09.07.2022
20104060;source2;07.07.2022
20103607;source1;13.07.2022
20104068;source3;02.07.2022
20103481;source2;27.07.2022
20104549;source2;07.07.2022
20104586;source3;18.07.2022
20104483;source3;06.07.2022
20103743;source3;13.07.2022
20104318;source3;01.07.2022
20104143;source2;05.07.2022
20104228;source1;22.07.2022
20105129;source1;13.07.2022
20103864;source2;23.07.2022
20105165;source3;05.07.2022
20103400;source2;06.07.2022
20103753;source3;22.07.2022
20104441;source3;27.07.2022
20104477;source1;27.07.2022
20104394;source2;12.07.2022
20104105;source2;17.07.2022
20104151;source2;21.07.2022
20103512;source2;16.07.2022
20103359;source3;14.07.2022
20105504;source1;22.07.2022
20103321;source2;27.07.2022
20104136;source3;04.07.2022
20105566;source1;11.07.2022
20104938;source2;27.07.2022
20104955;source3;18.07.2022
20105578;source2;30.07.2022
20103339;source2;14.07.2022
20104527;source2;29.07.2022
20105051;source2;24.07.2022
20104400;source1;07.07.2022
20104230;source3;08.07.2022
20104379;source1;05.07.2022
20104364;source3;04.07.2022
20103583;source2;14.07.2022
20104922;source1;05.07.2022
20103916;source1;02.07.2022
20104077;source3;04.07.2022
20105305;source1;23.07.2022
20103585;source1;12.07.2022
20104622;source1;28.07.2022
20103030;source2;26.07.2022
20104322;source1;08.07.2022
20105442;source2;11.07.2022
20104082;source2;18.07.2022
20103348;source3;03.07.2022
20104853;source2;06.07.2022
20103266;source2;10.07.2022
20105188;source3;19.07.2022
20105168;source2;09.07.2022
20104981;source3;16.07.2022
20105398;source3;14.07.2022
20103789;source3;20.07.2022
20103724;source1;23.07.2022
20104906;source3;05.07.2022
20105033;source2;08.07.2022
20105586;source2;04.07.2022
20103755;source1;25.07.2022
20104437;source2;28.07.2022
20105309;source2;18.07.2022
20103796;source3;09.07.2022
20105333;source3;23.07.2022
20105386;source2;03.07.2022
20104703;source3;26.07.2022
20103337;source3;24.07.2022
20104458;source2;28.07.2022
20103499;source2;09.07.2022
20103974;source2;27.07.2022
20103136;source2;06.07.2022
20103805;source3;08.07.2022
20105110;source1;21.07.2022
20103841;source2;05.07.2022
20103038;source1;04.07.2022
20103277;source2;26.07.2022
20103289;source1;01.07.2022
20104570;source3;15.07.2022
20103456;source3;09.07.2022
20105595;source3;05.07.2022
20104365;source2;24.07.2022
20103562;source3;05.07.2022
20104013;source2;06.07.2022
20104315;source3;23.07.2022
20103172;source1;05.07.2022
20104571;source2;05.07.2022
20105213;source3;25.07.2022
20105654;source2;04.07.2022
20103123;source2;21.07.2022
20104596;source2;24.07.2022
20103530;source3;15.07.2022
20103215;source2;07.07.2022
20105278;source1;05.07.2022
20105112;source2;30.07.2022
20103528;source2;01.07.2022
20104715;source2;22.07.2022
20103775;source1;29.07.2022
20103031;source3;17.07.2022
20103705;source2;02.07.2022
20105186;source3;16.07.2022
20104604;source1;04.07.2022
20105486;source2;16.07.2022
20103634;source2;03.07.2022
20104120;source1;22.07.2022
20104353;source1;08.07.2022
20103706;source2;14.07.2022
20105078;source3;19.07.2022
20103113;source3;16.07.2022
20104848;source3;13.07.2022
20104406;source1;22.07.2022
20104058;source3;11.07.2022
20104046;source3;02.07.2022
20104874;source1;15.07.2022
20105135;source3;15.07.2022
20103642;source2;04.07.2022
20103685;source2;30.07.2022
20105582;source1;05.07.2022
20104138;source2;18.07.2022
20103287;source1;22.07.2022
20105492;source3;07.07.2022
20103657;source2;16.07.2022
20103328;source2;18.07.2022
20104258;source3;03.07.2022
20105661;source3;20.07.2022
20103611;source2;05.07.2022
20103990;source2;10.07.2022
20105323;source2;01.07.2022
20104374;source2;05.07.2022
20105281;source2;26.07.2022
20103858;source3;17.07.2022
20104636;source1;11.07.2022
20104827;source3;20.07.2022
20103263;source1;05.07.2022
20103866;source2;22.07.2022
20104253;source1;17.07.2022
20104572;source2;04.07.2022
20104313;source2;27.07.2022
20104229;source2;09.07.2022
20103105;source2;29.07.2022
20103317;source3;01.07.2022
20103380;source2;03.07.2022
20104055;source2;16.07.2022
20103461;source2;26.07.2022
20105280;source3;02.07.2022
20105235;source2;10.07.2022
20103303;source1;13.07.2022
20104876;source1;03.07.2022
20104106;source2;20.07.2022
20104446;source3;20.07.2022
20104084;source1;04.07.2022
20105528;source1;29.07.2022
20105497;source3;08.07.2022
20103388;source2;28.07.2022
20104991;source3;09.07.2022
20105164;source3;10.07.2022
20103727;source2;06.07.2022
20103931;source2;09.07.2022
20103432;source1;28.07.2022
20103112;source3;23.07.2022
20105182;source1;04.07.2022
20105419;source1;12.07.2022
20104382;source3;15.07.2022
20103292;source2;20.07.2022
20103545;source2;28.07.2022
20104189;source1;06.07.2022
20103434;source2;25.07.2022
20103138;source2;03.07.2022
20103107;source3;02.07.2022
20103992;source2;03.07.2022
20103365;source3;29.07.2022
20103606;source2;25.07.2022
20104044;source3;30.07.2022
20104166;source1;02.07.2022
20105526;source1;23.07.2022
20105093;source1;09.07.2022
20103367;source3;02.07.2022
20103437;source2;02.07.2022
20104862;source3;19.07.2022
20104126;source2;23.07.2022
20104362;source2;22.07.2022
20105143;source1;30.07.2022
20103357;source1;19.07.2022
20104202;source3;16.07.2022
20103661;source2;20.07.2022
20104242;source1;17.07.2022
20103587;source1;08.07.2022
20103560;source1;23.07.2022
20103768;source3;23.07.2022
20104889;source3;15.07.2022
20103295;source1;09.07.2022
20103919;source3;03.07.2022
20103590;source2;22.07.2022
20103470;source2;21.07.2022
20104067;source3;06.07.2022
20105046;source2;29.07.2022
20104487;source2;19.07.2022
20104556;source1;11.07.2022
20104682;source1;09.07.2022
20103896;source2;21.07.2022
20105185;source1;06.07.2022
20104371;source2;02.07.2022
20103148;source3;28.07.2022
20103843;source3;09.07.2022
20105438;source1;19.07.2022
20105579;source3;27.07.2022
20103356;source3;02.07.2022
20103454;source3;30.07.2022
20103621;source2;13.07.2022
20104893;source3;25.07.2022
20104982;source3;29.07.2022
20105427;source3;28.07.2022
20103479;source2;08.07.2022
20104923;source1;21.07.2022
20105610;source3;07.07.2022
20103209;source2;28.07.2022
20103108;source3;05.07.2022
20103068;source3;16.07.2022
20104127;source2;06.07.2022
20105025;source2;09.07.2022
20105571;source2;27.07.2022
20104800;source3;05.07.2022
20104597;source2;17.07.2022
20104601;source2;06.07.2022
20104146;source3;20.07.2022
20104714;source2;30.07.2022
20104812;source2;28.07.2022
20104591;source3;23.07.2022
20104986;source3;29.07.2022
20104932;source2;05.07.2022
20103382;source3;16.07.2022
20103988;source2;26.07.2022
20103665;source2;10.07.2022
20103094;source1;04.07.2022
20105184;source1;05.07.2022
20103806;source2;13.07.2022
20104279;source2;24.07.2022
20103176;source2;28.07.2022
20103601;source3;15.07.2022
20105023;source3;09.07.2022
20103183;source3;13.07.2022
20103254;source2;10.07.2022
20104545;source2;11.07.2022
20104476;source3;26.07.2022
20105430;source1;17.07.2022
20105609;source3;13.07.2022
20104116;source1;09.07.2022
20104668;source2;13.07.2022
20105042;source2;04.07.2022
20104887;source3;24.07.2022
20104744;source1;23.07.2022
20103092;source3;01.07.2022
20105237;source2;10.07.2022
20103822;source3;26.07.2022
20104215;source2;30.07.2022
20103757;source3;26.07.2022
20104602;source3;26.07.2022
20104500;source2;01.07.2022
20104089;source1;17.07.2022
20104803;source1;25.07.2022
20103692;source2;29.07.2022
20103584;source3;19.07.2022
20105084;source3;30.07.2022
20103771;source1;22.07.2022
20105559;source2;01.07.2022
20103405;source1;08.07.2022
20104107;source2;19.07.2022
20105109;source2;05.07.2022
20103073;source2;23.07.2022
20105537;source3;18.07.2022
20104467;source3;28.07.2022
20103442;source2;17.07.2022
20104977;source2;24.07.2022
20103936;source3;12.07.2022
20104344;source3;11.07.2022
20103260;source2;03.07.2022
20103580;source3;28.07.2022
20103803;source2;30.07.2022
20103914;source2;26.07.2022
20103912;source2;26.07.2022
20103164;source2;12.07.2022
20103438;source2;18.07.2022
20105389;source2;05.07.2022
20105260;source1;27.07.2022
20103910;source3;22.07.2022
20104791;source3;15.07.2022
20104588;source2;04.07.2022
20103760;source3;30.07.2022
20103638;source2;23.07.2022
20103752;source2;19.07.2022
20105358;source3;01.07.2022
20104694;source3;15.07.2022
20104463;source1;26.07.2022
20104680;source3;24.07.2022
20105303;source2;09.07.2022
20104388;source1;13.07.2022
20104934;source3;05.07.2022
20103929;source2;13.07.2022
20105253;source1;03.07.2022
20104033;source1;19.07.2022
20103648;source2;30.07.2022
20104951;source2;02.07.2022
20103332;source2;17.07.2022
20103299;source1;23.07.2022
20104983;source2;02.07.2022
20104625;source1;21.07.2022
20104008;source2;27.07.2022
20103626;source1;03.07.2022
20103230;source1;27.07.2022
20104684;source1;05.07.2022
20104857;source3;10.07.2022
20105001;source1;23.07.2022
20103095;source2;15.07.2022
20104410;source3;13.07.2022
20104587;source1;21.07.2022
20104533;source3;01.07.2022
20103039;source2;16.07.2022
20104967;source3;27.07.2022
20104916;source2;03.07.2022
20105139;source3;26.07.2022
20105423;source3;16.07.2022
20105368;source1;13.07.2022
20103066;source3;10.07.2022
20103588;source1;08.07.2022
20103566;source2;07.07.2022
20103523;source2;24.07.2022
20104256;source3;16.07.2022
20105178;source3;07.07.2022
20105606;source2;09.07.2022
20104049;source2;04.07.2022
20103586;source3;26.07.2022
20103857;source1;19.07.2022
20104170;source1;20.07.2022
20105650;source3;26.07.2022
20103243;source3;14.07.2022
20103975;source3;19.07.2022
20104101;source3;01.07.2022
20103392;source3;19.07.2022
20103786;source1;12.07.2022
20105066;source2;22.07.2022
20105450;source1;22.07.2022
20104963;source3;21.07.2022
20104181;source3;05.07.2022
20105542;source3;08.07.2022
20103649;source1;11.07.2022
20104005;source1;28.07.2022
20105276;source2;07.07.2022
20103219;source3;10.07.2022
20103116;source3;21.07.2022
20105047;source3;05.07.2022
20103155;source3;01.07.2022
20103218;source1;14.07.2022
20104320;source3;03.07.2022
20103970;source1;01.07.2022
20104766;source2;04.07.2022
20103702;source2;26.07.2022
20105246;source2;27.07.2022
20104998;source1;02.07.2022
20103826;source2;09.07.2022
20103886;source2;06.07.2022
20104637;source3;21.07.2022
20103058;source3;04.07.2022
20103520;source3;06.07.2022
20103751;source3;03.07.2022
20105501;source1;10.07.2022
20104733;source3;12.07.2022
20105088;source3;11.07.2022
20103121;source2;07.07.2022
20103244;source1;29.07.2022
20104196;source3;05.07.2022
20103064;source3;29.07.2022
20103646;source3;26.07.2022
20103629;source3;07.07.2022
20104190;source2;08.07.2022
20105574;source1;08.07.2022
20105458;source3;29.07.2022
20104284;source3;21.07.2022
20103293;source3;23.07.2022
20105006;source1;10.07.2022
20105443;source1;27.07.2022
20104559;source3;08.07.2022
20104381;source3;15.07.2022
20104209;source3;08.07.2022
20103802;source1;09.07.2022
20104141;source3;06.07.2022
20104326;source3;11.07.2022
20103556;source3;10.07.2022
20103860;source1;09.07.2022
20104387;source2;28.07.2022
20103941;source2;29.07.2022
20105166;source2;05.07.2022
20105122;source3;23.07.2022
20104847;source2;21.07.2022
20103029;source3;18.07.2022
20105347;source2;02.07.2022
20104122;source3;21.07.2022
20103229;source1;04.07.2022
20103129;source1;18.07.2022
20104849;source2;04.07.2022
20104704;source1;18.07.2022
20103151;source1;30.07.2022
20103739;source3;20.07.2022
20105292;source2;23.07.2022
20103671;source1;22.07.2022
20104288;source3;11.07.2022
20104287;source3;30.07.2022
20105124;source3;03.07.2022
20105101;source2;10.07.2022
20103358;source2;19.07.2022
20103844;source3;20.07.2022
20103834;source2;27.07.2022
20103635;source1;27.07.2022
20105483;source3;05.07.2022
20105588;source1;30.07.2022
20103361;source2;04.07.2022
20103027;source2;03.07.2022
20104728;source2;09.07.2022
20105008;source2;02.07.2022
20104069;source2;14.07.2022
20103196;source2;12.07.2022
20103396;source2;10.07.2022
20105561;source1;23.07.2022
20105580;source3;15.07.2022
20103086;source3;05.07.2022
20105482;source2;25.07.2022
20104145;source1;07.07.2022
20103604;source2;14.07.2022
20105541;source2;07.07.2022
20103854;source1;14.07.2022
20105467;source3;08.07.2022
20103631;source2;28.07.2022
20105340;source1;10.07.2022
20104826;source3;04.07.2022
20104665;source1;12.07.2022
20105498;source1;02.07.2022
20103659;source2;25.07.2022
20104912;source3;22.07.2022
20103605;source3;13.07.2022
20105377;source2;14.07.2022
20104616;source1;11.07.2022
20104114;source3;20.07.2022
20104356;source2;01.07.2022
20103564;source3;15.07.2022
20105510;source3;29.07.2022
20105630;source1;06.07.2022
20103878;source3;11.07.2022
20103986;source1;11.07.2022
20105245;source3;30.07.2022
20103376;source3;28.07.2022
20104158;source2;18.07.2022
20105113;source2;23.07.2022
20103719;source1;17.07.2022
20103063;source2;12.07.2022
20103842;source3;28.07.2022
20104904;source3;29.07.2022
20104390;source3;02.07.2022
20105355;source2;02.07.2022
20104917;source3;20.07.2022
20104866;source3;15.07.2022
20104960;source1;26.07.2022
20105067;source1;28.07.2022
20104822;source2;05.07.2022
20103284;source3;14.07.2022
20105209;source2;30.07.2022
20104261;source3;02.07.2022
20103756;source3;25.07.2022
20105589;source2;30.07.2022
20105554;source2;03.07.2022
20105651;source3;20.07.2022
20105619;source3;30.07.2022
20105225;source2;11.07.2022
20105062;source2;28.07.2022
20103418;source2;29.07.2022
20104683;source3;21.07.2022
20103969;source1;20.07.2022
20103072;source2;01.07.2022
20103707;source2;17.07.2022
20104843;source2;15.07.2022
20103017;source3;04.07.2022
20104295;source1;07.07.2022
20105452;source3;28.07.2022
20104731;source2;21.07.2022
20105620;source3;20.07.2022
20105381;source3;08.07.2022
20103534;source1;09.07.2022
20103079;source1;05.07.2022
20104430;source2;11.07.2022
20105234;source3;24.07.2022
20103114;source3;08.07.2022
20104119;source1;01.07.2022
20104565;source1;02.07.2022
20103449;source3;10.07.2022
20104164;source1;18.07.2022
20105020;source2;13.07.2022
20104878;source2;13.07.2022
20105290;source1;03.07.2022
20103708;source1;01.07.2022
20103825;source2;15.07.2022
20104366;source3;03.07.2022
20103704;source2;19.07.2022
20104465;source2;24.07.2022
20104974;source1;25.07.2022
20105570;source3;15.07.2022
20103453;source1;03.07.2022
20104617;source2;08.07.2022
20103763;source2;10.07.2022
20105074;source3;11.07.2022
20105370;source2;10.07.2022
20104550;source2;13.07.2022
20103797;source1;10.07.2022
20103672;source3;14.07.2022
20104941;source2;13.07.2022
20104117;source3;30.07.2022
20104823;source3;06.07.2022
20105128;source3;19.07.2022
20104712;source3;12.07.2022
20105296;source1;07.07.2022
20104772;source2;19.07.2022
20105145;source3;14.07.2022
20105028;source2;22.07.2022
20103945;source3;27.07.2022
20105011;source2;23.07.2022
20104928;source3;25.07.2022
20103812;source3;09.07.2022
20104851;source1;13.07.2022
20104569;source2;25.07.2022
20104272;source3;28.07.2022
20103065;source1;24.07.2022
20104492;source2;04.07.2022
20103186;source2;29.07.2022
20104475;source1;02.07.2022
20103141;source3;09.07.2022
20104247;source1;13.07.2022
20103965;source3;25.07.2022
20104504;source1;04.07.2022
20105456;source2;18.07.2022
20103630;source1;05.07.2022
20104373;source1;02.07.2022
20103746;source1;09.07.2022
20103210;source2;30.07.2022
20104309;source2;07.07.2022
20103836;source3;21.07.2022
20104663;source2;23.07.2022
20103264;source3;21.07.2022
20103536;source1;18.07.2022
20104129;source2;16.07.2022
20104210;source1;02.07.2022
20105312;source3;25.07.2022
20103640;source3;28.07.2022
20105451;source1;30.07.2022
20103561;source3;21.07.2022
20103792;source1;14.07.2022
20104462;source2;20.07.2022
20104641;source3;10.07.2022
20103439;source2;17.07.2022
20103734;source1;07.07.2022
20103417;source2;08.07.2022
20105224;source2;14.07.2022
20104294;source1;20.07.2022
20103318;source2;29.07.2022
20104836;source2;18.07.2022
20104376;source2;25.07.2022
20105187;source2;12.07.2022
20104837;source1;18.07.2022
20104880;source2;16.07.2022
20105136;source3;20.07.2022
20105563;source1;04.07.2022
20104899;source3;04.07.2022
20104795;source1;21.07.2022
20103736;source3;30.07.2022
20104499;source2;17.07.2022
20105659;source2;07.07.2022
20103944;source2;07.07.2022
20103849;source1;30.07.2022
20105069;source1;03.07.2022
20104330;source1;05.07.2022
20105172;source3;07.07.2022
20104438;source3;25.07.2022
20104377;source2;30.07.2022
20103892;source1;18.07.2022
20105174;source3;28.07.2022
20105275;source3;07.07.2022
20104607;source3;01.07.2022
20103023;source1;06.07.2022
20105197;source2;02.07.2022
20103271;source2;26.07.2022
20105125;source3;30.07.2022
20104926;source2;18.07.2022
20103625;source1;04.07.2022
20105459;source2;09.07.2022
20103355;source3;15.07.2022
20103464;source1;11.07.2022
20103518;source2;15.07.2022
20104903;source2;03.07.2022
20104784;source3;21.07.2022
20104085;source3;25.07.2022
20104973;source2;07.07.2022
20105395;source2;04.07.2022
20104155;source2;27.07.2022
20104439;source1;01.07.2022
20105519;source3;28.07.2022
20105640;source1;02.07.2022
20103939;source1;15.07.2022
20104578;source3;15.07.2022
20105167;source2;08.07.2022
20103198;source3;01.07.2022
20103971;source1;06.07.2022
20103932;source2;30.07.2022
20103781;source1;24.07.2022
20105520;source1;21.07.2022
20103675;source1;14.07.2022
20104447;source3;30.07.2022
20105401;source2;29.07.2022
20105562;source3;10.07.2022
20103544;source3;14.07.2022
20104764;source2;11.07.2022
20103602;source2;09.07.2022
20104223;source2;10.07.2022
20103791;source2;22.07.2022
20105655;source3;28.07.2022
20105544;source3;13.07.2022
20105211;source2;03.07.2022
20103128;source1;03.07.2022
20105324;source3;01.07.2022
20104655;source1;07.07.2022
20104404;source2;22.07.2022
20104713;source1;13.07.2022
20104562;source3;29.07.2022
20104118;source2;08.07.2022
20104763;source3;29.07.2022
20105638;source3;05.07.2022
20104277;source2;10.07.2022
20105257;source2;19.07.2022
20105653;source3;21.07.2022
20103140;source1;08.07.2022
20103440;source1;12.07.2022
20105152;source2;09.07.2022
20103061;source3;14.07.2022
20105226;source3;24.07.2022
20103037;source3;04.07.2022
20104226;source1;18.07.2022
20104076;source2;15.07.2022
20104626;source3;13.07.2022
20104241;source3;10.07.2022
20104595;source2;12.07.2022
20103576;source2;21.07.2022
20104498;source3;22.07.2022
20105029;source2;15.07.2022
20105299;source1;10.07.2022
20105360;source3;14.07.2022
20105391;source2;17.07.2022
20103412;source1;22.07.2022
20103249;source2;11.07.2022
20104773;source2;01.07.2022
20104751;source3;11.07.2022
20105548;source3;11.07.2022
20103807;source2;21.07.2022
20103597;source2;30.07.2022
20104525;source1;26.07.2022
20103593;source3;11.07.2022
20104480;source2;15.07.2022
20103015;source1;27.07.2022
20104197;source2;06.07.2022
20103483;source1;12.07.2022
20104883;source3;04.07.2022
20104603;source2;20.07.2022
20105012;source3;17.07.2022
20103189;source2;27.07.2022
20105511;source2;13.07.2022
20105220;source1;24.07.2022
20104781;source3;07.07.2022
20103372;source2;27.07.2022
20104959;source2;25.07.2022
20105233;source1;20.07.2022
20103463;source1;29.07.2022
20105102;source2;06.07.2022
20104997;source2;23.07.2022
20103169;source1;27.07.2022
20104954;source1;02.07.2022
20104727;source3;28.07.2022
20104490;source3;24.07.2022
20103078;source2;30.07.2022
20103850;source1;10.07.2022
20103554;source3;22.07.2022
20103149;source1;29.07.2022
20103577;source3;16.07.2022
20105134;source3;25.07.2022
20103774;source2;02.07.2022
20104721;source2;20.07.2022
20103927;source3;30.07.2022
20105055;source1;05.07.2022
20104515;source1;11.07.2022
20105392;source2;04.07.2022
20103090;source3;04.07.2022
20105447;source3;07.07.2022
20104761;source3;11.07.2022
20103069;source2;16.07.2022
20104667;source2;19.07.2022
20104358;source1;23.07.2022
20103582;source3;02.07.2022
20104484;source1;27.07.2022
20105311;source3;01.07.2022
20103232;source3;18.07.2022
20103373;source2;08.07.2022
20104948;source3;17.07.2022
20103181;source1;13.07.2022
20104725;source1;27.07.2022
20103410;source2;15.07.2022
20104865;source3;20.07.2022
20103894;source3;14.07.2022
20103572;source2;12.07.2022
20104054;source2;26.07.2022
20105351;source3;01.07.2022
20104584;source2;14.07.2022
20104867;source3;22.07.2022
20103699;source2;11.07.2022
20103324;source3;03.07.2022
20103972;source3;15.07.2022
20104921;source3;06.07.2022
20104520;source1;07.07.2022
20105206;source3;20.07.2022
20104150;source2;25.07.2022
20103173;source3;12.07.2022
20104128;source2;20.07.2022
20104263;source2;29.07.2022
20104251;source2;01.07.2022
20105652;source2;01.07.2022
20104532;source2;10.07.2022
20104671;source1;19.07.2022
20104399;source3;19.07.2022
20104048;source2;08.07.2022
20103828;source3;03.07.2022
20104522;source3;17.07.2022
20103122;source2;29.07.2022
20103491;source3;11.07.2022
20105284;source2;27.07.2022
20104257;source3;30.07.2022
20103539;source1;03.07.2022
20103821;source3;18.07.2022
20105387;source1;14.07.2022
20103091;source1;15.07.2022
20103543;source2;08.07.2022
20103620;source3;22.07.2022
20103273;source1;15.07.2022
20103995;source2;30.07.2022
20104877;source3;30.07.2022
20103110;source3;18.07.2022
20105177;source3;24.07.2022
20103998;source3;24.07.2022
20103985;source2;05.07.2022
20105462;source2;25.07.2022
20103097;source3;02.07.2022
20105531;source3;08.07.2022
20104012;source2;16.07.2022
20104879;source3;22.07.2022
20104108;source1;30.07.2022
20104297;source2;27.07.2022
20103938;source1;19.07.2022
20104688;source2;18.07.2022
20103813;source3;28.07.2022
20104140;source1;25.07.2022
20103211;source3;04.07.2022
20104631;source3;25.07.2022
20103490;source2;05.07.2022
20103004;source3;16.07.2022
20104271;source2;19.07.2022
20103954;source3;08.07.2022
20103226;source1;10.07.2022
20103377;source3;05.07.2022
20104860;source1;24.07.2022
20103926;source2;01.07.2022
20105647;source1;28.07.2022
20105266;source2;08.07.2022
20105424;source1;12.07.2022
20104212;source2;15.07.2022
20103384;source3;14.07.2022
20103920;source2;22.07.2022
20104719;source3;20.07.2022
20104445;source3;15.07.2022
20103730;source3;19.07.2022
20105100;source1;25.07.2022
20103885;source1;27.07.2022
20105331;source3;29.07.2022
20103167;source2;03.07.2022
20104759;source3;01.07.2022
20103433;source3;15.07.2022
20105643;source2;10.07.2022
20105027;source2;15.07.2022
20105664;source2;09.07.2022
20103856;source1;27.07.2022
20105071;source3;11.07.2022
20104634;source1;27.07.2022
20103510;source1;26.07.2022
20104869;source1;19.07.2022
20105277;source2;27.07.2022
20104664;source2;06.07.2022
20105409;source3;27.07.2022
20103904;source2;17.07.2022
20103187;source3;08.07.2022
20105621;source2;06.07.2022
20103383;source3;08.07.2022
20105349;source3;19.07.2022
20103799;source3;10.07.2022
20103571;source3;30.07.2022
20104343;source1;15.07.2022
20104750;source1;08.07.2022
20103342;source3;07.07.2022
20103681;source2;25.07.2022
20104939;source2;21.07.2022
20104252;source2;04.07.2022
20103424;source3;17.07.2022
20103329;source2;03.07.2022
20104557;source3;30.07.2022
20104045;source3;21.07.2022
20104735;source2;10.07.2022
20104850;source2;09.07.2022
20105153;source2;27.07.2022
20105415;source1;22.07.2022
20103735;source1;03.07.2022
20104875;source2;04.07.2022
20103509;source3;20.07.2022
20103298;source3;07.07.2022
20103267;source3;18.07.2022
20105663;source2;30.07.2022
20103259;source2;28.07.2022
20105345;source3;26.07.2022
20103558;source3;20.07.2022
20103765;source1;10.07.2022
20103278;source3;23.07.2022
20103165;source2;21.07.2022
20105536;source3;30.07.2022
20104831;source2;03.07.2022
20105665;source1;24.07.2022
20104357;source2;22.07.2022
20103579;source3;12.07.2022
20104975;source3;08.07.2022
20104103;source1;02.07.2022
20104073;source3;23.07.2022
20104426;source1;10.07.2022
20105598;source2;26.07.2022
20104391;source2;21.07.2022
20104265;source2;16.07.2022
20103784;source2;13.07.2022
20105539;source1;04.07.2022
20103124;source3;15.07.2022
20105052;source3;26.07.2022
20103052;source2;14.07.2022
20103056;source2;27.07.2022
20105335;source3;18.07.2022
20103202;source3;08.07.2022
20104898;source2;17.07.2022
20105057;source2;07.07.2022
20103216;source2;25.07.2022
20105230;source3;21.07.2022
20104737;source1;18.07.2022
20105534;source1;21.07.2022
20104567;source3;16.07.2022
20104159;source1;22.07.2022
20103599;source3;11.07.2022
20105449;source3;25.07.2022
20103323;source3;10.07.2022
20104734;source3;23.07.2022
20105191;source1;17.07.2022
20104919;source3;25.07.2022
20104246;source3;26.07.2022
20105157;source3;12.07.2022
20104325;source2;07.07.2022
20105454;source1;07.07.2022
20104970;source1;01.07.2022
20105018;source2;19.07.2022
20104026;source2;01.07.2022
20103341;source1;19.07.2022
20105169;source2;24.07.2022
20103109;source3;30.07.2022
20105107;source2;22.07.2022
20105639;source3;14.07.2022
20104019;source1;07.07.2022
20105119;source2;11.07.2022
20103628;source3;15.07.2022
20104513;source3;13.07.2022
20105608;source3;07.07.2022
20103641;source2;23.07.2022
20103738;source3;15.07.2022
20103869;source3;30.07.2022
20103714;source1;07.07.2022
20105149;source1;13.07.2022
20103024;source2;10.07.2022
20103300;source2;26.07.2022
20105265;source1;22.07.2022
20104444;source3;11.07.2022
20103208;source2;23.07.2022
20104327;source2;01.07.2022
20103411;source1;27.07.2022
20105194;source3;26.07.2022
20103578;source3;26.07.2022
20103443;source3;16.07.2022
20103282;source2;05.07.2022
20105432;source3;25.07.2022
20103101;source3;30.07.2022
20104191;source1;13.07.2022
20103541;source1;08.07.2022
20103645;source3;28.07.2022
20104414;source1;08.07.2022
20104956;source2;03.07.2022
20103949;source2;23.07.2022
20103378;source1;10.07.2022
20105200;source1;09.07.2022
20105072;source2;17.07.2022
20104130;source2;04.07.2022
20104990;source2;20.07.2022
20103703;source3;09.07.2022
20103720;source1;01.07.2022
20104424;source1;17.07.2022
20104460;source3;05.07.2022
20103815;source3;18.07.2022
20103691;source3;12.07.2022
20103235;source3;24.07.2022
20104799;source1;13.07.2022
20103147;source2;15.07.2022
20103402;source1;11.07.2022
20105140;source3;09.07.2022
20104198;source3;08.07.2022
20103005;source3;14.07.2022
20105279;source2;29.07.2022
20104778;source3;04.07.2022
20104754;source2;04.07.2022
20105089;source1;16.07.2022
20103319;source3;08.07.2022
20103952;source1;05.07.2022
20104125;source3;25.07.2022
20104929;source1;24.07.2022
20103600;source3;11.07.2022
20104042;source2;28.07.2022
20103252;source1;09.07.2022
20103514;source2;01.07.2022
20105342;source3;19.07.2022
20104901;source2;05.07.2022
20104021;source2;02.07.2022
20104575;source2;22.07.2022
20103928;source1;25.07.2022
20103487;source2;29.07.2022
20105556;source2;25.07.2022
20105379;source3;30.07.2022
20103676;source2;14.07.2022
20103465;source3;07.07.2022
20103996;source3;28.07.2022
20105382;source2;06.07.2022
20105499;source1;13.07.2022
20103980;source3;06.07.2022
20105150;source3;27.07.2022
20105421;source2;23.07.2022
20105203;source2;22.07.2022
20105315;source3;08.07.2022
20104173;source2;07.07.2022
20103191;source1;20.07.2022
20104581;source3;02.07.2022
20104805;source2;12.07.2022
20103115;source1;01.07.2022
20105094;source1;09.07.2022
20103297;source2;08.07.2022
20104621;source2;15.07.2022
20105404;source2;13.07.2022
20103610;source2;29.07.2022
20104531;source2;03.07.2022
20103964;source1;16.07.2022
20105014;source2;23.07.2022
20104009;source3;24.07.2022
20104137;source2;18.07.2022
20103778;source2;07.07.2022
20103874;source2;02.07.2022
20104813;source3;13.07.2022
20103212;source2;20.07.2022
20103616;source2;05.07.2022
20103290;source1;10.07.2022
20104162;source3;26.07.2022
20105142;source2;12.07.2022
20104337;source1;14.07.2022
20103669;source3;03.07.2022
20104691;source3;22.07.2022
20104942;source1;08.07.2022
20103217;source2;21.07.2022
20105617;source3;11.07.2022
20105099;source3;28.07.2022
20104810;source2;17.07.2022
20105633;source3;04.07.2022
20103552;source3;26.07.2022
20105221;source2;08.07.2022
20104707;source2;17.07.2022
20103495;source3;15.07.2022
20104194;source3;02.07.2022
20104227;source3;16.07.2022
20105422;source2;24.07.2022
20105118;source1;28.07.2022
20105402;source3;12.07.2022
20105470;source2;27.07.2022
20105210;source3;12.07.2022
20104861;source1;30.07.2022
20104472;source3;06.07.2022
20103759;source1;10.07.2022
20105394;source1;19.07.2022
20104053;source3;17.07.2022
20103977;source3;12.07.2022
20104109;source3;07.07.2022
20104384;source1;17.07.2022
20104423;source1;16.07.2022
20103070;source2;09.07.2022
20105155;source2;23.07.2022
20105375;source1;21.07.2022
20105254;source3;26.07.2022
20103795;source2;13.07.2022
20103354;source3;07.07.2022
20104481;source2;05.07.2022
20104624;source1;13.07.2022
20103863;source2;01.07.2022
20103246;source3;01.07.2022
20103769;source3;29.07.2022
20103678;source3;22.07.2022
20104976;source2;08.07.2022
20105576;source3;09.07.2022
20104031;source3;10.07.2022
20103305;source1;19.07.2022
20104536;source3;30.07.2022
20105601;source3;24.07.2022
20105540;source3;29.07.2022
20105416;source1;14.07.2022
20103754;source1;01.07.2022
20103158;source2;13.07.2022
20105341;source3;16.07.2022
20105313;source1;06.07.2022
20104679;source3;03.07.2022
20105518;source3;26.07.2022
20103076;source3;07.07.2022
20104361;source1;14.07.2022
20103798;source2;06.07.2022
20103177;source3;09.07.2022
20103059;source2;18.07.2022
20104652;source3;10.07.2022
20105455;source1;01.07.2022
20103658;source1;18.07.2022
20103994;source1;20.07.2022
20105111;source2;11.07.2022
20104612;source2;20.07.2022
20103415;source1;01.07.2022
20104493;source2;23.07.2022
20105393;source3;17.07.2022
20104043;source3;03.07.2022
20105508;source2;13.07.2022
20105095;source3;12.07.2022
20104479;source1;22.07.2022
20104546;source3;21.07.2022
20103930;source1;15.07.2022
20104706;source3;14.07.2022
20105181;source3;03.07.2022
20105572;source1;20.07.2022
20105662;source2;04.07.2022
20103308;source3;18.07.2022
20104745;source2;29.07.2022
20104802;source2;09.07.2022
20105445;source2;19.07.2022
20104204;source1;07.07.2022
20103386;source2;28.07.2022
20103171;source2;26.07.2022
20105605;source2;04.07.2022
20104471;source2;04.07.2022
20103861;source3;26.07.2022
20103311;source3;27.07.2022
20103157;source2;11.07.2022
20105371;source2;16.07.2022
20104299;source1;10.07.2022
20104350;source1;29.07.2022
20103214;source2;27.07.2022
20103533;source1;28.07.2022
20103083;source2;21.07.2022
20103159;source2;15.07.2022
20103680;source3;22.07.2022
20103008;source1;23.07.2022
20104580;source2;12.07.2022
20104433;source2;10.07.2022
20103827;source3;28.07.2022
20105195;source1;19.07.2022
20103385;source3;18.07.2022
20104524;source2;22.07.2022
20103012;source2;01.07.2022
20104839;source2;27.07.2022
20103783;source1;05.07.2022
20105507;source2;09.07.2022
20105117;source3;08.07.2022
20104635;source2;20.07.2022
20103651;source3;27.07.2022
20103320;source1;05.07.2022
20104403;source3;27.07.2022
20104829;source1;21.07.2022
20103245;source2;24.07.2022
20104219;source2;25.07.2022
20104508;source3;30.07.2022
20103624;source2;16.07.2022
20104240;source2;04.07.2022
20105146;source3;23.07.2022
20104133;source3;23.07.2022
20105590;source3;01.07.2022
20105298;source2;19.07.2022
20103096;source1;15.07.2022
20105631;source3;20.07.2022
20103306;source3;09.07.2022
20103494;source1;27.07.2022
20104079;source2;13.07.2022
20105405;source1;15.07.2022
20105495;source1;17.07.2022
20104718;source3;10.07.2022
20103903;source2;25.07.2022
20104681;source2;20.07.2022
20103391;source3;15.07.2022
20104593;source3;22.07.2022
20105132;source1;06.07.2022
20104341;source2;26.07.2022
20104972;source2;03.07.2022
20104798;source1;04.07.2022
20104564;source1;02.07.2022
20105208;source3;27.07.2022
20105569;source3;17.07.2022
20103772;source2;02.07.2022
20103099;source3;04.07.2022
20103331;source2;21.07.2022
20105545;source1;05.07.2022
20105436;source3;13.07.2022
20105408;source3;11.07.2022
20103893;source1;02.07.2022
20104369;source2;26.07.2022
20103814;source1;24.07.2022
20105591;source3;24.07.2022
20104529;source1;15.07.2022
20104436;source3;24.07.2022
20103258;source3;15.07.2022
20105490;source2;28.07.2022
20105444;source3;13.07.2022
20104290;source2;26.07.2022
20103873;source3;28.07.2022
20105159;source2;27.07.2022
20104243;source2;05.07.2022
20104640;source1;16.07.2022
20103234;source2;19.07.2022
20104627;source2;26.07.2022
20105353;source1;15.07.2022
20103185;source1;13.07.2022
20103131;source2;13.07.2022
20103472;source2;16.07.2022
20104762;source2;06.07.2022
20104686;source3;03.07.2022
20103895;source3;02.07.2022
20103897;source2;18.07.2022
20104687;source1;09.07.2022
20104094;source1;12.07.2022
20103508;source2;04.07.2022
20105522;source2;17.07.2022
20105547;source2;11.07.2022
20105533;source3;16.07.2022
20105013;source3;17.07.2022
20104651;source2;09.07.2022
20104927;source2;14.07.2022
20103100;source2;23.07.2022
20103224;source3;02.07.2022
20103088;source1;26.07.2022
20104692;source1;28.07.2022
20105103;source3;08.07.2022
20104613;source3;22.07.2022
20103997;source3;23.07.2022
20103170;source2;16.07.2022
20105114;source2;03.07.2022
20105491;source2;14.07.2022
20105334;source3;03.07.2022
20105049;source1;30.07.2022
20104573;source2;25.07.2022
20104830;source3;09.07.2022
20105480;source1;23.07.2022
20104185;source1;17.07.2022
20104693;source2;03.07.2022
20104396;source3;12.07.2022
20105193;source3;12.07.2022
20103570;source3;11.07.2022
20105385;source3;18.07.2022
20105592;source3;19.07.2022
20103851;source3;01.07.2022
20105485;source2;24.07.2022
20104000;source3;29.07.2022
20105400;source3;20.07.2022
20104943;source3;13.07.2022
20105573;source3;08.07.2022
20104047;source2;25.07.2022
20103838;source2;14.07.2022
20104029;source3;03.07.2022
20104794;source2;21.07.2022
20103525;source1;28.07.2022
20104115;source1;24.07.2022
20103726;source1;11.07.2022
20103955;source1;08.07.2022
20103522;source3;09.07.2022
20103016;source2;25.07.2022
20103656;source3;03.07.2022
20103089;source1;18.07.2022
20103387;source2;23.07.2022
20104708;source2;23.07.2022
20104354;source1;07.07.2022
20103984;source1;20.07.2022
20105261;source2;24.07.2022
20105343;source2;13.07.2022
20104517;source2;02.07.2022
20103637;source2;02.07.2022
20105558;source2;06.07.2022
20103619;source1;06.07.2022
20105461;source2;07.07.2022
20103690;source2;19.07.2022
20103935;source2;05.07.2022
20105649;source3;05.07.2022
20104092;source3;20.07.2022
20104894;source3;30.07.2022
20103257;source2;17.07.2022
20103627;source2;16.07.2022
20103419;source2;21.07.2022
20104747;source1;23.07.2022
20105249;source2;12.07.2022
20103275;source1;24.07.2022
20103655;source2;04.07.2022
20104087;source2;18.07.2022
20104231;source1;17.07.2022
20104195;source1;23.07.2022
20105361;source2;09.07.2022
20104835;source3;10.07.2022
20104375;source1;25.07.2022
20103130;source2;18.07.2022
20105301;source3;05.07.2022
20104855;source3;28.07.2022
20104161;source2;07.07.2022
20104852;source2;28.07.2022
20103559;source3;19.07.2022
20104346;source3;14.07.2022
20105022;source3;09.07.2022
20103067;source2;09.07.2022
20105228;source1;11.07.2022
20104074;source3;30.07.2022
20103837;source3;06.07.2022
20105267;source2;06.07.2022
20105189;source1;09.07.2022
20103660;source2;19.07.2022
20105506;source1;08.07.2022
20104600;source2;27.07.2022
20103697;source1;03.07.2022
20103701;source3;14.07.2022
20104183;source3;10.07.2022
20103362;source2;20.07.2022
20105026;source3;16.07.2022
20105384;source2;07.07.2022
20104589;source2;08.07.2022
20104124;source2;16.07.2022
20105307;source3;04.07.2022
20105087;source2;01.07.2022
20103915;source2;20.07.2022
20103326;source1;29.07.2022
20103859;source3;07.07.2022
20105091;source3;15.07.2022
20103203;source2;17.07.2022
20104314;source3;26.07.2022
20104459;source3;15.07.2022
20105362;source3;04.07.2022
20105494;source1;07.07.2022
20105441;source2;23.07.2022
20105550;source2;14.07.2022
20103934;source1;16.07.2022
20104608;source1;16.07.2022
20103877;source1;14.07.2022
20104659;source3;16.07.2022
20105439;source2;11.07.2022
20105628;source2;27.07.2022
20103111;source3;03.07.2022
20103242;source3;20.07.2022
20103485;source1;12.07.2022
20105264;source2;16.07.2022
20104900;source3;21.07.2022
20104742;source2;26.07.2022
20103668;source2;09.07.2022
20103963;source2;24.07.2022
20105039;source2;21.07.2022
20104090;source3;18.07.2022
20105077;source2;01.07.2022
20104491;source3;27.07.2022
20103270;source1;09.07.2022
20103820;source2;05.07.2022
20104746;source1;18.07.2022
20104554;source3;03.07.2022
20105505;source1;04.07.2022
20104010;source3;21.07.2022
20104154;source3;10.07.2022
20105076;source3;01.07.2022
20105597;source2;13.07.2022
20103369;source1;25.07.2022
20104780;source2;03.07.2022
20103575;source2;14.07.2022
20103462;source3;13.07.2022
20104510;source3;08.07.2022
20103044;source1;20.07.2022
20103473;source1;03.07.2022
20104828;source1;29.07.2022
20105489;source3;16.07.2022
20103025;source2;15.07.2022
20104610;source1;13.07.2022
20103745;source2;23.07.2022
20104186;source3;13.07.2022
20104428;source3;10.07.2022
20103695;source1;28.07.2022
20105613;source2;07.07.2022
20104238;source3;03.07.2022
20103831;source2;05.07.2022
20104339;source3;29.07.2022
20105054;source1;04.07.2022
20105030;source1;04.07.2022
20103222;source3;04.07.2022
20103010;source2;28.07.2022
20104732;source3;22.07.2022
20105366;source3;19.07.2022
20103427;source2;05.07.2022
20104583;source2;26.07.2022
20105634;source1;15.07.2022
20103682;source2;21.07.2022
20103071;source1;20.07.2022
20103406;source3;28.07.2022
20103810;source3;10.07.2022
20105104;source3;13.07.2022
20104096;source3;03.07.2022
20104886;source3;24.07.2022
20105238;source2;21.07.2022
20104121;source2;07.07.2022
20105255;source2;04.07.2022
20105297;source2;22.07.2022
20103953;source2;05.07.2022
20103913;source1;06.07.2022
20103142;source1;01.07.2022
20103905;source1;30.07.2022
20104511;source2;06.07.2022
20105656;source2;07.07.2022
20103310;source1;01.07.2022
20103966;source3;15.07.2022
20103087;source3;12.07.2022
20105286;source3;20.07.2022
20105478;source2;23.07.2022
20104454;source3;12.07.2022
20104072;source2;04.07.2022
20103788;source2;10.07.2022
20103160;source3;02.07.2022
20104395;source2;17.07.2022
20104316;source3;08.07.2022
20104859;source1;29.07.2022
20103051;source2;28.07.2022
20105032;source1;02.07.2022
20104701;source3;29.07.2022
20103236;source2;16.07.2022
20104336;source3;13.07.2022
20104777;source2;30.07.2022
20105356;source2;30.07.2022
20103674;source1;04.07.2022
20104905;source3;17.07.2022
20103852;source2;01.07.2022
20104833;source1;19.07.2022
20104095;source1;29.07.2022
20105162;source3;30.07.2022
20104383;source1;17.07.2022
20104269;source2;25.07.2022
20104911;source2;22.07.2022
20104254;source2;01.07.2022
20103596;source1;03.07.2022
20104435;source2;24.07.2022
20104466;source2;04.07.2022
20104310;source1;03.07.2022
20104521;source2;30.07.2022
20103353;source2;07.07.2022
20103460;source1;10.07.2022
20103486;source2;24.07.2022
20104298;source3;29.07.2022
20103399;source3;29.07.2022
20104179;source1;25.07.2022
20103801;source3;29.07.2022
20104363;source1;03.07.2022
20103845;source2;23.07.2022
20103899;source3;03.07.2022
20104512;source3;14.07.2022
20104502;source2;09.07.2022
20105120;source3;04.07.2022
20103314;source1;21.07.2022
20104397;source1;28.07.2022
20104769;source2;22.07.2022
20104329;source2;17.07.2022
20105285;source2;02.07.2022
20103459;source2;19.07.2022
20104335;source2;26.07.2022
20104345;source2;21.07.2022
20105488;source1;25.07.2022
20104918;source2;13.07.2022
20103118;source2;22.07.2022
20103255;source1;15.07.2022
20104372;source3;18.07.2022
20104139;source2;08.07.2022
20104864;source2;21.07.2022
20103750;source1;02.07.2022
20103923;source3;15.07.2022
20103006;source2;01.07.2022
20103505;source2;20.07.2022
20103307;source2;30.07.2022
20105217;source2;21.07.2022
20104690;source3;14.07.2022
20103848;source2;23.07.2022
20104947;source2;23.07.2022
20104110;source2;30.07.2022
20103943;source1;09.07.2022
20103613;source3;24.07.2022
20105378;source3;01.07.2022
20103033;source3;06.07.2022
20105041;source2;25.07.2022
20104427;source3;05.07.2022
20103823;source1;19.07.2022
20103336;source1;20.07.2022
20104841;source3;04.07.2022
20104217;source2;08.07.2022
20104443;source3;15.07.2022
20104590;source1;30.07.2022
20105453;source2;28.07.2022
20105584;source3;16.07.2022
20104506;source2;02.07.2022
20103981;source1;20.07.2022
20104308;source2;02.07.2022
20104598;source1;03.07.2022
20103048;source1;15.07.2022
20104222;source2;10.07.2022
20104662;source2;12.07.2022
20103262;source2;30.07.2022
20104820;source1;26.07.2022
20104100;source2;02.07.2022
20103180;source1;12.07.2022
20104149;source2;10.07.2022
20105183;source2;07.07.2022
20103350;source2;04.07.2022
20103280;source1;11.07.2022
20105612;source2;26.07.2022
20105593;source3;19.07.2022
20104771;source3;30.07.2022
20104518;source3;10.07.2022
20104378;source3;25.07.2022
20103898;source1;09.07.2022
20104787;source2;12.07.2022
20105418;source2;01.07.2022
20103883;source2;15.07.2022
20104203;source1;07.07.2022
20104187;source2;21.07.2022
20104236;source2;13.07.2022
20103693;source2;23.07.2022
20103982;source3;06.07.2022
20103312;source3;05.07.2022
20103398;source3;15.07.2022
20104180;source1;21.07.2022
20103413;source3;19.07.2022
20104793;source2;02.07.2022
20105050;source1;26.07.2022
20104193;source1;03.07.2022
20104292;source1;03.07.2022
20104505;source2;27.07.2022
20104722;source2;23.07.2022
20103868;source2;02.07.2022
20105212;source1;25.07.2022
20103302;source3;08.07.2022
20104028;source2;16.07.2022
20104448;source3;09.07.2022
20104338;source1;24.07.2022
20103194;source1;19.07.2022
20105354;source1;23.07.2022
20104723;source2;06.07.2022
20105602;source3;18.07.2022
20103009;source3;09.07.2022
20103591;source2;25.07.2022
20104035;source2;06.07.2022
20105658;source3;07.07.2022
20104177;source1;15.07.2022
20105207;source2;27.07.2022
20103013;source2;20.07.2022
20105487;source2;15.07.2022
20105440;source2;04.07.2022
20103947;source1;18.07.2022
20104416;source1;16.07.2022
20104730;source3;26.07.2022
20104685;source2;21.07.2022
20104040;source1;29.07.2022
20105059;source1;11.07.2022
20103349;source1;07.07.2022
20105229;source3;02.07.2022
20104113;source2;06.07.2022
20103340;source3;29.07.2022
20103450;source3;10.07.2022
20105131;source3;16.07.2022
20104276;source2;03.07.2022
20103381;source2;09.07.2022
20105642;source2;09.07.2022
20103684;source2;29.07.2022
20103663;source1;12.07.2022
20104208;source2;04.07.2022
20104123;source3;03.07.2022
20103366;source3;18.07.2022
20105660;source2;12.07.2022
20105268;source3;18.07.2022
20105479;source2;25.07.2022
20103011;source3;25.07.2022
20104966;source2;24.07.2022
20105437;source2;15.07.2022
20104003;source3;21.07.2022
20104051;source2;09.07.2022
20103500;source3;09.07.2022
20105070;source1;04.07.2022
20105641;source3;02.07.2022
20104307;source2;23.07.2022
20103313;source1;13.07.2022
20104944;source2;14.07.2022
20104111;source1;02.07.2022
20104945;source2;19.07.2022
20103174;source1;30.07.2022
20104700;source3;10.07.2022
20103139;source3;24.07.2022
20103569;source3;10.07.2022
20105516;source3;08.07.2022
20104281;source3;01.07.2022
20105083;source1;29.07.2022
20104675;source3;14.07.2022
20103608;source3;07.07.2022
20103445;source2;11.07.2022
20104178;source2;09.07.2022
20104774;source2;24.07.2022
20103322;source2;19.07.2022
20104768;source3;29.07.2022
20103618;source3;30.07.2022
20105016;source2;01.07.2022
20104739;source1;16.07.2022
20105328;source3;10.07.2022
20103829;source3;10.07.2022
20104896;source3;28.07.2022
20103811;source3;11.07.2022
20104165;source1;10.07.2022
20104821;source2;15.07.2022
20105364;source3;08.07.2022
20104411;source3;16.07.2022
20104698;source1;16.07.2022
20104017;source2;30.07.2022
20103956;source3;10.07.2022
20103053;source1;10.07.2022
20105223;source3;05.07.2022
20104915;source3;26.07.2022
20104206;source2;29.07.2022
20103046;source3;07.07.2022
20103722;source2;02.07.2022
20103497;source2;30.07.2022
20105585;source3;05.07.2022
20104740;source1;19.07.2022
20103948;source3;05.07.2022
20103819;source2;11.07.2022
20103477;source2;19.07.2022
20103150;source1;01.07.2022
20104075;source1;19.07.2022
20104293;source2;19.07.2022
20103950;source2;03.07.2022
20105434;source2;24.07.2022
20103818;source2;16.07.2022
20104274;source3;13.07.2022
20105412;source3;20.07.2022
20105219;source2;12.07.2022
20104797;source3;06.07.2022
20104755;source1;10.07.2022
20104646;source3;25.07.2022
20104535;source3;28.07.2022
20103967;source3;20.07.2022
20105021;source2;20.07.2022
20103937;source3;10.07.2022
20103393;source2;13.07.2022
20105318;source3;23.07.2022
20103144;source1;18.07.2022
20103519;source1;09.07.2022
20103343;source2;12.07.2022
20103474;source3;02.07.2022
20105502;source2;17.07.2022
20104464;source1;20.07.2022
20104302;source1;16.07.2022
20104979;source1;21.07.2022
20105007;source3;08.07.2022
20105332;source3;27.07.2022
20103710;source2;27.07.2022
20103195;source3;18.07.2022
20104221;source2;18.07.2022
20105529;source3;23.07.2022
20105530;source1;21.07.2022
20105567;source3;12.07.2022
20103688;source3;23.07.2022
20103190;source1;05.07.2022
20105339;source3;06.07.2022
20104989;source2;15.07.2022
20105160;source2;26.07.2022
20105635;source2;10.07.2022
20105044;source3;02.07.2022
20103973;source2;14.07.2022
20100304;source1;16.07.2022
20103918;source1;05.07.2022
20103338;source1;26.07.2022
20103711;source2;14.07.2022
20104594;source2;11.07.2022
20103770;source2;22.07.2022
20104367;source2;14.07.2022
20103054;source2;20.07.2022
20105037;source2;08.07.2022
20105060;source1;08.07.2022
20103598;source3;30.07.2022
20103728;source2;01.07.2022
20104658;source3;24.07.2022
20104407;source2;21.07.2022
20103880;source2;06.07.2022
20104278;source2;24.07.2022
20104501;source2;15.07.2022
20105625;source2;17.07.2022
20103594;source1;21.07.2022
20103612;source2;29.07.2022
20104097;source3;15.07.2022
20103644;source1;01.07.2022
20103881;source3;14.07.2022
20104790;source2;27.07.2022
20103853;source3;26.07.2022
20103238;source2;18.07.2022
20104417;source3;29.07.2022
20104809;source3;30.07.2022
20104351;source2;26.07.2022
20104080;source1;29.07.2022
20103816;source3;14.07.2022
20104160;source1;28.07.2022
20104449;source3;04.07.2022
20103547;source2;09.07.2022
20105201;source2;27.07.2022
20103790;source3;17.07.2022
20103549;source1;18.07.2022
20104931;source1;04.07.2022
20103633;source1;06.07.2022
20105604;source2;05.07.2022
20103428;source3;19.07.2022
20104856;source3;06.07.2022
20103872;source2;29.07.2022
20103060;source2;16.07.2022
20103057;source1;30.07.2022
20105170;source1;10.07.2022
20104748;source3;30.07.2022
20103573;source1;05.07.2022
20104393;source3;23.07.2022
20103431;source2;28.07.2022
20105248;source1;17.07.2022
20103632;source3;08.07.2022
20104644;source1;23.07.2022
20105611;source2;11.07.2022
20103492;source3;20.07.2022
20105282;source1;10.07.2022
20104022;source3;17.07.2022
20105383;source2;02.07.2022
20104034;source1;09.07.2022
20105154;source2;26.07.2022
20105017;source2;05.07.2022
20103664;source3;15.07.2022
20104489;source3;15.07.2022
20105065;source3;23.07.2022
20104711;source3;08.07.2022
20103404;source1;27.07.2022
20103925;source1;28.07.2022
20103221;source1;15.07.2022
20105158;source1;29.07.2022
20105222;source2;09.07.2022
20104172;source2;17.07.2022
20104266;source3;23.07.2022
20105138;source2;08.07.2022
20104661;source1;06.07.2022
20105514;source1;06.07.2022
20105190;source2;19.07.2022
20104001;source3;23.07.2022
20103879;source2;25.07.2022
20104783;source1;12.07.2022
20105115;source2;27.07.2022
20104645;source1;17.07.2022
20103855;source2;08.07.2022
20104059;source1;19.07.2022
20103425;source3;06.07.2022
20103346;source2;10.07.2022
20104695;source3;19.07.2022
20105038;source3;22.07.2022
20104321;source2;14.07.2022
20103050;source3;11.07.2022
20105009;source1;22.07.2022
20104786;source2;27.07.2022
20103581;source2;28.07.2022
20103152;source2;15.07.2022
20104729;source3;10.07.2022
20103467;source2;29.07.2022
20104672;source3;07.07.2022
20103315;source3;27.07.2022
20104355;source3;10.07.2022
20104030;source1;15.07.2022
20104825;source2;06.07.2022
20104225;source2;27.07.2022
20104153;source1;02.07.2022
20104016;source3;26.07.2022
20104891;source3;28.07.2022
20104885;source2;23.07.2022
20104563;source2;30.07.2022
20104555;source2;01.07.2022
20104553;source1;29.07.2022
20104385;source3;09.07.2022
20103253;source2;11.07.2022
20104450;source1;17.07.2022
20103193;source2;08.07.2022
20103712;source3;20.07.2022
20104868;source1;12.07.2022
20105015;source3;13.07.2022
20105468;source3;26.07.2022
20105359;source3;11.07.2022
20103448;source1;24.07.2022
20103040;source1;08.07.2022
20105326;source3;26.07.2022
20104275;source3;02.07.2022
20105252;source2;12.07.2022
20104205;source3;16.07.2022
20104577;source3;09.07.2022
20105399;source1;21.07.2022
20103824;source2;21.07.2022
20103961;source1;08.07.2022
20104495;source3;21.07.2022
20103327;source2;23.07.2022
20105097;source3;25.07.2022
20103145;source2;19.07.2022
20104248;source2;25.07.2022
20105000;source2;02.07.2022
20104301;source1;16.07.2022
20103146;source2;13.07.2022
20105627;source1;09.07.2022
20104331;source2;20.07.2022
20104440;source2;19.07.2022
20104808;source1;14.07.2022
20104088;source3;06.07.2022
20104940;source3;21.07.2022
20104994;source2;19.07.2022
20104218;source2;27.07.2022
20104503;source3;23.07.2022
20105618;source2;12.07.2022
20104984;source1;22.07.2022
20103163;source3;18.07.2022
20104724;source2;05.07.2022
20105503;source3;20.07.2022
20103614;source1;15.07.2022
20105557;source2;01.07.2022
20103104;source1;15.07.2022
20103542;source3;11.07.2022
20104249;source3;21.07.2022
20105374;source1;18.07.2022
20104451;source3;17.07.2022
20103758;source1;05.07.2022
20103153;source3;26.07.2022
20103239;source2;04.07.2022
20104152;source2;18.07.2022
20105466;source2;13.07.2022
20104650;source3;05.07.2022
20104260;source3;09.07.2022
20104359;source2;07.07.2022
20104767;source1;26.07.2022
20103867;source1;24.07.2022
20105215;source2;28.07.2022
20103351;source3;05.07.2022
20103368;source3;17.07.2022
20103524;source1;05.07.2022
20105428;source2;25.07.2022
20104104;source2;01.07.2022
20104305;source1;29.07.2022
20104485;source1;12.07.2022
20105632;source2;26.07.2022
20105161;source2;25.07.2022
20104576;source2;17.07.2022
20103426;source3;10.07.2022
20104175;source3;23.07.2022
20103347;source1;21.07.2022
20104558;source2;11.07.2022
20104213;source3;17.07.2022
20104201;source3;07.07.2022
20105137;source1;10.07.2022
20105425;source3;25.07.2022
20103213;source1;14.07.2022
20104296;source3;15.07.2022
20104620;source3;27.07.2022
20103102;source2;13.07.2022
20104349;source2;08.07.2022
20103924;source2;07.07.2022
20103077;source3;23.07.2022
20105079;source1;30.07.2022
20105629;source1;25.07.2022
20103887;source2;09.07.2022
20104676;source1;24.07.2022
20105460;source3;24.07.2022
20104741;source3;10.07.2022
20104817;source3;19.07.2022
20104961;source1;29.07.2022
20105040;source2;05.07.2022
20103333;source2;16.07.2022
20103511;source3;11.07.2022
20104950;source2;24.07.2022
20105251;source1;11.07.2022
20104233;source2;20.07.2022
20105269;source1;10.07.2022
20103654;source2;08.07.2022
20103080;source1;07.07.2022
20103227;source3;02.07.2022
20103093;source3;19.07.2022
20104913;source3;15.07.2022
20105644;source2;25.07.2022
20105396;source2;21.07.2022
20105565;source3;14.07.2022
20103647;source3;02.07.2022
20104609;source1;29.07.2022
20104840;source2;10.07.2022
20104760;source3;21.07.2022
20105626;source3;14.07.2022
20103098;source2;01.07.2022
20105180;source2;17.07.2022
20103043;source3;06.07.2022
20104144;source2;24.07.2022
20103132;source3;20.07.2022
20105144;source2;01.07.2022
20105330;source2;07.07.2022
20104497;source1;21.07.2022
20104456;source2;07.07.2022
20103679;source2;12.07.2022
20103761;source2;23.07.2022
20105289;source3;14.07.2022
20105464;source2;26.07.2022
20104083;source2;05.07.2022
20104870;source3;13.07.2022
20104066;source2;19.07.2022
20105410;source1;12.07.2022
20104619;source3;28.07.2022
20103653;source2;10.07.2022
20103206;source3;28.07.2022
20103639;source1;01.07.2022
20103085;source3;11.07.2022
20103423;source2;27.07.2022
20105272;source3;23.07.2022
20103430;source3;29.07.2022
20103134;source3;24.07.2022
20103220;source2;04.07.2022
20105321;source1;25.07.2022
20105263;source1;19.07.2022
20103265;source2;25.07.2022
20104726;source3;07.07.2022
20103609;source2;21.07.2022
20103274;source1;30.07.2022
20103546;source3;02.07.2022
20103568;source2;06.07.2022
20104574;source2;28.07.2022
20105581;source3;19.07.2022
20104914;source3;13.07.2022
20104599;source3;11.07.2022
20105085;source1;20.07.2022
20104717;source3;22.07.2022
20104303;source3;02.07.2022
20104924;source1;05.07.2022
20103909;source1;02.07.2022
20105002;source3;12.07.2022
20104758;source2;15.07.2022
20103875;source3;05.07.2022
20103529;source2;30.07.2022
20104004;source3;16.07.2022
20103143;source1;04.07.2022
20104987;source3;03.07.2022
20105270;source2;28.07.2022
20104775;source1;18.07.2022
20104606;source2;05.07.2022
20105599;source2;19.07.2022
20104702;source3;04.07.2022
20103835;source1;23.07.2022
