id_webinar;id_user;t_came;t_left
1341312;34217410;01.08.2022 12:25;01.08.22 13:00
1341312;34322153;01.08.2022 12:03;01.08.22 12:23
1341312;34386258;01.08.2022 12:43;01.08.22 13:14
1341312;34323708;01.08.2022 12:02;01.08.22 12:21
1341312;34316732;01.08.2022 12:02;01.08.22 12:24
1341312;34409438;01.08.2022 12:37;01.08.22 13:01
1341312;34321479;01.08.2022 12:12;01.08.22 12:42
1341312;34419590;01.08.2022 12:52;01.08.22 13:13
1341312;34363759;01.08.2022 12:05;01.08.22 12:15
1341312;34277524;01.08.2022 12:18;01.08.22 12:21
1341312;34390074;01.08.2022 12:17;01.08.22 12:25
1341312;34383861;01.08.2022 12:03;01.08.22 13:04
1341312;34377446;01.08.2022 13:14;01.08.22 13:19
1341312;34226552;01.08.2022 12:00;01.08.22 12:03
1341312;34378362;01.08.2022 12:37;01.08.22 12:38
1341312;34380362;01.08.2022 12:11;01.08.22 12:45
1341312;34356877;01.08.2022 12:35;01.08.22 13:37
1341312;34245907;01.08.2022 12:38;01.08.22 13:35
1341312;34367750;01.08.2022 12:01;01.08.22 12:04
1341312;34343740;01.08.2022 12:25;01.08.22 13:20
1341312;34330537;01.08.2022 12:34;01.08.22 12:40
1341312;34319633;01.08.2022 12:11;01.08.22 12:24
1341312;34330903;01.08.2022 12:11;01.08.22 13:10
1341312;34347442;01.08.2022 12:05;01.08.22 12:19
1341312;34410489;01.08.2022 12:54;01.08.22 12:55
1341312;34280080;01.08.2022 12:00;01.08.22 12:01
1341312;34307887;01.08.2022 12:06;01.08.22 12:36
1341312;34373197;01.08.2022 12:13;01.08.22 12:23
1341312;34425106;01.08.2022 12:40;01.08.22 13:43
1341312;34278843;01.08.2022 12:12;01.08.22 12:23
1341312;34419282;01.08.2022 12:55;01.08.22 13:00
1341312;34250518;01.08.2022 12:36;01.08.22 13:15
1341312;34223460;01.08.2022 13:22;01.08.22 13:39
1341312;34270052;01.08.2022 12:43;01.08.22 13:05
1341312;34379379;01.08.2022 12:29;01.08.22 12:38
1341312;34417072;01.08.2022 12:48;01.08.22 13:23
1341312;34423893;01.08.2022 13:43;01.08.22 13:50
1341312;34330903;01.08.2022 12:10;01.08.22 12:45
1341312;34236749;01.08.2022 13:12;01.08.22 13:18
1341312;34214513;01.08.2022 12:17;01.08.22 12:58
1341312;34294410;01.08.2022 12:15;01.08.22 12:29
1341312;34391277;01.08.2022 12:38;01.08.22 13:27
1341312;34364462;01.08.2022 12:09;01.08.22 12:23
1341312;34350944;01.08.2022 12:48;01.08.22 13:51
1341312;34315507;01.08.2022 12:43;01.08.22 13:06
1341312;34389096;01.08.2022 12:06;01.08.22 12:06
1341312;34313386;01.08.2022 13:05;01.08.22 13:31
1341312;34331232;01.08.2022 12:00;01.08.22 13:08
1341312;34230373;01.08.2022 12:11;01.08.22 12:18
1341312;34283247;01.08.2022 12:42;01.08.22 12:47
1341312;34263096;01.08.2022 12:29;01.08.22 12:57
1341312;34247856;01.08.2022 12:04;01.08.22 13:15
1341312;34370960;01.08.2022 12:43;01.08.22 13:05
1341312;34313034;01.08.2022 12:32;01.08.22 13:30
1341312;34243443;01.08.2022 12:02;01.08.22 12:06
1341312;34375446;01.08.2022 12:05;01.08.22 12:06
1341312;34266404;01.08.2022 12:47;01.08.22 13:31
1341312;34329879;01.08.2022 12:09;01.08.22 12:33
1341312;34300214;01.08.2022 12:01;01.08.22 12:07
1341312;34409122;01.08.2022 12:11;01.08.22 13:08
1341312;34310803;01.08.2022 13:51;01.08.22 13:17
1341312;34256327;01.08.2022 12:31;01.08.22 13:00
1341312;34346827;01.08.2022 12:18;01.08.22 12:28
1341312;34371816;01.08.2022 12:06;01.08.22 12:10
1341312;34308749;01.08.2022 12:17;01.08.22 13:09
1341312;34310069;01.08.2022 12:05;01.08.22 12:06
1341312;34356686;01.08.2022 12:10;01.08.22 12:29
1341312;34283306;01.08.2022 12:05;01.08.22 12:43
1341312;34257403;01.08.2022 12:04;01.08.22 13:23
1341312;34317495;01.08.2022 12:03;01.08.22 12:21
1341312;34302749;01.08.2022 12:38;01.08.22 13:57
1341312;34432122;01.08.2022 12:01;01.08.22 12:04
1341312;34349884;01.08.2022 12:07;01.08.22 13:06
1341312;34414477;01.08.2022 12:08;01.08.22 13:03
1341312;34247557;01.08.2022 12:14;01.08.22 13:08
1341312;34407206;01.08.2022 12:10;01.08.22 13:20
1341312;34214513;01.08.2022 12:24;01.08.22 12:28
1341312;34345143;01.08.2022 13:38;01.08.22 13:53
1341312;34393933;01.08.2022 12:48;01.08.22 13:21
1341312;34219603;01.08.2022 12:03;01.08.22 12:28
1341312;34227112;01.08.2022 12:19;01.08.22 12:37
1341312;34383861;01.08.2022 12:15;01.08.22 12:28
1341312;34272591;01.08.2022 12:27;01.08.22 13:23
1341312;34274764;01.08.2022 13:53;01.08.22 13:16
1341312;34277842;01.08.2022 13:19;01.08.22 13:21
1341312;34383149;01.08.2022 12:04;01.08.22 12:21
1341312;34376566;01.08.2022 12:27;01.08.22 13:03
1341312;34277673;01.08.2022 12:15;01.08.22 12:44
1341312;34296702;01.08.2022 12:23;01.08.22 13:04
1341312;34244752;01.08.2022 12:57;01.08.22 13:40
1341312;34308694;01.08.2022 12:18;01.08.22 13:03
1341312;34432122;01.08.2022 12:08;01.08.22 12:08
1341312;34432122;01.08.2022 13:45;01.08.22 13:58
1341312;34330903;01.08.2022 12:08;01.08.22 13:07
1341312;34411702;01.08.2022 12:38;01.08.22 13:31
1341312;34219359;01.08.2022 13:17;01.08.22 13:25
1341312;34379041;01.08.2022 12:04;01.08.22 12:31
1341312;34410489;01.08.2022 12:10;01.08.22 12:23
1341312;34263159;01.08.2022 12:44;01.08.22 13:02
1341312;34327711;01.08.2022 12:12;01.08.22 12:22
1341312;34409602;01.08.2022 12:07;01.08.22 12:15
1341312;34393138;01.08.2022 12:22;01.08.22 12:24
1341312;34261307;01.08.2022 12:18;01.08.22 12:29
1341312;34301352;01.08.2022 13:00;01.08.22 13:40
1341312;34383861;01.08.2022 12:06;01.08.22 12:32
1341312;34313497;01.08.2022 12:19;01.08.22 12:30
1341312;34393880;01.08.2022 12:06;01.08.22 12:19
1341312;34407706;01.08.2022 13:09;01.08.22 13:47
1341312;34304624;01.08.2022 12:00;01.08.22 13:06
1341312;34349990;01.08.2022 12:01;01.08.22 12:26
1341312;34276479;01.08.2022 12:04;01.08.22 12:05
1341312;34240684;01.08.2022 12:44;01.08.22 13:38
1341312;34361155;01.08.2022 13:01;01.08.22 13:11
1341312;34261713;01.08.2022 12:02;01.08.22 12:21
1341312;34235342;01.08.2022 12:11;01.08.22 12:21
1341312;34421811;01.08.2022 12:37;01.08.22 13:01
1341312;34432035;01.08.2022 12:29;01.08.22 13:36
1341312;34283306;01.08.2022 13:08;01.08.22 13:16
1341312;34330547;01.08.2022 12:04;01.08.22 12:40
1341312;34329273;01.08.2022 12:08;01.08.22 12:10
1341312;34320091;01.08.2022 12:38;01.08.22 13:56
1341312;34332113;01.08.2022 12:52;01.08.22 13:11
1341312;34330537;01.08.2022 12:17;01.08.22 12:40
1341312;34274071;01.08.2022 12:01;01.08.22 13:06
1341312;34369687;01.08.2022 12:00;01.08.22 12:24
1341312;34421672;01.08.2022 12:07;01.08.22 12:10
1341312;34310999;01.08.2022 12:21;01.08.22 12:23
1341312;34259954;01.08.2022 12:38;01.08.22 13:23
1341312;34284623;01.08.2022 12:42;01.08.22 12:48
1341312;34394992;01.08.2022 12:04;01.08.22 12:06
1341312;34229775;01.08.2022 13:49;01.08.22 13:17
1341312;34406529;01.08.2022 12:00;01.08.22 12:24
1341312;34302830;01.08.2022 12:02;01.08.22 12:03
1341312;34337692;01.08.2022 12:51;01.08.22 13:07
1341312;34363438;01.08.2022 12:07;01.08.22 12:53
1341312;34349095;01.08.2022 12:23;01.08.22 12:56
1341312;34233871;01.08.2022 12:20;01.08.22 13:03
1341312;34332094;01.08.2022 13:01;01.08.22 13:51
1341312;34401596;01.08.2022 12:03;01.08.22 12:24
1341312;34280814;01.08.2022 12:56;01.08.22 13:37
1341312;34428860;01.08.2022 12:07;01.08.22 12:21
1341312;34254793;01.08.2022 12:48;01.08.22 13:22
1341312;34283456;01.08.2022 12:01;01.08.22 12:08
1341312;34308896;01.08.2022 12:31;01.08.22 13:11
1341312;34319025;01.08.2022 13:52;01.08.22 13:17
1341312;34333802;01.08.2022 12:02;01.08.22 12:03
1341312;34307462;01.08.2022 12:09;01.08.22 12:34
1341312;34330903;01.08.2022 12:15;01.08.22 12:53
1341312;34320165;01.08.2022 12:04;01.08.22 12:33
1341312;34289222;01.08.2022 12:09;01.08.22 12:25
1341312;34214513;01.08.2022 12:06;01.08.22 13:06
1341312;34377506;01.08.2022 12:01;01.08.22 12:04
1341312;34349271;01.08.2022 12:14;01.08.22 12:23
1341312;34350944;01.08.2022 12:19;01.08.22 12:31
1341312;34411281;01.08.2022 12:53;01.08.22 13:19
1341312;34329423;01.08.2022 13:06;01.08.22 13:40
1341312;34342013;01.08.2022 12:08;01.08.22 13:06
1341312;34330903;01.08.2022 12:16;01.08.22 13:01
1341312;34295620;01.08.2022 13:03;01.08.22 13:05
1341312;34402236;01.08.2022 12:33;01.08.22 13:40
1341312;34367451;01.08.2022 12:45;01.08.22 13:08
1341312;34402202;01.08.2022 12:00;01.08.22 12:07
1341312;34232198;01.08.2022 12:04;01.08.22 12:50
1341312;34273748;01.08.2022 12:15;01.08.22 12:21
1341312;34355839;01.08.2022 12:06;01.08.22 13:19
1341312;34327644;01.08.2022 12:20;01.08.22 12:21
1341312;34286389;01.08.2022 12:14;01.08.22 12:21
1341312;34360000;01.08.2022 13:11;01.08.22 13:36
1341312;34214513;01.08.2022 12:22;01.08.22 12:51
1341312;34421495;01.08.2022 13:34;01.08.22 13:55
1341312;34258028;01.08.2022 12:39;01.08.22 12:59
1341312;34221501;01.08.2022 12:38;01.08.22 13:56
1341312;34253272;01.08.2022 12:00;01.08.22 12:00
1341312;34358506;01.08.2022 12:01;01.08.22 12:11
1341312;34379041;01.08.2022 12:43;01.08.22 13:05
1341312;34236217;01.08.2022 12:30;01.08.22 12:38
1341312;34303432;01.08.2022 12:05;01.08.22 13:51
1341312;34343027;01.08.2022 12:10;01.08.22 12:21
1341312;34237350;01.08.2022 13:34;01.08.22 13:38
1341312;34409825;01.08.2022 12:27;01.08.22 13:04
1341312;34276584;01.08.2022 12:03;01.08.22 13:10
1341312;34325647;01.08.2022 12:31;01.08.22 12:42
1341312;34397488;01.08.2022 12:38;01.08.22 13:28
1341312;34283306;01.08.2022 13:24;01.08.22 13:46
1341312;34408429;01.08.2022 12:48;01.08.22 13:21
1341312;34395609;01.08.2022 12:22;01.08.22 12:50
1341312;34283306;01.08.2022 12:08;01.08.22 13:07
1341312;34357505;01.08.2022 13:53;01.08.22 13:17
1341312;34360666;01.08.2022 12:00;01.08.22 13:00
1341312;34274445;01.08.2022 13:27;01.08.22 13:53
1341312;34289630;01.08.2022 12:23;01.08.22 13:45
1341312;34214513;01.08.2022 12:36;01.08.22 13:12
1341312;34259570;01.08.2022 12:43;01.08.22 13:23
1341312;34423716;01.08.2022 12:12;01.08.22 13:09
1341312;34360448;01.08.2022 12:03;01.08.22 12:40
1341312;34214513;01.08.2022 12:52;01.08.22 13:46
1341312;34232188;01.08.2022 12:23;01.08.22 12:56
1341312;34308995;01.08.2022 12:38;01.08.22 13:58
1341312;34307647;01.08.2022 12:38;01.08.22 13:28
1341312;34379041;01.08.2022 12:01;01.08.22 12:04
1341312;34421509;01.08.2022 12:40;01.08.22 13:04
1341312;34248227;01.08.2022 12:24;01.08.22 12:26
1341312;34355819;01.08.2022 12:09;01.08.22 13:03
1341312;34394348;01.08.2022 12:46;01.08.22 13:28
1341312;34295919;01.08.2022 12:48;01.08.22 13:22
1341312;34432122;01.08.2022 12:24;01.08.22 13:07
1341312;34432122;01.08.2022 12:05;01.08.22 13:03
1341312;34391554;01.08.2022 12:24;01.08.22 13:07
1341312;34256386;01.08.2022 13:17;01.08.22 13:38
1341312;34364424;01.08.2022 12:10;01.08.22 12:21
1341312;34214513;01.08.2022 12:32;01.08.22 12:34
1341312;34365069;01.08.2022 12:43;01.08.22 12:45
1341312;34379506;01.08.2022 12:05;01.08.22 12:09
1341312;34219822;01.08.2022 12:42;01.08.22 13:48
1341312;34249420;01.08.2022 13:50;01.08.22 13:20
1341312;34397350;01.08.2022 12:38;01.08.22 13:57
1341312;34368510;01.08.2022 12:37;01.08.22 13:18
1341312;34409073;01.08.2022 13:01;01.08.22 13:46
1341312;34248434;01.08.2022 12:00;01.08.22 12:59
1341312;34330547;01.08.2022 13:27;01.08.22 13:28
1341312;34331278;01.08.2022 12:51;01.08.22 13:25
1341312;34357009;01.08.2022 12:20;01.08.22 13:11
1341312;34292814;01.08.2022 12:00;01.08.22 12:00
1341312;34278475;01.08.2022 12:15;01.08.22 12:47
1341312;34420878;01.08.2022 12:38;01.08.22 13:34
1341312;34386361;01.08.2022 12:01;01.08.22 12:01
1341312;34421341;01.08.2022 12:27;01.08.22 12:29
1341312;34330903;01.08.2022 12:10;01.08.22 12:23
1341312;34214513;01.08.2022 12:38;01.08.22 13:34
1341312;34365553;01.08.2022 12:14;01.08.22 12:19
1341312;34321881;01.08.2022 12:21;01.08.22 12:23
1341312;34234047;01.08.2022 12:29;01.08.22 13:24
1341312;34243604;01.08.2022 12:27;01.08.22 13:06
1341312;34251716;01.08.2022 12:16;01.08.22 13:11
1341312;34299714;01.08.2022 12:01;01.08.22 12:02
1341312;34350944;01.08.2022 13:01;01.08.22 13:37
1341312;34249736;01.08.2022 12:36;01.08.22 12:39
1341312;34247586;01.08.2022 12:09;01.08.22 12:24
1341312;34396287;01.08.2022 12:19;01.08.22 12:58
1341312;34385560;01.08.2022 12:14;01.08.22 13:29
1341312;34260065;01.08.2022 12:04;01.08.22 12:11
1341312;34244999;01.08.2022 12:56;01.08.22 13:48
1341312;34374530;01.08.2022 12:32;01.08.22 13:19
1341312;34427555;01.08.2022 12:15;01.08.22 12:33
1341312;34351076;01.08.2022 12:11;01.08.22 13:15
1341312;34223463;01.08.2022 12:05;01.08.22 12:23
1341312;34229911;01.08.2022 13:34;01.08.22 13:37
1341312;34375116;01.08.2022 12:38;01.08.22 13:55
1341312;34338638;01.08.2022 12:00;01.08.22 12:00
1341312;34374532;01.08.2022 12:32;01.08.22 13:14
1341312;34374224;01.08.2022 13:51;01.08.22 13:20
1341312;34285083;01.08.2022 12:32;01.08.22 13:06
1341312;34215678;01.08.2022 12:47;01.08.22 12:49
1341312;34263813;01.08.2022 12:38;01.08.22 13:27
1341312;34412968;01.08.2022 12:14;01.08.22 13:06
1341312;34412098;01.08.2022 12:14;01.08.22 12:55
1341312;34281037;01.08.2022 12:48;01.08.22 13:23
1341312;34279028;01.08.2022 12:44;01.08.22 12:47
1341312;34247376;01.08.2022 12:25;01.08.22 13:07
1341312;34295809;01.08.2022 12:26;01.08.22 12:32
1341312;34268291;01.08.2022 12:01;01.08.22 12:02
1341312;34364611;01.08.2022 12:40;01.08.22 13:47
1341312;34310530;01.08.2022 12:13;01.08.22 13:06
1341312;34238796;01.08.2022 12:12;01.08.22 12:54
1341312;34410489;01.08.2022 12:15;01.08.22 12:17
1341312;34349358;01.08.2022 12:22;01.08.22 13:41
1341312;34308327;01.08.2022 13:13;01.08.22 13:23
1341312;34343391;01.08.2022 12:10;01.08.22 13:06
1341312;34340366;01.08.2022 12:13;01.08.22 12:27
1341312;34280924;01.08.2022 12:01;01.08.22 12:05
1341312;34373500;01.08.2022 12:06;01.08.22 12:21
1341312;34260063;01.08.2022 13:50;01.08.22 13:20
1341312;34214594;01.08.2022 13:51;01.08.22 13:17
1341312;34333953;01.08.2022 13:53;01.08.22 13:17
1341312;34234744;01.08.2022 12:37;01.08.22 13:25
1341312;34420161;01.08.2022 12:01;01.08.22 12:05
1341312;34371813;01.08.2022 12:00;01.08.22 12:01
1341312;34326368;01.08.2022 12:35;01.08.22 12:52
1341312;34309723;01.08.2022 12:00;01.08.22 12:03
1341312;34384985;01.08.2022 12:39;01.08.22 12:42
1341312;34355226;01.08.2022 12:02;01.08.22 12:56
1341312;34393892;01.08.2022 12:34;01.08.22 13:11
1341312;34393716;01.08.2022 12:03;01.08.22 13:01
1341312;34430495;01.08.2022 12:38;01.08.22 13:35
1341312;34333022;01.08.2022 12:01;01.08.22 12:25
1341312;34292230;01.08.2022 12:41;01.08.22 12:50
1341312;34262130;01.08.2022 12:10;01.08.22 13:06
1341312;34271544;01.08.2022 12:02;01.08.22 12:21
1341312;34327220;01.08.2022 12:13;01.08.22 12:21
1341312;34281608;01.08.2022 12:00;01.08.22 12:15
1341312;34430467;01.08.2022 12:08;01.08.22 12:10
1341312;34369517;01.08.2022 12:32;01.08.22 13:30
1341312;34296824;01.08.2022 12:11;01.08.22 12:36
1341312;34269700;01.08.2022 13:18;01.08.22 13:42
1341312;34364253;01.08.2022 12:10;01.08.22 13:06
1341312;34303393;01.08.2022 12:03;01.08.22 12:06
1341312;34354072;01.08.2022 12:11;01.08.22 13:06
1341312;34400282;01.08.2022 12:02;01.08.22 12:23
1341312;34239101;01.08.2022 12:18;01.08.22 12:18
1341312;34348111;01.08.2022 12:47;01.08.22 13:26
1341312;34371022;01.08.2022 13:11;01.08.22 13:41
1341312;34424477;01.08.2022 12:15;01.08.22 13:01
1341312;34220056;01.08.2022 12:07;01.08.22 12:56
1341312;34403115;01.08.2022 12:38;01.08.22 13:27
1341312;34269686;01.08.2022 12:33;01.08.22 12:46
1341312;34292446;01.08.2022 12:11;01.08.22 12:14
1341312;34385484;01.08.2022 12:30;01.08.22 12:34
1341312;34229792;01.08.2022 12:20;01.08.22 12:21
1341312;34418424;01.08.2022 12:02;01.08.22 12:42
1341312;34428614;01.08.2022 12:20;01.08.22 12:37
1341312;34283306;01.08.2022 12:06;01.08.22 12:18
1341312;34410489;01.08.2022 12:15;01.08.22 12:21
1341312;34338966;01.08.2022 12:00;01.08.22 12:00
1341312;34227825;01.08.2022 12:38;01.08.22 13:41
1341312;34228932;01.08.2022 12:35;01.08.22 13:30
1341312;34397314;01.08.2022 12:12;01.08.22 12:42
1341312;34313849;01.08.2022 12:15;01.08.22 12:21
1341312;34399835;01.08.2022 12:07;01.08.22 13:06
1341312;34358410;01.08.2022 12:17;01.08.22 12:47
1341312;34245226;01.08.2022 12:06;01.08.22 13:06
1341312;34238387;01.08.2022 13:09;01.08.22 13:14
1341312;34417172;01.08.2022 12:51;01.08.22 13:16
1341312;34284530;01.08.2022 12:36;01.08.22 12:51
1341312;34325718;01.08.2022 12:06;01.08.22 13:07
1341312;34351555;01.08.2022 12:00;01.08.22 12:01
1341312;34368675;01.08.2022 12:03;01.08.22 12:07
1341312;34375376;01.08.2022 12:56;01.08.22 13:18
1341312;34324237;01.08.2022 12:06;01.08.22 12:59
1341312;34379041;01.08.2022 12:45;01.08.22 12:53
1341312;34356846;01.08.2022 13:10;01.08.22 13:25
1341312;34371182;01.08.2022 12:23;01.08.22 12:35
1341312;34342668;01.08.2022 12:00;01.08.22 12:00
1341312;34302040;01.08.2022 12:04;01.08.22 13:18
1341312;34292291;01.08.2022 12:09;01.08.22 12:22
1341312;34410489;01.08.2022 12:03;01.08.22 12:15
1341312;34357909;01.08.2022 12:00;01.08.22 13:25
1341312;34309845;01.08.2022 12:34;01.08.22 12:57
1341312;34411017;01.08.2022 12:23;01.08.22 13:42
1341312;34333577;01.08.2022 12:38;01.08.22 13:57
1341312;34398138;01.08.2022 12:43;01.08.22 12:48
1341312;34330903;01.08.2022 13:01;01.08.22 13:19
1341312;34395749;01.08.2022 12:19;01.08.22 13:02
1341312;34348154;01.08.2022 12:02;01.08.22 12:26
1341312;34376673;01.08.2022 12:38;01.08.22 12:53
1341312;34304235;01.08.2022 12:43;01.08.22 13:05
1341312;34269452;01.08.2022 12:04;01.08.22 12:16
1341312;34416088;01.08.2022 13:51;01.08.22 13:20
1341312;34329273;01.08.2022 12:39;01.08.22 13:01
1341312;34233039;01.08.2022 12:51;01.08.22 13:50
1341312;34310902;01.08.2022 13:19;01.08.22 13:59
1341312;34386244;01.08.2022 12:38;01.08.22 13:34
1341312;34410489;01.08.2022 12:18;01.08.22 13:03
1341312;34363662;01.08.2022 12:16;01.08.22 12:21
1341312;34367098;01.08.2022 13:08;01.08.22 13:10
1341312;34385419;01.08.2022 13:02;01.08.22 13:23
1341312;34349012;01.08.2022 12:38;01.08.22 13:32
1341312;34364424;01.08.2022 12:00;01.08.22 12:03
1341312;34370113;01.08.2022 12:12;01.08.22 13:08
1341312;34373926;01.08.2022 12:28;01.08.22 12:37
1341312;34398609;01.08.2022 12:38;01.08.22 13:55
1341312;34309733;01.08.2022 12:01;01.08.22 13:45
1341312;34415544;01.08.2022 12:09;01.08.22 13:06
1341312;34379041;01.08.2022 12:01;01.08.22 12:20
1341312;34228590;01.08.2022 12:03;01.08.22 12:11
1341312;34347051;01.08.2022 12:41;01.08.22 12:45
1341312;34364367;01.08.2022 12:05;01.08.22 13:07
1341312;34432122;01.08.2022 13:06;01.08.22 13:44
1341312;34382820;01.08.2022 12:32;01.08.22 12:37
1341312;34415955;01.08.2022 12:29;01.08.22 12:53
1341312;34287467;01.08.2022 12:25;01.08.22 12:58
1341312;34277486;01.08.2022 12:38;01.08.22 13:28
1341312;34392476;01.08.2022 12:08;01.08.22 12:35
1341312;34282515;01.08.2022 12:00;01.08.22 12:00
1341312;34284567;01.08.2022 12:43;01.08.22 13:26
1341312;34334514;01.08.2022 12:41;01.08.22 13:04
1341312;34297418;01.08.2022 12:02;01.08.22 12:08
1341312;34302379;01.08.2022 12:18;01.08.22 12:31
1341312;34402164;01.08.2022 13:18;01.08.22 13:26
1341312;34271743;01.08.2022 13:14;01.08.22 13:23
1341312;34367895;01.08.2022 12:00;01.08.22 13:08
1341312;34238436;01.08.2022 12:08;01.08.22 12:17
1341312;34410489;01.08.2022 12:38;01.08.22 13:34
1341312;34254049;01.08.2022 12:09;01.08.22 12:22
1341312;34279630;01.08.2022 12:36;01.08.22 12:51
1341312;34335908;01.08.2022 12:04;01.08.22 12:09
1341312;34221565;01.08.2022 12:19;01.08.22 12:49
1341312;34389218;01.08.2022 13:40;01.08.22 13:59
1341312;34345008;01.08.2022 12:01;01.08.22 12:21
1341312;34385139;01.08.2022 12:07;01.08.22 12:42
1341312;34286779;01.08.2022 12:51;01.08.22 12:56
1341312;34423719;01.08.2022 12:03;01.08.22 13:07
1341312;34225820;01.08.2022 12:02;01.08.22 12:23
1341312;34235982;01.08.2022 12:23;01.08.22 12:23
1341312;34314771;01.08.2022 12:01;01.08.22 13:07
1341312;34398609;01.08.2022 12:07;01.08.22 12:21
1341312;34375738;01.08.2022 12:03;01.08.22 12:08
1341312;34429547;01.08.2022 12:38;01.08.22 13:33
1341312;34264244;01.08.2022 12:38;01.08.22 13:56
1341312;34301213;01.08.2022 13:04;01.08.22 13:44
1341312;34218902;01.08.2022 12:00;01.08.22 13:08
1341312;34218711;01.08.2022 12:24;01.08.22 12:24
1341312;34244225;01.08.2022 12:01;01.08.22 12:28
1341312;34288563;01.08.2022 12:42;01.08.22 13:18
1341312;34343846;01.08.2022 12:07;01.08.22 13:02
1341312;34262130;01.08.2022 12:02;01.08.22 12:03
1341312;34393682;01.08.2022 12:17;01.08.22 13:08
1341312;34263840;01.08.2022 12:22;01.08.22 13:24
1341312;34282835;01.08.2022 12:10;01.08.22 12:18
1341312;34409626;01.08.2022 13:00;01.08.22 13:06
1341312;34420867;01.08.2022 12:43;01.08.22 13:05
1341312;34243653;01.08.2022 13:49;01.08.22 13:19
1341312;34428506;01.08.2022 13:52;01.08.22 13:17
1341312;34340146;01.08.2022 12:01;01.08.22 12:01
1341312;34350944;01.08.2022 12:32;01.08.22 13:01
1341312;34224052;01.08.2022 12:27;01.08.22 12:28
1341312;34379041;01.08.2022 12:02;01.08.22 13:30
1341312;34382260;01.08.2022 12:15;01.08.22 12:20
1341312;34364740;01.08.2022 12:22;01.08.22 12:47
1341312;34419554;01.08.2022 13:53;01.08.22 13:17
1341312;34228881;01.08.2022 12:00;01.08.22 12:11
1341312;34301147;01.08.2022 13:51;01.08.22 13:20
1341312;34386485;01.08.2022 12:38;01.08.22 13:35
1341312;34328884;01.08.2022 12:02;01.08.22 12:21
1341312;34307649;01.08.2022 12:28;01.08.22 12:28
1341312;34411017;01.08.2022 12:04;01.08.22 13:44
1341312;34411017;01.08.2022 12:02;01.08.22 12:15
1341312;34273998;01.08.2022 12:21;01.08.22 12:30
1341312;34238555;01.08.2022 12:07;01.08.22 12:10
1341312;34232336;01.08.2022 12:15;01.08.22 12:41
1341312;34392217;01.08.2022 12:06;01.08.22 12:18
1341312;34280046;01.08.2022 12:31;01.08.22 12:34
1341312;34304162;01.08.2022 12:02;01.08.22 12:06
1341312;34293314;01.08.2022 12:09;01.08.22 12:27
1341312;34330903;01.08.2022 12:34;01.08.22 12:46
1341312;34233090;01.08.2022 12:34;01.08.22 12:57
1341312;34430399;01.08.2022 12:06;01.08.22 12:11
1341312;34300376;01.08.2022 12:10;01.08.22 12:11
1341312;34432122;01.08.2022 12:53;01.08.22 13:40
1341312;34417822;01.08.2022 12:10;01.08.22 12:11
1341312;34323907;01.08.2022 13:09;01.08.22 13:23
1341312;34374827;01.08.2022 12:07;01.08.22 12:10
1341312;34293831;01.08.2022 12:03;01.08.22 12:10
1341312;34364907;01.08.2022 12:20;01.08.22 13:25
1341312;34387775;01.08.2022 12:54;01.08.22 13:24
1341312;34249372;01.08.2022 12:03;01.08.22 13:06
1341312;34361578;01.08.2022 12:43;01.08.22 13:10
1341312;34218884;01.08.2022 13:05;01.08.22 13:45
1341312;34387095;01.08.2022 12:22;01.08.22 12:38
1341312;34269157;01.08.2022 12:06;01.08.22 12:06
1341312;34397578;01.08.2022 13:12;01.08.22 13:13
1341312;34306047;01.08.2022 12:05;01.08.22 12:33
1341312;34214513;01.08.2022 12:01;01.08.22 12:02
1341312;34337105;01.08.2022 13:04;01.08.22 13:11
1341312;34280753;01.08.2022 12:38;01.08.22 13:55
1341312;34390983;01.08.2022 12:13;01.08.22 12:27
1341312;34381362;01.08.2022 12:38;01.08.22 13:35
1341312;34392950;01.08.2022 12:25;01.08.22 13:10
1341312;34261497;01.08.2022 12:11;01.08.22 12:18
1341312;34376566;01.08.2022 12:14;01.08.22 12:19
1341312;34331357;01.08.2022 12:43;01.08.22 13:13
1341312;34340845;01.08.2022 13:12;01.08.22 13:15
1341312;34363192;01.08.2022 12:08;01.08.22 13:12
1341312;34250973;01.08.2022 12:23;01.08.22 12:24
1341312;34232275;01.08.2022 12:13;01.08.22 13:09
1341312;34268529;01.08.2022 12:31;01.08.22 12:57
1341312;34299191;01.08.2022 12:28;01.08.22 13:00
1341312;34368949;01.08.2022 12:01;01.08.22 12:03
1341312;34327818;01.08.2022 12:17;01.08.22 12:21
1341312;34365575;01.08.2022 13:52;01.08.22 13:17
1341312;34251264;01.08.2022 12:04;01.08.22 13:22
1341312;34348705;01.08.2022 12:38;01.08.22 13:56
1341312;34258894;01.08.2022 12:20;01.08.22 13:24
1341312;34414049;01.08.2022 12:07;01.08.22 12:21
1341312;34383861;01.08.2022 12:04;01.08.22 12:14
1341312;34348544;01.08.2022 12:14;01.08.22 13:08
1341312;34330971;01.08.2022 12:04;01.08.22 13:16
1341312;34325526;01.08.2022 12:33;01.08.22 12:34
1341312;34385544;01.08.2022 12:48;01.08.22 13:53
1341312;34357191;01.08.2022 13:29;01.08.22 13:53
1341312;34246096;01.08.2022 12:50;01.08.22 13:53
1341312;34265290;01.08.2022 12:00;01.08.22 13:12
1341312;34426828;01.08.2022 12:19;01.08.22 12:36
1341312;34235434;01.08.2022 12:02;01.08.22 12:16
1341312;34374150;01.08.2022 12:05;01.08.22 12:26
1341312;34428917;01.08.2022 12:19;01.08.22 13:36
1341312;34378878;01.08.2022 13:26;01.08.22 13:41
1341312;34281608;01.08.2022 12:02;01.08.22 12:24
1341312;34410489;01.08.2022 12:42;01.08.22 12:56
1341312;34338755;01.08.2022 12:51;01.08.22 13:02
1341312;34217126;01.08.2022 12:42;01.08.22 12:59
1341312;34334608;01.08.2022 12:19;01.08.22 12:22
1341312;34291507;01.08.2022 13:13;01.08.22 13:21
1341312;34263112;01.08.2022 12:02;01.08.22 12:15
1341312;34346784;01.08.2022 12:01;01.08.22 13:24
1341312;34260322;01.08.2022 12:12;01.08.22 13:01
1341312;34214513;01.08.2022 13:29;01.08.22 13:42
1341312;34362565;01.08.2022 12:23;01.08.22 13:19
1341312;34415305;01.08.2022 12:33;01.08.22 13:08
1341312;34216905;01.08.2022 12:12;01.08.22 13:23
1341312;34404524;01.08.2022 12:08;01.08.22 12:21
1341312;34374121;01.08.2022 12:01;01.08.22 12:14
1341312;34284942;01.08.2022 12:19;01.08.22 12:27
1341312;34220147;01.08.2022 12:32;01.08.22 12:46
1341312;34375549;01.08.2022 12:03;01.08.22 12:46
1341312;34256865;01.08.2022 13:52;01.08.22 13:17
1341312;34271854;01.08.2022 12:07;01.08.22 13:44
1341312;34293412;01.08.2022 13:48;01.08.22 13:53
1341312;34384432;01.08.2022 12:04;01.08.22 12:23
1341312;34331464;01.08.2022 12:03;01.08.22 12:08
1341312;34420428;01.08.2022 12:08;01.08.22 13:06
1341312;34410489;01.08.2022 12:04;01.08.22 12:23
1341312;34356919;01.08.2022 12:03;01.08.22 12:09
1341312;34243302;01.08.2022 12:09;01.08.22 12:13
1341312;34365385;01.08.2022 13:39;01.08.22 13:59
1341312;34385364;01.08.2022 12:43;01.08.22 13:05
1341312;34411017;01.08.2022 12:49;01.08.22 12:56
1341312;34385550;01.08.2022 12:52;01.08.22 12:57
1341312;34224804;01.08.2022 12:23;01.08.22 12:31
1341312;34294301;01.08.2022 12:09;01.08.22 12:36
1341312;34368539;01.08.2022 12:38;01.08.22 13:27
1341312;34388454;01.08.2022 13:51;01.08.22 13:17
1341312;34293225;01.08.2022 12:12;01.08.22 12:14
1341312;34389089;01.08.2022 12:25;01.08.22 13:12
1341312;34378239;01.08.2022 12:09;01.08.22 13:07
1341312;34272134;01.08.2022 12:39;01.08.22 12:53
1341312;34225940;01.08.2022 12:42;01.08.22 12:52
1341312;34382826;01.08.2022 13:00;01.08.22 13:12
1341312;34397565;01.08.2022 12:18;01.08.22 12:21
1341312;34221966;01.08.2022 12:32;01.08.22 12:55
1341312;34295918;01.08.2022 12:01;01.08.22 13:03
1341312;34216786;01.08.2022 12:00;01.08.22 12:14
1341312;34419733;01.08.2022 12:01;01.08.22 12:18
1341312;34283306;01.08.2022 12:48;01.08.22 13:21
1341312;34278529;01.08.2022 12:48;01.08.22 12:56
1341312;34299061;01.08.2022 13:31;01.08.22 13:41
1341312;34411017;01.08.2022 12:38;01.08.22 13:35
1341312;34414816;01.08.2022 12:01;01.08.22 12:08
1341312;34235342;01.08.2022 12:07;01.08.22 12:21
1341312;34377376;01.08.2022 12:44;01.08.22 12:52
1341312;34297315;01.08.2022 12:05;01.08.22 12:06
1341312;34400024;01.08.2022 12:04;01.08.22 12:14
1341312;34258230;01.08.2022 12:35;01.08.22 13:40
1341312;34422702;01.08.2022 12:14;01.08.22 12:52
1341312;34313889;01.08.2022 12:04;01.08.22 12:08
1341312;34244794;01.08.2022 13:13;01.08.22 13:14
1341312;34291421;01.08.2022 12:38;01.08.22 13:58
1341312;34365817;01.08.2022 12:51;01.08.22 13:01
1341312;34345166;01.08.2022 12:38;01.08.22 13:56
1341312;34408610;01.08.2022 12:08;01.08.22 12:14
1341312;34240035;01.08.2022 12:24;01.08.22 13:54
1341312;34428856;01.08.2022 12:23;01.08.22 12:25
1341312;34375974;01.08.2022 13:49;01.08.22 13:24
1341312;34216236;01.08.2022 12:09;01.08.22 13:06
1341312;34319118;01.08.2022 12:03;01.08.22 13:06
1341312;34300633;01.08.2022 12:48;01.08.22 13:59
1341312;34328472;01.08.2022 12:03;01.08.22 12:19
1341312;34290069;01.08.2022 12:02;01.08.22 12:03
1341312;34375093;01.08.2022 12:24;01.08.22 13:25
1341312;34295793;01.08.2022 12:34;01.08.22 12:35
1341312;34287808;01.08.2022 12:36;01.08.22 13:49
1341312;34403451;01.08.2022 12:41;01.08.22 13:54
1341312;34345991;01.08.2022 12:14;01.08.22 12:53
1341312;34236720;01.08.2022 13:01;01.08.22 13:52
1341312;34424109;01.08.2022 12:05;01.08.22 12:27
1341312;34221826;01.08.2022 12:29;01.08.22 12:37
1341312;34410489;01.08.2022 12:03;01.08.22 12:07
1341312;34320674;01.08.2022 12:19;01.08.22 12:50
1341312;34217911;01.08.2022 13:34;01.08.22 13:35
1341312;34283456;01.08.2022 12:18;01.08.22 12:57
1341312;34250327;01.08.2022 13:03;01.08.22 13:10
1341312;34273404;01.08.2022 12:01;01.08.22 12:30
1341312;34365748;01.08.2022 12:12;01.08.22 13:06
1341312;34229821;01.08.2022 12:14;01.08.22 12:35
1341312;34321884;01.08.2022 12:10;01.08.22 12:14
1341312;34214513;01.08.2022 13:03;01.08.22 13:20
1341312;34261580;01.08.2022 12:06;01.08.22 12:38
1341312;34360931;01.08.2022 13:51;01.08.22 13:17
1341312;34345007;01.08.2022 12:05;01.08.22 12:13
1341312;34330903;01.08.2022 12:06;01.08.22 12:15
1341312;34337114;01.08.2022 12:12;01.08.22 12:21
1341312;34411127;01.08.2022 13:08;01.08.22 13:47
1341312;34432122;01.08.2022 12:57;01.08.22 13:44
1341312;34366299;01.08.2022 13:34;01.08.22 13:41
1341312;34417164;01.08.2022 12:33;01.08.22 13:18
1341312;34305401;01.08.2022 12:32;01.08.22 13:14
1341312;34421007;01.08.2022 12:08;01.08.22 13:08
1341312;34312174;01.08.2022 12:44;01.08.22 13:19
1341312;34354653;01.08.2022 13:08;01.08.22 13:46
1341312;34235342;01.08.2022 13:18;01.08.22 13:31
1341312;34218509;01.08.2022 12:10;01.08.22 12:57
1341312;34333774;01.08.2022 12:25;01.08.22 13:11
1341312;34370922;01.08.2022 12:04;01.08.22 12:08
1341312;34266821;01.08.2022 12:21;01.08.22 12:42
1341312;34299122;01.08.2022 12:11;01.08.22 12:23
1341312;34350946;01.08.2022 12:09;01.08.22 12:20
1341312;34404476;01.08.2022 12:17;01.08.22 13:08
1341312;34218095;01.08.2022 13:50;01.08.22 13:20
1341312;34368346;01.08.2022 12:43;01.08.22 13:06
1341312;34214629;01.08.2022 12:06;01.08.22 12:39
1341312;34430147;01.08.2022 12:13;01.08.22 12:24
1341312;34340738;01.08.2022 12:45;01.08.22 13:47
1341312;34311273;01.08.2022 12:01;01.08.22 13:07
1341312;34343588;01.08.2022 12:15;01.08.22 12:23
1341312;34367654;01.08.2022 12:38;01.08.22 13:29
1341312;34431606;01.08.2022 12:17;01.08.22 13:08
1341312;34421101;01.08.2022 12:11;01.08.22 13:09
1341312;34369527;01.08.2022 12:10;01.08.22 12:31
1341312;34377582;01.08.2022 12:19;01.08.22 13:31
1341312;34383233;01.08.2022 12:18;01.08.22 13:23
1341312;34346172;01.08.2022 12:16;01.08.22 12:24
1341312;34380802;01.08.2022 13:24;01.08.22 13:24
1341312;34326970;01.08.2022 12:04;01.08.22 13:19
1341312;34228153;01.08.2022 13:05;01.08.22 13:50
1341312;34315080;01.08.2022 12:18;01.08.22 13:36
1341312;34247351;01.08.2022 12:38;01.08.22 13:03
1341312;34401175;01.08.2022 13:02;01.08.22 13:10
1341312;34238810;01.08.2022 12:46;01.08.22 13:47
1341312;34300856;01.08.2022 12:48;01.08.22 13:21
1341312;34332101;01.08.2022 12:10;01.08.22 13:07
1341312;34255704;01.08.2022 12:05;01.08.22 13:13
1341312;34375200;01.08.2022 12:02;01.08.22 12:17
1341312;34375738;01.08.2022 12:19;01.08.22 13:45
1341312;34263715;01.08.2022 12:16;01.08.22 12:21
1341312;34383850;01.08.2022 12:08;01.08.22 12:24
1341312;34256582;01.08.2022 12:38;01.08.22 13:28
1341312;34215556;01.08.2022 12:38;01.08.22 13:57
1341312;34353172;01.08.2022 12:39;01.08.22 12:49
1341312;34359444;01.08.2022 12:20;01.08.22 12:25
1341312;34291991;01.08.2022 12:46;01.08.22 13:10
1341312;34287403;01.08.2022 13:00;01.08.22 13:20
1341312;34218358;01.08.2022 12:21;01.08.22 13:26
1341312;34308016;01.08.2022 12:09;01.08.22 13:07
1341312;34307384;01.08.2022 13:52;01.08.22 13:17
1341312;34274233;01.08.2022 13:49;01.08.22 13:19
1341312;34372915;01.08.2022 12:17;01.08.22 13:08
1341312;34335597;01.08.2022 12:11;01.08.22 12:21
1341312;34330903;01.08.2022 12:14;01.08.22 12:41
1341312;34341282;01.08.2022 12:19;01.08.22 12:23
1341312;34365777;01.08.2022 12:06;01.08.22 12:42
1341312;34291125;01.08.2022 12:00;01.08.22 12:02
1341312;34319977;01.08.2022 12:38;01.08.22 13:33
1341312;34410489;01.08.2022 13:17;01.08.22 13:31
1341312;34415887;01.08.2022 12:01;01.08.22 12:01
1341312;34414544;01.08.2022 12:45;01.08.22 13:42
1341312;34349499;01.08.2022 12:00;01.08.22 12:03
1341312;34393709;01.08.2022 12:00;01.08.22 12:43
1341312;34383398;01.08.2022 12:02;01.08.22 12:04
1341312;34306261;01.08.2022 12:02;01.08.22 12:05
1341312;34432122;01.08.2022 12:03;01.08.22 12:45
1341312;34388891;01.08.2022 12:22;01.08.22 12:24
1341312;34251060;01.08.2022 12:16;01.08.22 12:31
1341312;34334256;01.08.2022 12:00;01.08.22 12:00
1341312;34397442;01.08.2022 12:16;01.08.22 13:27
1341312;34256898;01.08.2022 12:38;01.08.22 13:55
1341312;34380595;01.08.2022 13:37;01.08.22 13:41
1341312;34430972;01.08.2022 12:39;01.08.22 13:02
1341312;34256406;01.08.2022 12:15;01.08.22 12:56
1341312;34257838;01.08.2022 13:19;01.08.22 13:29
1341312;34310257;01.08.2022 12:09;01.08.22 12:38
1341312;34286922;01.08.2022 12:07;01.08.22 12:14
1341312;34424785;01.08.2022 12:00;01.08.22 12:02
1341312;34371639;01.08.2022 13:00;01.08.22 13:30
1341312;34292375;01.08.2022 12:41;01.08.22 13:01
1341312;34320417;01.08.2022 12:16;01.08.22 12:18
1341312;34362785;01.08.2022 12:02;01.08.22 12:21
1341312;34330903;01.08.2022 12:52;01.08.22 13:15
1341312;34351334;01.08.2022 12:38;01.08.22 13:59
1341312;34425731;01.08.2022 12:18;01.08.22 12:24
1341312;34403984;01.08.2022 13:08;01.08.22 13:30
1341312;34283306;01.08.2022 12:01;01.08.22 12:19
1341312;34347503;01.08.2022 12:00;01.08.22 12:24
1341312;34282564;01.08.2022 12:02;01.08.22 12:29
1341312;34214695;01.08.2022 12:08;01.08.22 12:09
1341312;34270421;01.08.2022 13:54;01.08.22 13:16
1341312;34282749;01.08.2022 12:25;01.08.22 12:26
1341312;34430671;01.08.2022 12:03;01.08.22 13:06
1341312;34431221;01.08.2022 12:37;01.08.22 12:56
1341312;34285417;01.08.2022 12:00;01.08.22 12:35
1341312;34350944;01.08.2022 12:06;01.08.22 13:02
1341312;34282926;01.08.2022 12:13;01.08.22 12:40
1341312;34283456;01.08.2022 12:28;01.08.22 13:27
1341312;34360584;01.08.2022 12:01;01.08.22 12:02
1341312;34240347;01.08.2022 12:04;01.08.22 12:36
1341312;34378788;01.08.2022 12:05;01.08.22 12:21
1341312;34363856;01.08.2022 13:53;01.08.22 13:16
1341312;34330903;01.08.2022 13:07;01.08.22 13:13
1341312;34312207;01.08.2022 12:06;01.08.22 12:07
1341312;34392760;01.08.2022 12:02;01.08.22 12:05
1341312;34379673;01.08.2022 13:04;01.08.22 13:11
1341312;34321083;01.08.2022 12:33;01.08.22 13:46
1341312;34342018;01.08.2022 12:02;01.08.22 13:24
1341312;34357505;01.08.2022 12:38;01.08.22 13:28
1341312;34227964;01.08.2022 13:02;01.08.22 13:31
1341312;34375738;01.08.2022 12:19;01.08.22 13:01
1341312;34415860;01.08.2022 13:20;01.08.22 13:53
1341312;34407770;01.08.2022 12:06;01.08.22 12:14
1341312;34375950;01.08.2022 12:10;01.08.22 12:25
1341312;34254058;01.08.2022 12:30;01.08.22 12:56
1341312;34244109;01.08.2022 12:05;01.08.22 13:31
1341312;34399313;01.08.2022 12:03;01.08.22 12:10
1341312;34363764;01.08.2022 12:02;01.08.22 12:03
1341312;34302703;01.08.2022 12:00;01.08.22 12:04
1341312;34367049;01.08.2022 12:41;01.08.22 13:13
1341312;34360017;01.08.2022 12:04;01.08.22 12:08
1341312;34376513;01.08.2022 12:00;01.08.22 13:06
1341312;34324626;01.08.2022 12:56;01.08.22 13:30
1341312;34395806;01.08.2022 12:38;01.08.22 13:34
1341312;34406906;01.08.2022 12:19;01.08.22 12:21
1341312;34411017;01.08.2022 12:00;01.08.22 13:08
1341312;34379041;01.08.2022 12:02;01.08.22 13:07
1341312;34314238;01.08.2022 12:13;01.08.22 12:23
1341312;34385988;01.08.2022 12:16;01.08.22 12:19
1341312;34412811;01.08.2022 12:01;01.08.22 12:04
1341312;34428279;01.08.2022 12:00;01.08.22 12:08
1341312;34216431;01.08.2022 12:38;01.08.22 13:28
1341312;34256630;01.08.2022 12:15;01.08.22 13:08
1341312;34428292;01.08.2022 12:01;01.08.22 12:24
1341312;34296372;01.08.2022 12:07;01.08.22 12:21
1341312;34432122;01.08.2022 12:21;01.08.22 12:42
1341312;34397419;01.08.2022 12:50;01.08.22 13:16
1341312;34383861;01.08.2022 12:03;01.08.22 13:07
1341312;34381778;01.08.2022 12:43;01.08.22 13:24
1341312;34381842;01.08.2022 12:05;01.08.22 12:11
1341312;34379041;01.08.2022 12:08;01.08.22 12:21
1341312;34408635;01.08.2022 12:44;01.08.22 13:01
1341312;34307986;01.08.2022 12:27;01.08.22 12:47
1341312;34248733;01.08.2022 12:14;01.08.22 12:57
1341312;34354053;01.08.2022 12:59;01.08.22 13:54
1341312;34384621;01.08.2022 12:00;01.08.22 12:00
1341312;34276956;01.08.2022 12:10;01.08.22 13:12
1341312;34306742;01.08.2022 12:46;01.08.22 12:55
1341312;34238217;01.08.2022 13:04;01.08.22 13:13
1341312;34330903;01.08.2022 12:38;01.08.22 13:35
1341312;34270037;01.08.2022 12:00;01.08.22 12:08
1341312;34420298;01.08.2022 13:52;01.08.22 13:17
1341312;34381947;01.08.2022 12:55;01.08.22 13:40
1341312;34292131;01.08.2022 12:13;01.08.22 12:26
1341312;34295256;01.08.2022 12:00;01.08.22 12:10
1341312;34281608;01.08.2022 12:15;01.08.22 13:27
1341312;34368001;01.08.2022 12:37;01.08.22 13:04
1341312;34250050;01.08.2022 12:24;01.08.22 12:41
1341312;34265777;01.08.2022 12:47;01.08.22 13:04
1341312;34236934;01.08.2022 13:20;01.08.22 13:23
1341312;34410489;01.08.2022 12:12;01.08.22 12:18
1341312;34393629;01.08.2022 12:04;01.08.22 12:21
1341312;34410489;01.08.2022 13:04;01.08.22 13:11
1341312;34379041;01.08.2022 12:38;01.08.22 13:10
1341312;34425605;01.08.2022 12:16;01.08.22 12:47
1341312;34419507;01.08.2022 13:34;01.08.22 13:52
1341312;34315637;01.08.2022 12:43;01.08.22 13:06
1341312;34234117;01.08.2022 12:05;01.08.22 12:23
1341312;34378750;01.08.2022 12:17;01.08.22 12:56
1341312;34350838;01.08.2022 12:25;01.08.22 12:27
1341312;34372401;01.08.2022 12:03;01.08.22 12:23
1341312;34350969;01.08.2022 12:38;01.08.22 13:56
1341312;34257581;01.08.2022 12:20;01.08.22 13:47
1341312;34383915;01.08.2022 12:06;01.08.22 13:06
1341312;34291574;01.08.2022 12:23;01.08.22 13:26
1341312;34330941;01.08.2022 12:03;01.08.22 12:07
1341312;34320875;01.08.2022 12:48;01.08.22 13:22
1341312;34350880;01.08.2022 12:09;01.08.22 12:23
1341312;34238926;01.08.2022 12:16;01.08.22 13:47
1341312;34393085;01.08.2022 12:33;01.08.22 13:24
1341312;34283306;01.08.2022 12:03;01.08.22 12:58
1341312;34312403;01.08.2022 12:49;01.08.22 13:21
1341312;34346235;01.08.2022 12:11;01.08.22 12:24
1341312;34370916;01.08.2022 12:13;01.08.22 12:16
1341312;34307294;01.08.2022 12:19;01.08.22 13:15
1341312;34375713;01.08.2022 12:12;01.08.22 12:50
1341312;34258032;01.08.2022 12:20;01.08.22 12:23
1341312;34322980;01.08.2022 12:00;01.08.22 12:05
1341312;34278328;01.08.2022 12:42;01.08.22 12:46
1341312;34293434;01.08.2022 12:09;01.08.22 12:15
1341312;34286389;01.08.2022 12:55;01.08.22 13:09
1341312;34280118;01.08.2022 12:38;01.08.22 13:55
1341312;34276316;01.08.2022 12:23;01.08.22 12:23
1341312;34352513;01.08.2022 12:12;01.08.22 12:24
1341312;34311564;01.08.2022 12:11;01.08.22 12:14
1341312;34227594;01.08.2022 12:12;01.08.22 12:30
1341312;34392616;01.08.2022 12:00;01.08.22 12:02
1341312;34398609;01.08.2022 12:50;01.08.22 13:01
1341312;34299550;01.08.2022 12:20;01.08.22 12:21
1341312;34430928;01.08.2022 12:10;01.08.22 12:14
1341312;34370586;01.08.2022 12:11;01.08.22 13:06
1341312;34389482;01.08.2022 12:18;01.08.22 12:56
1341312;34328479;01.08.2022 12:40;01.08.22 13:39
1341312;34289609;01.08.2022 12:07;01.08.22 12:21
1341312;34233663;01.08.2022 12:09;01.08.22 12:23
1341312;34233663;01.08.2022 12:37;01.08.22 12:41
1341312;34237488;01.08.2022 12:26;01.08.22 12:44
1341312;34310328;01.08.2022 12:04;01.08.22 13:07
1341312;34300823;01.08.2022 12:38;01.08.22 12:53
1341312;34389895;01.08.2022 12:59;01.08.22 13:23
1341312;34232363;01.08.2022 12:07;01.08.22 12:54
1341312;34288184;01.08.2022 12:05;01.08.22 12:06
1341312;34325731;01.08.2022 12:50;01.08.22 13:26
1341312;34384645;01.08.2022 12:47;01.08.22 12:55
1341312;34229596;01.08.2022 12:07;01.08.22 13:04
1341312;34429609;01.08.2022 12:15;01.08.22 12:20
1341312;34431677;01.08.2022 12:25;01.08.22 12:29
1341312;34410489;01.08.2022 13:50;01.08.22 13:20
1341312;34283306;01.08.2022 12:36;01.08.22 13:02
1341312;34330903;01.08.2022 12:01;01.08.22 12:10
1341312;34416538;01.08.2022 12:04;01.08.22 12:07
1341312;34408555;01.08.2022 12:03;01.08.22 13:31
1341312;34379423;01.08.2022 12:45;01.08.22 13:23
1341312;34246827;01.08.2022 12:11;01.08.22 13:06
1341312;34371078;01.08.2022 12:03;01.08.22 13:06
1341312;34424844;01.08.2022 12:23;01.08.22 12:33
1341312;34336440;01.08.2022 12:08;01.08.22 13:06
1341312;34262570;01.08.2022 12:00;01.08.22 12:00
1341312;34432122;01.08.2022 12:48;01.08.22 13:18
1341312;34214513;01.08.2022 12:28;01.08.22 13:14
1341312;34366606;01.08.2022 12:48;01.08.22 13:22
1341312;34224140;01.08.2022 12:26;01.08.22 13:00
1341312;34219238;01.08.2022 12:08;01.08.22 13:07
1341312;34222962;01.08.2022 12:40;01.08.22 12:48
1341312;34326460;01.08.2022 12:43;01.08.22 13:05
1341312;34431136;01.08.2022 12:00;01.08.22 12:00
1341312;34320893;01.08.2022 12:20;01.08.22 12:39
1341312;34275980;01.08.2022 12:02;01.08.22 12:21
1341312;34351718;01.08.2022 12:51;01.08.22 13:09
1341312;34315827;01.08.2022 13:00;01.08.22 13:18
1341312;34411017;01.08.2022 12:01;01.08.22 12:06
1341312;34290905;01.08.2022 12:40;01.08.22 13:18
1341312;34413083;01.08.2022 12:03;01.08.22 12:23
1341312;34233535;01.08.2022 12:09;01.08.22 13:06
1341312;34271857;01.08.2022 12:15;01.08.22 12:16
1341312;34340262;01.08.2022 12:01;01.08.22 12:05
1341312;34279318;01.08.2022 12:02;01.08.22 12:53
1341312;34334711;01.08.2022 12:52;01.08.22 13:45
1341312;34237063;01.08.2022 12:09;01.08.22 13:20
1341312;34222014;01.08.2022 12:56;01.08.22 13:21
1341312;34330903;01.08.2022 13:07;01.08.22 13:43
1341312;34373219;01.08.2022 12:05;01.08.22 12:43
1341312;34317836;01.08.2022 12:06;01.08.22 12:14
1341312;34360962;01.08.2022 13:22;01.08.22 13:28
1341312;34272934;01.08.2022 12:17;01.08.22 13:13
1341312;34315408;01.08.2022 12:09;01.08.22 12:17
1341312;34368554;01.08.2022 12:59;01.08.22 13:14
1341312;34377300;01.08.2022 12:26;01.08.22 12:52
1341312;34386262;01.08.2022 12:05;01.08.22 12:43
1341312;34348726;01.08.2022 12:03;01.08.22 12:15
1341312;34350053;01.08.2022 12:54;01.08.22 13:04
1341312;34427074;01.08.2022 12:01;01.08.22 12:01
1341312;34411017;01.08.2022 12:04;01.08.22 12:36
1341312;34330903;01.08.2022 12:00;01.08.22 12:07
1341312;34407461;01.08.2022 12:06;01.08.22 13:30
1341312;34266033;01.08.2022 12:02;01.08.22 12:25
1341312;34276401;01.08.2022 12:45;01.08.22 13:49
1341312;34272993;01.08.2022 12:22;01.08.22 13:09
1341312;34277577;01.08.2022 12:01;01.08.22 12:06
1341312;34294114;01.08.2022 12:05;01.08.22 12:17
1341312;34406772;01.08.2022 13:48;01.08.22 13:53
1341312;34410489;01.08.2022 12:57;01.08.22 13:52
1341312;34393221;01.08.2022 12:06;01.08.22 12:10
1341312;34334295;01.08.2022 12:04;01.08.22 12:18
1341312;34350944;01.08.2022 12:00;01.08.22 12:01
1341312;34338661;01.08.2022 12:06;01.08.22 12:24
1341312;34227906;01.08.2022 12:01;01.08.22 12:23
1341312;34274167;01.08.2022 13:45;01.08.22 13:53
1341312;34222716;01.08.2022 12:09;01.08.22 12:26
1341312;34326937;01.08.2022 12:41;01.08.22 13:09
1341312;34311383;01.08.2022 12:22;01.08.22 12:23
1341312;34311986;01.08.2022 12:00;01.08.22 12:02
1341312;34338264;01.08.2022 12:19;01.08.22 12:21
1341312;34293099;01.08.2022 12:24;01.08.22 13:41
1341312;34421927;01.08.2022 12:27;01.08.22 12:40
1341312;34340306;01.08.2022 12:24;01.08.22 13:05
1341312;34416328;01.08.2022 12:30;01.08.22 13:05
1341312;34290546;01.08.2022 12:01;01.08.22 12:17
1341312;34362847;01.08.2022 12:41;01.08.22 12:51
1341312;34425731;01.08.2022 12:51;01.08.22 13:09
1341312;34330903;01.08.2022 12:08;01.08.22 12:39
1341312;34313275;01.08.2022 12:05;01.08.22 12:31
1341312;34425731;01.08.2022 12:07;01.08.22 12:24
1341312;34338470;01.08.2022 12:38;01.08.22 13:35
1341312;34383540;01.08.2022 12:43;01.08.22 13:38
1341312;34260279;01.08.2022 13:16;01.08.22 13:53
1341312;34379041;01.08.2022 12:04;01.08.22 12:04
1341312;34288628;01.08.2022 12:06;01.08.22 12:33
1341312;34411017;01.08.2022 13:01;01.08.22 13:36
1341312;34357818;01.08.2022 13:52;01.08.22 13:17
1341312;34391270;01.08.2022 12:17;01.08.22 13:29
1341312;34428764;01.08.2022 12:00;01.08.22 12:01
1341312;34377704;01.08.2022 12:03;01.08.22 13:24
1341312;34293227;01.08.2022 12:25;01.08.22 12:25
1341312;34374701;01.08.2022 12:18;01.08.22 13:49
1341312;34423208;01.08.2022 12:03;01.08.22 13:06
1341312;34294749;01.08.2022 13:48;01.08.22 13:20
1341312;34343455;01.08.2022 12:04;01.08.22 12:06
1341312;34312348;01.08.2022 12:00;01.08.22 13:06
1341312;34267023;01.08.2022 13:43;01.08.22 13:47
1341312;34374986;01.08.2022 13:50;01.08.22 13:17
1341312;34319000;01.08.2022 12:04;01.08.22 13:29
1341312;34277950;01.08.2022 12:06;01.08.22 12:08
1341312;34398442;01.08.2022 12:29;01.08.22 12:57
1341312;34420903;01.08.2022 12:23;01.08.22 12:50
1341312;34428279;01.08.2022 13:30;01.08.22 13:47
1341312;34252233;01.08.2022 13:29;01.08.22 13:51
1341312;34285032;01.08.2022 12:01;01.08.22 13:06
1341312;34353031;01.08.2022 12:01;01.08.22 13:08
1341312;34411017;01.08.2022 12:38;01.08.22 13:55
1341312;34372290;01.08.2022 12:16;01.08.22 12:24
1341312;34245286;01.08.2022 12:08;01.08.22 12:22
1341312;34354695;01.08.2022 12:38;01.08.22 13:56
1341312;34229836;01.08.2022 13:48;01.08.22 13:54
1341312;34384357;01.08.2022 12:28;01.08.22 13:11
1341312;34397728;01.08.2022 12:45;01.08.22 13:25
1341312;34427337;01.08.2022 12:02;01.08.22 12:45
1341312;34316976;01.08.2022 12:46;01.08.22 13:39
1341312;34232438;01.08.2022 12:05;01.08.22 12:22
1341312;34268048;01.08.2022 12:00;01.08.22 12:02
1341312;34262616;01.08.2022 12:22;01.08.22 13:13
1341312;34385327;01.08.2022 12:15;01.08.22 12:21
1341312;34384532;01.08.2022 12:09;01.08.22 12:31
1341312;34431677;01.08.2022 12:04;01.08.22 12:33
1341312;34221814;01.08.2022 12:03;01.08.22 12:21
1341312;34413215;01.08.2022 12:00;01.08.22 12:32
1341312;34393632;01.08.2022 12:11;01.08.22 12:17
1341312;34257440;01.08.2022 12:05;01.08.22 13:08
1341312;34236287;01.08.2022 12:48;01.08.22 13:22
1341312;34315027;01.08.2022 12:12;01.08.22 12:41
1341312;34364424;01.08.2022 12:10;01.08.22 13:06
1341312;34235342;01.08.2022 12:25;01.08.22 12:50
1341312;34359618;01.08.2022 12:20;01.08.22 12:24
1341312;34396598;01.08.2022 12:26;01.08.22 12:31
1341312;34228971;01.08.2022 12:01;01.08.22 12:08
1341312;34334621;01.08.2022 12:32;01.08.22 12:53
1341312;34217319;01.08.2022 12:08;01.08.22 13:53
1341312;34340417;01.08.2022 12:10;01.08.22 13:26
1341312;34260921;01.08.2022 12:43;01.08.22 13:05
1341312;34428392;01.08.2022 12:06;01.08.22 12:14
1341312;34291753;01.08.2022 12:44;01.08.22 13:22
1341312;34244131;01.08.2022 12:26;01.08.22 12:29
1341312;34340529;01.08.2022 12:14;01.08.22 12:23
1341312;34355873;01.08.2022 12:27;01.08.22 13:04
1341312;34379483;01.08.2022 12:04;01.08.22 12:16
1341312;34408043;01.08.2022 12:45;01.08.22 13:19
1341312;34223596;01.08.2022 12:43;01.08.22 13:06
1341312;34432122;01.08.2022 12:50;01.08.22 13:49
1341312;34280544;01.08.2022 12:05;01.08.22 13:00
1341312;34316540;01.08.2022 12:12;01.08.22 13:05
1341312;34250801;01.08.2022 12:03;01.08.22 12:15
1341312;34390074;01.08.2022 12:53;01.08.22 13:52
1341312;34247290;01.08.2022 12:48;01.08.22 13:22
1341312;34335407;01.08.2022 13:04;01.08.22 13:40
1341312;34411017;01.08.2022 12:44;01.08.22 13:49
1341312;34323750;01.08.2022 12:00;01.08.22 13:36
1341312;34219398;01.08.2022 12:05;01.08.22 12:07
1341312;34305696;01.08.2022 13:28;01.08.22 13:28
1341312;34372626;01.08.2022 12:50;01.08.22 13:19
1341312;34339010;01.08.2022 13:08;01.08.22 13:15
1341312;34428027;01.08.2022 12:07;01.08.22 12:21
1341312;34379041;01.08.2022 13:42;01.08.22 13:59
1341312;34334572;01.08.2022 12:24;01.08.22 12:38
1341312;34399277;01.08.2022 12:24;01.08.22 13:06
1341312;34327710;01.08.2022 12:31;01.08.22 13:11
1341312;34220673;01.08.2022 12:01;01.08.22 12:02
1341312;34300795;01.08.2022 12:40;01.08.22 13:23
1341312;34379041;01.08.2022 12:03;01.08.22 12:05
1341312;34351097;01.08.2022 12:00;01.08.22 12:01
1341312;34395870;01.08.2022 12:13;01.08.22 13:07
1341312;34386814;01.08.2022 12:05;01.08.22 12:05
1341312;34247530;01.08.2022 12:36;01.08.22 12:55
1341312;34425646;01.08.2022 12:18;01.08.22 12:21
1341312;34236099;01.08.2022 12:28;01.08.22 12:45
1341312;34324357;01.08.2022 12:21;01.08.22 13:07
1341312;34322640;01.08.2022 12:58;01.08.22 13:01
1341312;34334644;01.08.2022 12:02;01.08.22 13:46
1341312;34309742;01.08.2022 12:07;01.08.22 12:24
1341312;34415127;01.08.2022 12:03;01.08.22 12:18
1341312;34410489;01.08.2022 13:18;01.08.22 13:42
1341312;34328495;01.08.2022 12:12;01.08.22 12:24
1341312;34416527;01.08.2022 12:09;01.08.22 12:11
1341312;34308973;01.08.2022 12:32;01.08.22 13:00
1341312;34254346;01.08.2022 12:52;01.08.22 13:12
1341312;34400690;01.08.2022 12:24;01.08.22 12:25
1341312;34377602;01.08.2022 12:35;01.08.22 12:42
1341312;34260302;01.08.2022 12:00;01.08.22 12:03
1341312;34405958;01.08.2022 12:43;01.08.22 13:06
1341312;34412000;01.08.2022 12:56;01.08.22 13:07
1341312;34372603;01.08.2022 12:55;01.08.22 13:15
1341312;34304407;01.08.2022 12:11;01.08.22 12:23
1341312;34346588;01.08.2022 13:43;01.08.22 13:49
1341312;34362990;01.08.2022 12:43;01.08.22 13:06
1341312;34279224;01.08.2022 12:38;01.08.22 13:58
1341312;34330903;01.08.2022 12:14;01.08.22 12:29
1341312;34417862;01.08.2022 12:04;01.08.22 12:14
1341312;34264337;01.08.2022 12:31;01.08.22 12:44
1341312;34285353;01.08.2022 12:06;01.08.22 13:06
1341312;34407391;01.08.2022 12:33;01.08.22 12:46
1341312;34329273;01.08.2022 12:06;01.08.22 12:06
1341312;34300587;01.08.2022 12:35;01.08.22 13:16
1341312;34345681;01.08.2022 12:10;01.08.22 13:39
1341312;34389773;01.08.2022 12:09;01.08.22 13:11
1341312;34281992;01.08.2022 12:06;01.08.22 12:08
1341312;34393171;01.08.2022 12:28;01.08.22 12:28
1341312;34278183;01.08.2022 12:22;01.08.22 13:14
1341312;34234678;01.08.2022 12:07;01.08.22 12:59
1341312;34338967;01.08.2022 12:00;01.08.22 12:01
1341312;34218260;01.08.2022 12:21;01.08.22 12:22
1341312;34319152;01.08.2022 12:56;01.08.22 13:04
1341312;34383861;01.08.2022 12:38;01.08.22 13:35
1341312;34422654;01.08.2022 12:02;01.08.22 12:23
1341312;34386176;01.08.2022 12:39;01.08.22 13:03
1341312;34425006;01.08.2022 12:02;01.08.22 12:06
1341312;34271744;01.08.2022 12:47;01.08.22 13:47
1341312;34289678;01.08.2022 12:11;01.08.22 12:15
1341312;34375897;01.08.2022 13:11;01.08.22 13:26
1341312;34220569;01.08.2022 12:09;01.08.22 12:27
1341312;34315694;01.08.2022 12:24;01.08.22 13:54
1341312;34285262;01.08.2022 12:11;01.08.22 12:52
1341312;34268253;01.08.2022 12:08;01.08.22 12:45
1341312;34428279;01.08.2022 12:46;01.08.22 12:55
1341312;34432122;01.08.2022 13:29;01.08.22 13:47
1341312;34405038;01.08.2022 12:00;01.08.22 12:07
1341312;34273819;01.08.2022 12:06;01.08.22 12:23
1341312;34335289;01.08.2022 12:38;01.08.22 12:57
1341312;34317558;01.08.2022 12:12;01.08.22 12:54
1341312;34392028;01.08.2022 12:01;01.08.22 12:11
1341312;34335380;01.08.2022 12:07;01.08.22 13:00
1341312;34344717;01.08.2022 12:08;01.08.22 12:39
1341312;34366667;01.08.2022 12:03;01.08.22 12:06
1341312;34429342;01.08.2022 12:24;01.08.22 12:24
1341312;34307415;01.08.2022 12:00;01.08.22 12:04
1341312;34233379;01.08.2022 12:00;01.08.22 12:00
1341312;34342719;01.08.2022 12:00;01.08.22 12:03
1341312;34349977;01.08.2022 12:00;01.08.22 12:01
1341312;34214513;01.08.2022 12:12;01.08.22 12:42
1341312;34422546;01.08.2022 13:53;01.08.22 13:16
1341312;34278902;01.08.2022 12:24;01.08.22 13:40
1341312;34296481;01.08.2022 12:35;01.08.22 13:25
1341312;34309529;01.08.2022 12:01;01.08.22 12:01
1341312;34397577;01.08.2022 12:10;01.08.22 13:06
1341312;34333385;01.08.2022 12:38;01.08.22 13:57
1341312;34352783;01.08.2022 12:15;01.08.22 12:16
1341312;34414419;01.08.2022 12:38;01.08.22 13:57
1341312;34266665;01.08.2022 12:02;01.08.22 12:23
1341312;34321373;01.08.2022 12:03;01.08.22 12:03
1341312;34238436;01.08.2022 12:29;01.08.22 13:22
1341312;34236255;01.08.2022 12:00;01.08.22 12:01
1341312;34388870;01.08.2022 12:07;01.08.22 12:22
1341312;34318518;01.08.2022 12:08;01.08.22 13:40
1341312;34348800;01.08.2022 12:13;01.08.22 13:08
1341312;34315514;01.08.2022 12:43;01.08.22 13:25
1341312;34315533;01.08.2022 12:54;01.08.22 13:28
1341312;34431670;01.08.2022 12:10;01.08.22 12:30
1341312;34374183;01.08.2022 12:03;01.08.22 12:07
1341312;34229491;01.08.2022 12:12;01.08.22 13:09
1341312;34284333;01.08.2022 12:22;01.08.22 12:58
1341312;34329545;01.08.2022 12:01;01.08.22 12:01
1341312;34277203;01.08.2022 12:11;01.08.22 12:56
1341312;34413432;01.08.2022 12:08;01.08.22 12:11
1341312;34302133;01.08.2022 12:02;01.08.22 12:03
1341312;34350477;01.08.2022 12:25;01.08.22 12:38
1341312;34216088;01.08.2022 12:26;01.08.22 13:25
1341312;34379041;01.08.2022 12:16;01.08.22 12:24
1341312;34252796;01.08.2022 12:10;01.08.22 12:11
1341312;34236815;01.08.2022 13:07;01.08.22 13:20
1341312;34264497;01.08.2022 12:06;01.08.22 12:09
1341312;34300610;01.08.2022 12:00;01.08.22 13:08
1341312;34238545;01.08.2022 12:40;01.08.22 13:37
1341312;34355998;01.08.2022 12:02;01.08.22 12:19
1341312;34412879;01.08.2022 12:57;01.08.22 13:25
1341312;34364628;01.08.2022 12:13;01.08.22 12:23
1341312;34214726;01.08.2022 13:05;01.08.22 13:53
1341312;34336983;01.08.2022 12:21;01.08.22 12:23
1341312;34343534;01.08.2022 12:48;01.08.22 13:21
1341312;34425711;01.08.2022 12:13;01.08.22 12:26
1341312;34417781;01.08.2022 12:41;01.08.22 13:12
1341312;34317015;01.08.2022 12:00;01.08.22 12:00
1341312;34233057;01.08.2022 12:02;01.08.22 12:08
1341312;34314730;01.08.2022 13:49;01.08.22 13:21
1341312;34301209;01.08.2022 12:12;01.08.22 12:16
1341312;34243398;01.08.2022 12:07;01.08.22 12:19
1341312;34276290;01.08.2022 12:17;01.08.22 12:18
1341312;34373672;01.08.2022 12:42;01.08.22 12:54
1341312;34403668;01.08.2022 12:37;01.08.22 13:15
1341312;34214513;01.08.2022 12:55;01.08.22 13:27
1341312;34372909;01.08.2022 12:03;01.08.22 12:03
1341312;34283306;01.08.2022 12:38;01.08.22 13:27
1341312;34377064;01.08.2022 12:02;01.08.22 12:57
1341312;34238558;01.08.2022 12:00;01.08.22 12:00
1341312;34339557;01.08.2022 12:14;01.08.22 12:24
1341312;34388341;01.08.2022 12:01;01.08.22 12:08
1341312;34229802;01.08.2022 12:30;01.08.22 13:08
1341312;34379041;01.08.2022 13:12;01.08.22 13:23
1341312;34432122;01.08.2022 13:03;01.08.22 13:36
1341312;34413076;01.08.2022 12:31;01.08.22 12:58
1341312;34427945;01.08.2022 12:08;01.08.22 13:03
1341312;34317256;01.08.2022 12:04;01.08.22 12:10
1341312;34363405;01.08.2022 12:03;01.08.22 12:23
1341312;34222427;01.08.2022 12:01;01.08.22 12:45
1341312;34407361;01.08.2022 12:52;01.08.22 13:28
1341312;34322315;01.08.2022 12:22;01.08.22 12:25
1341312;34311994;01.08.2022 12:22;01.08.22 12:24
1341312;34271867;01.08.2022 12:17;01.08.22 13:10
1341312;34240425;01.08.2022 12:18;01.08.22 13:07
1341312;34411864;01.08.2022 12:07;01.08.22 12:51
1341312;34412836;01.08.2022 12:05;01.08.22 13:21
1341312;34219112;01.08.2022 12:25;01.08.22 12:42
1341312;34410489;01.08.2022 12:00;01.08.22 12:03
1341312;34240232;01.08.2022 12:07;01.08.22 12:09
1341312;34216342;01.08.2022 12:10;01.08.22 12:25
1341312;34265667;01.08.2022 12:08;01.08.22 13:08
1341312;34332310;01.08.2022 12:10;01.08.22 12:21
1341312;34223746;01.08.2022 12:38;01.08.22 13:27
1341312;34359914;01.08.2022 12:24;01.08.22 12:33
1341312;34313732;01.08.2022 12:07;01.08.22 12:10
1341312;34286617;01.08.2022 12:35;01.08.22 12:56
1341312;34330684;01.08.2022 12:29;01.08.22 12:52
1341312;34315788;01.08.2022 12:01;01.08.22 12:10
1341312;34266351;01.08.2022 12:19;01.08.22 13:55
1341312;34326199;01.08.2022 12:05;01.08.22 12:07
1341312;34410489;01.08.2022 12:05;01.08.22 13:12
1341312;34336038;01.08.2022 12:25;01.08.22 12:25
1341312;34216236;01.08.2022 12:13;01.08.22 12:21
1341312;34330903;01.08.2022 12:04;01.08.22 12:26
1341312;34369647;01.08.2022 13:48;01.08.22 13:19
1341312;34291130;01.08.2022 13:49;01.08.22 13:20
1341312;34234990;01.08.2022 12:13;01.08.22 12:15
1341312;34256633;01.08.2022 12:18;01.08.22 12:19
1341312;34310924;01.08.2022 12:02;01.08.22 12:10
1341312;34235154;01.08.2022 12:57;01.08.22 13:08
1341312;34285104;01.08.2022 12:09;01.08.22 13:02
1341312;34432122;01.08.2022 12:20;01.08.22 12:23
1341312;34307010;01.08.2022 12:48;01.08.22 13:25
1341312;34371816;01.08.2022 13:54;01.08.22 13:16
1341312;34353172;01.08.2022 12:03;01.08.22 12:09
1341312;34355540;01.08.2022 12:16;01.08.22 12:23
1341312;34357505;01.08.2022 12:19;01.08.22 12:32
1341312;34242435;01.08.2022 12:00;01.08.22 12:08
1341312;34310433;01.08.2022 12:52;01.08.22 13:26
1341312;34331713;01.08.2022 12:38;01.08.22 13:13
1341312;34417499;01.08.2022 12:19;01.08.22 13:14
1341312;34418821;01.08.2022 12:03;01.08.22 13:05
1341312;34359065;01.08.2022 12:23;01.08.22 12:23
1341312;34305880;01.08.2022 12:02;01.08.22 12:10
1341312;34306862;01.08.2022 13:50;01.08.22 13:17
1341312;34285576;01.08.2022 12:00;01.08.22 12:00
1341312;34296851;01.08.2022 13:41;01.08.22 13:46
1341312;34393066;01.08.2022 12:02;01.08.22 13:19
1341312;34385723;01.08.2022 12:26;01.08.22 12:32
1341312;34364897;01.08.2022 12:46;01.08.22 13:49
1341312;34237764;01.08.2022 12:00;01.08.22 12:28
1341312;34235342;01.08.2022 12:13;01.08.22 12:27
1341312;34292984;01.08.2022 12:38;01.08.22 13:58
1341312;34362455;01.08.2022 12:38;01.08.22 13:57
1341312;34403225;01.08.2022 12:01;01.08.22 12:14
1341312;34276073;01.08.2022 12:05;01.08.22 12:21
1341312;34331094;01.08.2022 12:40;01.08.22 12:42
1341312;34432122;01.08.2022 12:08;01.08.22 13:12
1341312;34239813;01.08.2022 12:24;01.08.22 12:29
1341312;34321786;01.08.2022 12:01;01.08.22 13:07
1341312;34409199;01.08.2022 12:13;01.08.22 12:27
1341312;34229099;01.08.2022 13:14;01.08.22 13:25
1341312;34362601;01.08.2022 12:13;01.08.22 13:08
1341312;34390074;01.08.2022 12:14;01.08.22 12:23
1341312;34215765;01.08.2022 12:20;01.08.22 12:21
1341312;34329391;01.08.2022 12:33;01.08.22 13:09
1341312;34410698;01.08.2022 12:25;01.08.22 13:48
1341312;34423930;01.08.2022 12:34;01.08.22 13:29
1341312;34379041;01.08.2022 12:04;01.08.22 12:22
1341312;34408077;01.08.2022 12:51;01.08.22 13:27
1341312;34264697;01.08.2022 13:07;01.08.22 13:10
1341312;34215043;01.08.2022 12:00;01.08.22 12:17
1341312;34365602;01.08.2022 12:20;01.08.22 13:27
1341312;34307481;01.08.2022 12:37;01.08.22 13:38
1341312;34272779;01.08.2022 12:11;01.08.22 12:34
1341312;34397981;01.08.2022 12:18;01.08.22 13:58
1341312;34398511;01.08.2022 12:00;01.08.22 12:51
1341312;34411017;01.08.2022 12:14;01.08.22 12:24
1341312;34228510;01.08.2022 12:53;01.08.22 12:53
1341312;34335632;01.08.2022 12:39;01.08.22 13:24
1341312;34399155;01.08.2022 13:20;01.08.22 13:26
1341312;34385079;01.08.2022 12:21;01.08.22 13:09
1341312;34356945;01.08.2022 12:49;01.08.22 13:22
1341312;34314637;01.08.2022 12:05;01.08.22 12:23
1341312;34321935;01.08.2022 12:22;01.08.22 13:27
1341312;34217988;01.08.2022 12:03;01.08.22 12:23
1341312;34330504;01.08.2022 12:45;01.08.22 13:27
1341312;34357818;01.08.2022 12:12;01.08.22 12:24
1341312;34223507;01.08.2022 12:22;01.08.22 12:56
1341312;34241100;01.08.2022 12:16;01.08.22 12:21
1341312;34276194;01.08.2022 12:08;01.08.22 12:37
1341312;34239961;01.08.2022 12:32;01.08.22 12:39
1341312;34324270;01.08.2022 12:06;01.08.22 12:33
1341312;34287527;01.08.2022 12:15;01.08.22 12:23
1341312;34236857;01.08.2022 12:34;01.08.22 13:02
1341312;34321002;01.08.2022 12:07;01.08.22 12:41
1341312;34382181;01.08.2022 12:19;01.08.22 12:21
1341312;34357629;01.08.2022 12:10;01.08.22 13:26
1341312;34330903;01.08.2022 12:34;01.08.22 12:49
1341312;34227891;01.08.2022 12:46;01.08.22 12:58
1341312;34259087;01.08.2022 12:12;01.08.22 12:31
1341312;34301822;01.08.2022 12:24;01.08.22 12:49
1341312;34296127;01.08.2022 12:48;01.08.22 13:22
1341312;34279141;01.08.2022 12:00;01.08.22 12:08
1341312;34323951;01.08.2022 13:10;01.08.22 13:58
1341312;34244988;01.08.2022 12:07;01.08.22 13:00
1341312;34413129;01.08.2022 13:13;01.08.22 13:31
1341312;34363247;01.08.2022 12:56;01.08.22 13:37
1341312;34367312;01.08.2022 12:00;01.08.22 12:00
1341312;34246966;01.08.2022 12:16;01.08.22 13:01
1341312;34338532;01.08.2022 13:23;01.08.22 13:38
1341312;34406082;01.08.2022 12:01;01.08.22 13:39
1341312;34262102;01.08.2022 12:00;01.08.22 12:21
1341312;34415331;01.08.2022 12:11;01.08.22 12:11
1341312;34323532;01.08.2022 12:01;01.08.22 12:07
1341312;34317958;01.08.2022 12:04;01.08.22 12:06
1341312;34291591;01.08.2022 13:54;01.08.22 13:16
1341312;34357302;01.08.2022 12:10;01.08.22 12:14
1341312;34236743;01.08.2022 12:53;01.08.22 13:03
1341312;34398609;01.08.2022 12:46;01.08.22 13:36
1341312;34252645;01.08.2022 12:10;01.08.22 13:07
1341312;34244303;01.08.2022 12:07;01.08.22 12:18
1341312;34330536;01.08.2022 12:51;01.08.22 13:38
1341312;34288890;01.08.2022 12:17;01.08.22 12:33
1341312;34330547;01.08.2022 13:02;01.08.22 13:25
1341312;34415004;01.08.2022 12:02;01.08.22 13:11
1341312;34296932;01.08.2022 12:02;01.08.22 12:22
1341312;34398609;01.08.2022 12:02;01.08.22 12:24
1341312;34377058;01.08.2022 12:10;01.08.22 12:17
1341312;34410499;01.08.2022 12:26;01.08.22 12:40
1341312;34410913;01.08.2022 12:01;01.08.22 12:13
1341312;34427367;01.08.2022 12:05;01.08.22 12:07
1341312;34369174;01.08.2022 12:23;01.08.22 13:07
1341312;34292422;01.08.2022 12:38;01.08.22 13:57
1341312;34410489;01.08.2022 12:00;01.08.22 12:08
1341312;34220119;01.08.2022 12:30;01.08.22 12:36
1341312;34301473;01.08.2022 12:33;01.08.22 13:16
1341312;34263511;01.08.2022 12:15;01.08.22 13:52
1341312;34333276;01.08.2022 12:26;01.08.22 12:37
1341312;34410489;01.08.2022 12:32;01.08.22 13:29
1341312;34275514;01.08.2022 12:00;01.08.22 13:02
1341312;34246728;01.08.2022 12:25;01.08.22 12:25
1341312;34245308;01.08.2022 13:50;01.08.22 13:17
1341312;34364424;01.08.2022 12:33;01.08.22 13:55
1341312;34284967;01.08.2022 12:06;01.08.22 12:21
1341312;34251353;01.08.2022 12:15;01.08.22 12:21
1341312;34357123;01.08.2022 12:03;01.08.22 12:06
1341312;34410740;01.08.2022 12:01;01.08.22 12:14
1341312;34353478;01.08.2022 12:01;01.08.22 12:01
1341312;34379041;01.08.2022 12:09;01.08.22 12:10
1341312;34251159;01.08.2022 13:03;01.08.22 13:18
1341312;34316910;01.08.2022 12:46;01.08.22 13:37
1341312;34214513;01.08.2022 12:40;01.08.22 13:19
1341312;34320681;01.08.2022 12:01;01.08.22 12:08
1341312;34371320;01.08.2022 12:31;01.08.22 12:33
1341312;34429834;01.08.2022 12:46;01.08.22 12:56
1341312;34379041;01.08.2022 13:08;01.08.22 13:23
1341312;34290609;01.08.2022 13:10;01.08.22 13:13
1341312;34311382;01.08.2022 12:27;01.08.22 13:31
1341312;34359470;01.08.2022 12:06;01.08.22 13:09
1341312;34248601;01.08.2022 12:22;01.08.22 12:35
1341312;34247526;01.08.2022 13:20;01.08.22 13:36
1341312;34317656;01.08.2022 12:00;01.08.22 12:24
1341312;34372540;01.08.2022 12:54;01.08.22 13:49
1341312;34404018;01.08.2022 12:20;01.08.22 12:23
1341312;34288094;01.08.2022 12:02;01.08.22 12:07
1341312;34410489;01.08.2022 12:24;01.08.22 12:28
1341312;34345559;01.08.2022 12:10;01.08.22 13:06
1341312;34320789;01.08.2022 12:44;01.08.22 13:14
1341312;34228746;01.08.2022 12:02;01.08.22 13:11
1341312;34387897;01.08.2022 12:38;01.08.22 13:27
1341312;34265087;01.08.2022 12:15;01.08.22 12:23
1341312;34349178;01.08.2022 12:03;01.08.22 12:07
1341312;34376073;01.08.2022 12:15;01.08.22 13:20
1341312;34403262;01.08.2022 12:09;01.08.22 13:29
1341312;34373699;01.08.2022 12:09;01.08.22 12:24
1341312;34394643;01.08.2022 12:06;01.08.22 12:18
1341312;34383861;01.08.2022 12:14;01.08.22 13:24
1341312;34407353;01.08.2022 12:50;01.08.22 13:21
1341312;34385422;01.08.2022 12:04;01.08.22 13:26
1341312;34412204;01.08.2022 12:43;01.08.22 13:05
1341312;34299351;01.08.2022 12:09;01.08.22 12:13
1341312;34398961;01.08.2022 12:27;01.08.22 12:59
1341312;34257793;01.08.2022 12:48;01.08.22 13:23
1341312;34323742;01.08.2022 12:00;01.08.22 12:24
1341312;34416474;01.08.2022 12:11;01.08.22 12:18
1341312;34384940;01.08.2022 12:01;01.08.22 12:23
1341312;34299209;01.08.2022 12:22;01.08.22 12:43
1341312;34224964;01.08.2022 12:00;01.08.22 12:01
1341312;34275315;01.08.2022 12:06;01.08.22 12:22
1341312;34326027;01.08.2022 12:22;01.08.22 12:29
1341312;34349463;01.08.2022 12:22;01.08.22 12:32
1341312;34288490;01.08.2022 12:04;01.08.22 12:16
1341312;34432081;01.08.2022 12:08;01.08.22 12:41
1341312;34314289;01.08.2022 12:11;01.08.22 13:47
1341312;34244752;01.08.2022 12:10;01.08.22 13:18
1341312;34356824;01.08.2022 12:38;01.08.22 13:57
1341312;34371616;01.08.2022 12:01;01.08.22 12:10
1341312;34344100;01.08.2022 12:21;01.08.22 13:29
1341312;34377015;01.08.2022 12:10;01.08.22 13:06
1341312;34260555;01.08.2022 12:04;01.08.22 12:09
1341312;34330903;01.08.2022 13:27;01.08.22 13:36
1341312;34290901;01.08.2022 12:02;01.08.22 13:08
1341312;34254108;01.08.2022 12:08;01.08.22 12:14
1341312;34315936;01.08.2022 12:10;01.08.22 12:29
1341312;34250993;01.08.2022 12:59;01.08.22 13:22
1341312;34405201;01.08.2022 12:31;01.08.22 13:16
1341312;34421555;01.08.2022 12:37;01.08.22 13:44
1341312;34310769;01.08.2022 12:56;01.08.22 13:25
1341312;34374899;01.08.2022 12:19;01.08.22 12:21
1341312;34273512;01.08.2022 12:01;01.08.22 12:04
1341312;34299494;01.08.2022 12:38;01.08.22 13:28
1341312;34274200;01.08.2022 12:11;01.08.22 13:13
1341312;34268442;01.08.2022 12:33;01.08.22 13:06
1341312;34245889;01.08.2022 12:19;01.08.22 12:48
1341312;34416457;01.08.2022 13:27;01.08.22 13:59
1341312;34416318;01.08.2022 12:01;01.08.22 12:25
1341312;34397344;01.08.2022 13:27;01.08.22 13:47
1341312;34327789;01.08.2022 12:29;01.08.22 13:14
1341312;34281166;01.08.2022 12:32;01.08.22 12:37
1341312;34254352;01.08.2022 12:38;01.08.22 13:56
1341312;34393020;01.08.2022 12:08;01.08.22 12:10
1341312;34292629;01.08.2022 12:02;01.08.22 13:13
1341312;34314594;01.08.2022 13:53;01.08.22 13:17
1341312;34285699;01.08.2022 13:38;01.08.22 13:43
1341312;34318718;01.08.2022 12:41;01.08.22 13:21
1341312;34411017;01.08.2022 12:43;01.08.22 13:01
1341312;34411531;01.08.2022 12:05;01.08.22 12:10
1341312;34288337;01.08.2022 12:18;01.08.22 12:25
1341312;34390074;01.08.2022 13:54;01.08.22 13:16
1341312;34223810;01.08.2022 12:27;01.08.22 13:26
1341312;34214513;01.08.2022 13:03;01.08.22 13:16
1341312;34330903;01.08.2022 12:04;01.08.22 12:09
1341312;34318910;01.08.2022 12:31;01.08.22 13:06
1341312;34284465;01.08.2022 12:05;01.08.22 12:21
1341312;34361594;01.08.2022 12:38;01.08.22 13:45
1341312;34411567;01.08.2022 12:01;01.08.22 12:34
1341312;34284125;01.08.2022 13:02;01.08.22 13:18
1341312;34423592;01.08.2022 12:23;01.08.22 12:42
1341312;34260293;01.08.2022 12:02;01.08.22 12:05
1341312;34330903;01.08.2022 13:54;01.08.22 13:16
1341312;34322369;01.08.2022 12:39;01.08.22 13:18
1341312;34379041;01.08.2022 12:35;01.08.22 13:58
1341312;34333468;01.08.2022 12:21;01.08.22 12:52
1341312;34283417;01.08.2022 12:34;01.08.22 13:38
1341312;34360933;01.08.2022 12:33;01.08.22 13:15
1341312;34424686;01.08.2022 12:22;01.08.22 12:22
1341312;34296988;01.08.2022 12:00;01.08.22 12:01
1341312;34379041;01.08.2022 12:09;01.08.22 12:23
1341312;34330903;01.08.2022 12:06;01.08.22 12:35
1341312;34420526;01.08.2022 12:12;01.08.22 12:23
1341312;34379041;01.08.2022 12:05;01.08.22 13:07
1341312;34311790;01.08.2022 12:09;01.08.22 12:18
1341312;34284169;01.08.2022 12:16;01.08.22 12:24
1341312;34320480;01.08.2022 13:40;01.08.22 13:46
1341312;34419203;01.08.2022 12:05;01.08.22 12:22
1341312;34410392;01.08.2022 12:08;01.08.22 12:27
1341312;34288227;01.08.2022 12:07;01.08.22 12:24
1341312;34329273;01.08.2022 13:26;01.08.22 13:39
1341312;34302722;01.08.2022 13:13;01.08.22 13:21
1341312;34296043;01.08.2022 12:01;01.08.22 12:23
1341312;34340017;01.08.2022 12:38;01.08.22 13:57
1341312;34281999;01.08.2022 12:48;01.08.22 13:22
1341312;34332884;01.08.2022 12:48;01.08.22 13:23
1341312;34263415;01.08.2022 12:15;01.08.22 12:18
1341312;34375775;01.08.2022 12:09;01.08.22 12:37
1341312;34293356;01.08.2022 12:51;01.08.22 12:56
1341312;34309692;01.08.2022 12:34;01.08.22 13:52
1341312;34418527;01.08.2022 12:03;01.08.22 12:33
1341312;34411177;01.08.2022 12:22;01.08.22 12:51
1341312;34291639;01.08.2022 12:49;01.08.22 13:15
1341312;34429230;01.08.2022 12:41;01.08.22 13:10
1341312;34358712;01.08.2022 12:20;01.08.22 12:23
1341312;34367357;01.08.2022 12:00;01.08.22 12:01
1341312;34347466;01.08.2022 12:16;01.08.22 13:07
1341312;34379041;01.08.2022 12:38;01.08.22 13:28
1341312;34373965;01.08.2022 13:48;01.08.22 13:55
1341312;34309009;01.08.2022 12:13;01.08.22 12:41
1341312;34410489;01.08.2022 12:01;01.08.22 12:02
1341312;34348756;01.08.2022 12:38;01.08.22 13:28
1341312;34301706;01.08.2022 12:45;01.08.22 13:55
1341312;34232239;01.08.2022 12:25;01.08.22 12:39
1341312;34392611;01.08.2022 12:43;01.08.22 13:05
1341312;34346605;01.08.2022 12:00;01.08.22 12:00
1341312;34270454;01.08.2022 12:28;01.08.22 13:38
1341312;34346594;01.08.2022 12:09;01.08.22 12:14
1341312;34253786;01.08.2022 13:49;01.08.22 13:23
1341312;34393249;01.08.2022 13:18;01.08.22 13:26
1341312;34299122;01.08.2022 12:35;01.08.22 13:21
1341312;34312019;01.08.2022 12:36;01.08.22 13:14
1341312;34330547;01.08.2022 12:12;01.08.22 12:24
1341312;34349970;01.08.2022 12:46;01.08.22 13:00
1341312;34375457;01.08.2022 12:10;01.08.22 12:21
1341312;34226186;01.08.2022 12:38;01.08.22 13:56
1341312;34358121;01.08.2022 12:45;01.08.22 13:15
1341312;34353172;01.08.2022 12:51;01.08.22 13:39
1341312;34401910;01.08.2022 12:09;01.08.22 13:06
1341312;34351558;01.08.2022 12:47;01.08.22 12:59
1341312;34413894;01.08.2022 12:23;01.08.22 13:07
1341312;34313867;01.08.2022 12:17;01.08.22 12:24
1341312;34353868;01.08.2022 12:06;01.08.22 12:21
1341312;34409837;01.08.2022 12:36;01.08.22 12:37
1341312;34218643;01.08.2022 12:17;01.08.22 12:26
1341312;34329273;01.08.2022 13:12;01.08.22 13:18
1341312;34386971;01.08.2022 12:35;01.08.22 13:55
1341312;34290213;01.08.2022 12:00;01.08.22 12:11
1341312;34316777;01.08.2022 12:01;01.08.22 12:22
1341312;34312769;01.08.2022 12:22;01.08.22 12:44
1341312;34388996;01.08.2022 12:02;01.08.22 12:44
1341312;34265172;01.08.2022 12:02;01.08.22 12:14
1341312;34276423;01.08.2022 12:03;01.08.22 13:08
1341312;34387688;01.08.2022 12:58;01.08.22 13:43
1341312;34375758;01.08.2022 12:05;01.08.22 12:16
1341312;34330547;01.08.2022 12:20;01.08.22 12:27
1341312;34333630;01.08.2022 12:17;01.08.22 13:00
1341312;34395998;01.08.2022 12:43;01.08.22 12:55
1341312;34343186;01.08.2022 12:33;01.08.22 13:23
1341312;34406011;01.08.2022 12:05;01.08.22 12:38
1341312;34253976;01.08.2022 12:46;01.08.22 13:11
1341312;34323724;01.08.2022 12:02;01.08.22 12:05
1341312;34262926;01.08.2022 13:54;01.08.22 13:16
1341312;34273401;01.08.2022 12:57;01.08.22 13:12
1341312;34335492;01.08.2022 12:10;01.08.22 12:24
1341312;34347581;01.08.2022 12:43;01.08.22 13:06
1341312;34421414;01.08.2022 12:22;01.08.22 12:22
1341312;34230263;01.08.2022 12:04;01.08.22 13:06
1341312;34257112;01.08.2022 12:06;01.08.22 12:14
1341312;34398609;01.08.2022 12:00;01.08.22 12:01
1341312;34244057;01.08.2022 12:18;01.08.22 12:21
1341312;34350912;01.08.2022 13:07;01.08.22 13:15
1341312;34379041;01.08.2022 12:47;01.08.22 13:07
1341312;34242445;01.08.2022 12:03;01.08.22 13:20
1341312;34286981;01.08.2022 13:10;01.08.22 13:23
1341312;34359953;01.08.2022 12:11;01.08.22 12:11
1341312;34390989;01.08.2022 12:04;01.08.22 12:06
1341312;34379041;01.08.2022 12:02;01.08.22 12:11
1341312;34215199;01.08.2022 12:03;01.08.22 12:08
1341312;34233190;01.08.2022 12:41;01.08.22 13:23
1341312;34432122;01.08.2022 12:32;01.08.22 12:37
1341312;34336376;01.08.2022 12:02;01.08.22 12:22
