id_reg;public_label;time_reg
100202855;public3;19.07.2020
100200861;public3;02.07.2020
100201118;public2;17.07.2020
100202704;public1;16.07.2020
100200132;public1;05.07.2020
100202187;public1;30.07.2020
100201973;public1;16.07.2020
100203180;public2;10.07.2020
100202879;public2;11.07.2020
100200130;public1;18.07.2020
100202082;public2;02.07.2020
100201659;public2;14.07.2020
100202929;public2;02.07.2020
100202134;public2;22.07.2020
100200690;public2;06.07.2020
100200532;public3;17.07.2020
100201046;public2;27.07.2020
100201212;public3;13.07.2020
100202339;public3;03.07.2020
100201500;public1;17.07.2020
100202481;public3;16.07.2020
100200491;public1;02.07.2020
100200372;public3;22.07.2020
100200504;public2;05.07.2020
100200333;public1;05.07.2020
100201291;public1;18.07.2020
100203162;public1;17.07.2020
100201124;public1;11.07.2020
100201230;public3;26.07.2020
100200952;public1;26.07.2020
100200327;public1;09.07.2020
100200750;public1;25.07.2020
100200765;public1;12.07.2020
100202759;public3;07.07.2020
100201174;public3;02.07.2020
100202253;public1;04.07.2020
100200803;public1;27.07.2020
100200189;public1;01.07.2020
100202811;public3;03.07.2020
100202041;public1;24.07.2020
100202251;public2;26.07.2020
100201994;public1;29.07.2020
100202078;public2;29.07.2020
100200148;public3;29.07.2020
100200991;public3;27.07.2020
100201642;public3;25.07.2020
100201193;public2;29.07.2020
100201610;public2;09.07.2020
100203050;public3;03.07.2020
100200681;public3;25.07.2020
100202827;public1;06.07.2020
100200639;public1;17.07.2020
100201603;public1;05.07.2020
100203029;public1;04.07.2020
100202550;public1;01.07.2020
100202387;public2;12.07.2020
100201183;public2;18.07.2020
100200986;public2;13.07.2020
100202216;public1;20.07.2020
100202042;public2;17.07.2020
100201236;public2;09.07.2020
100202432;public2;26.07.2020
100203043;public2;12.07.2020
100201011;public1;20.07.2020
100202585;public3;19.07.2020
100200860;public1;20.07.2020
100202205;public1;15.07.2020
100200111;public3;19.07.2020
100203061;public1;20.07.2020
100200167;public3;13.07.2020
100201372;public1;21.07.2020
100201868;public1;30.07.2020
100202448;public1;04.07.2020
100202862;public1;15.07.2020
100202390;public2;21.07.2020
100201993;public2;09.07.2020
100200514;public3;24.07.2020
100202618;public2;20.07.2020
100202358;public1;23.07.2020
100202166;public2;11.07.2020
100200499;public3;21.07.2020
100201666;public3;01.07.2020
100203052;public2;28.07.2020
100202170;public1;05.07.2020
100200159;public2;14.07.2020
100200208;public2;17.07.2020
100202771;public3;05.07.2020
100202624;public1;05.07.2020
100202721;public1;04.07.2020
100200619;public1;06.07.2020
100201265;public1;07.07.2020
100202270;public2;02.07.2020
100200511;public1;14.07.2020
100200647;public3;23.07.2020
100200848;public1;28.07.2020
100201985;public1;11.07.2020
100201136;public1;30.07.2020
100201951;public1;01.07.2020
100201562;public2;27.07.2020
100202056;public1;14.07.2020
100203125;public1;17.07.2020
100202952;public3;09.07.2020
100200386;public3;26.07.2020
100200128;public1;05.07.2020
100200745;public2;15.07.2020
100202348;public1;16.07.2020
100200718;public2;17.07.2020
100203108;public1;17.07.2020
100200176;public3;03.07.2020
100200796;public3;08.07.2020
100202084;public1;09.07.2020
100202886;public2;21.07.2020
100202963;public1;25.07.2020
100201979;public2;27.07.2020
100201140;public2;04.07.2020
100201679;public2;15.07.2020
100200447;public2;17.07.2020
100203106;public1;04.07.2020
100202151;public3;10.07.2020
100200928;public1;05.07.2020
100202343;public1;29.07.2020
100202347;public1;03.07.2020
100201127;public1;14.07.2020
100201664;public1;16.07.2020
100200285;public2;30.07.2020
100202477;public1;18.07.2020
100202254;public1;30.07.2020
100200375;public1;14.07.2020
100200271;public2;18.07.2020
100202474;public3;13.07.2020
100202177;public2;14.07.2020
100201245;public2;05.07.2020
100201160;public2;11.07.2020
100201765;public1;13.07.2020
100201647;public1;09.07.2020
100202647;public2;28.07.2020
100202565;public1;21.07.2020
100201488;public2;20.07.2020
100200307;public1;22.07.2020
100201197;public1;07.07.2020
100201565;public2;11.07.2020
100201628;public2;27.07.2020
100200983;public3;01.07.2020
100201003;public2;23.07.2020
100200931;public1;09.07.2020
100201007;public1;15.07.2020
100201413;public1;24.07.2020
100200585;public3;01.07.2020
100200407;public1;04.07.2020
100201978;public1;28.07.2020
100202940;public1;12.07.2020
100200144;public1;15.07.2020
100201083;public1;05.07.2020
100200252;public3;15.07.2020
100201511;public3;06.07.2020
100200895;public3;17.07.2020
100202847;public1;12.07.2020
100201044;public2;08.07.2020
100202261;public2;29.07.2020
100201905;public3;06.07.2020
100201770;public3;09.07.2020
100202300;public1;29.07.2020
100202931;public1;21.07.2020
100203014;public1;20.07.2020
100200595;public2;04.07.2020
100200747;public1;19.07.2020
100203119;public2;29.07.2020
100200728;public3;07.07.2020
100202220;public1;20.07.2020
100200405;public1;03.07.2020
100200573;public3;06.07.2020
100200400;public2;25.07.2020
100201394;public2;22.07.2020
100200935;public1;28.07.2020
100201082;public1;03.07.2020
100201478;public2;16.07.2020
100200667;public1;24.07.2020
100202564;public3;07.07.2020
100201809;public1;06.07.2020
100200350;public2;29.07.2020
100200646;public1;06.07.2020
100200621;public2;22.07.2020
100202522;public1;28.07.2020
100200739;public2;23.07.2020
100200927;public3;10.07.2020
100202040;public1;15.07.2020
100201707;public1;15.07.2020
100201567;public1;03.07.2020
100201316;public1;10.07.2020
100202722;public3;18.07.2020
100201568;public3;07.07.2020
100200918;public1;27.07.2020
100201738;public2;05.07.2020
100202181;public3;14.07.2020
100200255;public1;19.07.2020
100201437;public1;17.07.2020
100201847;public1;22.07.2020
100202978;public1;16.07.2020
100200967;public3;26.07.2020
100200116;public1;23.07.2020
100201615;public3;07.07.2020
100202240;public1;21.07.2020
100202702;public1;20.07.2020
100202302;public1;07.07.2020
100201554;public1;24.07.2020
100200354;public1;10.07.2020
100201921;public1;14.07.2020
100201957;public2;15.07.2020
100200346;public1;29.07.2020
100202278;public1;23.07.2020
100201439;public2;19.07.2020
100200133;public1;03.07.2020
100201683;public3;29.07.2020
100202676;public1;10.07.2020
100202186;public3;15.07.2020
100202628;public2;28.07.2020
100200955;public2;24.07.2020
100201625;public3;12.07.2020
100202665;public3;23.07.2020
100200838;public2;11.07.2020
100202942;public3;29.07.2020
100202476;public3;22.07.2020
100202555;public2;29.07.2020
100203142;public1;25.07.2020
100202951;public1;28.07.2020
100201896;public2;28.07.2020
100202591;public2;21.07.2020
100200401;public3;24.07.2020
100201155;public3;09.07.2020
100201482;public1;04.07.2020
100200642;public1;02.07.2020
100203134;public1;16.07.2020
100200781;public1;19.07.2020
100200571;public1;27.07.2020
100200243;public1;21.07.2020
100201605;public2;28.07.2020
100201395;public2;11.07.2020
100201974;public2;16.07.2020
100201330;public1;15.07.2020
100201945;public1;18.07.2020
100202953;public1;06.07.2020
100200586;public3;05.07.2020
100202988;public2;18.07.2020
100200746;public1;29.07.2020
100201393;public2;27.07.2020
100200620;public1;30.07.2020
100202698;public1;24.07.2020
100202139;public1;05.07.2020
100201001;public1;02.07.2020
100202547;public2;21.07.2020
100200324;public1;26.07.2020
100200308;public2;16.07.2020
100200287;public1;06.07.2020
100201465;public1;29.07.2020
100200424;public2;30.07.2020
100201604;public1;06.07.2020
100201624;public3;02.07.2020
100202601;public3;11.07.2020
100203083;public2;20.07.2020
100200121;public2;11.07.2020
100201622;public3;21.07.2020
100200185;public1;11.07.2020
100201869;public3;18.07.2020
100202083;public3;06.07.2020
100200873;public3;29.07.2020
100203070;public2;22.07.2020
100202075;public1;14.07.2020
100201662;public2;30.07.2020
100202686;public2;30.07.2020
100200496;public1;24.07.2020
100202880;public3;25.07.2020
100202935;public3;12.07.2020
100202158;public1;17.07.2020
100201320;public1;09.07.2020
100201570;public1;28.07.2020
100202540;public1;15.07.2020
100200615;public1;28.07.2020
100203041;public3;01.07.2020
100201371;public1;11.07.2020
100201781;public1;05.07.2020
100201114;public1;15.07.2020
100202037;public1;22.07.2020
100201799;public3;21.07.2020
100200462;public1;11.07.2020
100202883;public2;04.07.2020
100200206;public2;13.07.2020
100200947;public1;15.07.2020
100202842;public2;26.07.2020
100202031;public3;01.07.2020
100202925;public3;11.07.2020
100200537;public3;01.07.2020
100202025;public1;25.07.2020
100200941;public2;20.07.2020
100202924;public2;16.07.2020
100201203;public1;13.07.2020
100200768;public1;25.07.2020
100201555;public2;06.07.2020
100201307;public1;23.07.2020
100201444;public1;06.07.2020
100201294;public1;04.07.2020
100201105;public2;17.07.2020
100202667;public2;27.07.2020
100201577;public1;06.07.2020
100201924;public1;19.07.2020
100201396;public3;11.07.2020
100200266;public2;11.07.2020
100200933;public1;10.07.2020
100201967;public2;21.07.2020
100203074;public2;13.07.2020
100200338;public3;10.07.2020
100200903;public2;10.07.2020
100202234;public1;12.07.2020
100200242;public1;15.07.2020
100200377;public3;21.07.2020
100202038;public1;12.07.2020
100201363;public3;18.07.2020
100201461;public2;10.07.2020
100200103;public1;23.07.2020
100200551;public1;04.07.2020
100201060;public3;17.07.2020
100201539;public1;14.07.2020
100200197;public2;10.07.2020
100201027;public2;28.07.2020
100202897;public2;20.07.2020
100200577;public2;26.07.2020
100202694;public1;22.07.2020
100200316;public1;09.07.2020
100202217;public1;15.07.2020
100200522;public3;13.07.2020
100200299;public1;19.07.2020
100202472;public2;16.07.2020
100203152;public1;28.07.2020
100201452;public3;25.07.2020
100201021;public1;30.07.2020
100200779;public2;28.07.2020
100202574;public1;02.07.2020
100201153;public1;23.07.2020
100201045;public2;23.07.2020
100202534;public1;25.07.2020
100200604;public3;17.07.2020
100202833;public2;25.07.2020
100201931;public3;22.07.2020
100200808;public1;29.07.2020
100201933;public1;23.07.2020
100201126;public1;29.07.2020
100202249;public1;01.07.2020
100201470;public2;03.07.2020
100201795;public2;13.07.2020
100202286;public3;05.07.2020
100202214;public2;11.07.2020
100201306;public2;26.07.2020
100202403;public3;23.07.2020
100202717;public1;27.07.2020
100201804;public2;21.07.2020
100200166;public3;28.07.2020
100202818;public1;10.07.2020
100202743;public1;14.07.2020
100201216;public1;27.07.2020
100201860;public1;20.07.2020
100200477;public2;03.07.2020
100201609;public1;20.07.2020
100200827;public2;14.07.2020
100202359;public2;13.07.2020
100202707;public2;21.07.2020
100201731;public1;10.07.2020
100200534;public3;12.07.2020
100200831;public1;20.07.2020
100201274;public1;22.07.2020
100200797;public3;27.07.2020
100202785;public1;10.07.2020
100201290;public3;16.07.2020
100201674;public2;02.07.2020
100200297;public1;27.07.2020
100200625;public3;22.07.2020
100202774;public1;29.07.2020
100201417;public3;09.07.2020
100200958;public1;16.07.2020
100200788;public2;25.07.2020
100200171;public1;09.07.2020
100202068;public2;02.07.2020
100202857;public1;30.07.2020
100200339;public2;22.07.2020
100200215;public1;14.07.2020
100201232;public1;22.07.2020
100202496;public1;15.07.2020
100202614;public3;08.07.2020
100200650;public1;11.07.2020
100200213;public2;17.07.2020
100201231;public2;11.07.2020
100201587;public3;18.07.2020
100202731;public1;14.07.2020
100201857;public2;03.07.2020
100202904;public2;14.07.2020
100201071;public1;10.07.2020
100202028;public1;16.07.2020
100202426;public3;21.07.2020
100201864;public1;23.07.2020
100201079;public1;03.07.2020
100201726;public1;19.07.2020
100202032;public1;21.07.2020
100200694;public2;13.07.2020
100200630;public1;11.07.2020
100201941;public3;09.07.2020
100202204;public1;24.07.2020
100201191;public3;21.07.2020
100200634;public3;05.07.2020
100200938;public3;24.07.2020
100201412;public1;24.07.2020
100201135;public3;30.07.2020
100202199;public1;12.07.2020
100200817;public1;13.07.2020
100200829;public1;15.07.2020
100202392;public2;08.07.2020
100203076;public3;23.07.2020
100202462;public1;22.07.2020
100201125;public2;13.07.2020
100201874;public2;20.07.2020
100200370;public1;15.07.2020
100201293;public2;21.07.2020
100202652;public1;08.07.2020
100202349;public1;06.07.2020
100200273;public2;22.07.2020
100202097;public1;21.07.2020
100201490;public1;07.07.2020
100202208;public1;22.07.2020
100201431;public3;22.07.2020
100200178;public2;25.07.2020
100202482;public1;13.07.2020
100201970;public1;04.07.2020
100201463;public2;06.07.2020
100202889;public2;01.07.2020
100200191;public3;03.07.2020
100201242;public3;24.07.2020
100202699;public1;04.07.2020
100202026;public1;23.07.2020
100200946;public2;22.07.2020
100201066;public1;11.07.2020
100200543;public3;24.07.2020
100201814;public3;17.07.2020
100200282;public1;24.07.2020
100201024;public3;25.07.2020
100200654;public1;21.07.2020
100201069;public2;05.07.2020
100200945;public1;03.07.2020
100202213;public1;20.07.2020
100200965;public2;17.07.2020
100202780;public2;22.07.2020
100200348;public2;03.07.2020
100201092;public2;21.07.2020
100200317;public1;21.07.2020
100203160;public2;23.07.2020
100200887;public2;20.07.2020
100200249;public1;08.07.2020
100202737;public1;13.07.2020
100202713;public1;09.07.2020
100200506;public3;20.07.2020
100202751;public3;05.07.2020
100203078;public3;12.07.2020
100200335;public3;26.07.2020
100201473;public1;15.07.2020
100201821;public1;15.07.2020
100202760;public1;01.07.2020
100202572;public1;01.07.2020
100202109;public2;22.07.2020
100201915;public2;02.07.2020
100200435;public1;12.07.2020
100201384;public3;03.07.2020
100202112;public3;29.07.2020
100203090;public1;26.07.2020
100203127;public2;17.07.2020
100202368;public2;16.07.2020
100202902;public2;18.07.2020
100202966;public1;12.07.2020
100201630;public3;18.07.2020
100203024;public2;11.07.2020
100200542;public3;29.07.2020
100202461;public3;28.07.2020
100201918;public3;04.07.2020
100200871;public1;07.07.2020
100201695;public3;14.07.2020
100202045;public2;15.07.2020
100202431;public2;09.07.2020
100201892;public1;03.07.2020
100203092;public2;12.07.2020
100202328;public1;27.07.2020
100200959;public3;30.07.2020
100201327;public2;11.07.2020
100200501;public2;14.07.2020
100200149;public2;25.07.2020
100201025;public2;04.07.2020
100202044;public2;13.07.2020
100203010;public3;19.07.2020
100202145;public2;20.07.2020
100201469;public1;27.07.2020
100201398;public2;01.07.2020
100201502;public1;02.07.2020
100200579;public3;11.07.2020
100200990;public1;24.07.2020
100201038;public3;02.07.2020
100202828;public1;26.07.2020
100200141;public2;15.07.2020
100201228;public1;25.07.2020
100202161;public1;22.07.2020
100201074;public1;18.07.2020
100202103;public2;16.07.2020
100201712;public3;30.07.2020
100200763;public2;14.07.2020
100203138;public3;12.07.2020
100201808;public2;27.07.2020
100201838;public3;10.07.2020
100201342;public1;24.07.2020
100201272;public2;06.07.2020
100200818;public1;10.07.2020
100202371;public3;09.07.2020
100202380;public3;23.07.2020
100202792;public1;28.07.2020
100203055;public1;12.07.2020
100202503;public2;06.07.2020
100202035;public3;24.07.2020
100201818;public1;06.07.2020
100200482;public1;25.07.2020
100202548;public1;09.07.2020
100201087;public1;17.07.2020
100201828;public1;18.07.2020
100201850;public1;26.07.2020
100201283;public1;04.07.2020
100200222;public2;20.07.2020
100200165;public3;15.07.2020
100202519;public3;05.07.2020
100200389;public3;20.07.2020
100201015;public1;16.07.2020
100201598;public3;26.07.2020
100202679;public1;03.07.2020
100201618;public3;03.07.2020
100200306;public1;30.07.2020
100201429;public1;13.07.2020
100202723;public1;02.07.2020
100201632;public1;13.07.2020
100200786;public3;17.07.2020
100200657;public1;15.07.2020
100201724;public1;11.07.2020
100203114;public2;11.07.2020
100201976;public3;28.07.2020
100200826;public3;15.07.2020
100202896;public1;20.07.2020
100200601;public3;26.07.2020
100203139;public2;26.07.2020
100201956;public3;11.07.2020
100200885;public2;01.07.2020
100201550;public1;10.07.2020
100203057;public2;18.07.2020
100203105;public2;20.07.2020
100202001;public1;18.07.2020
100201955;public1;06.07.2020
100200980;public3;07.07.2020
100200225;public1;18.07.2020
100201851;public1;22.07.2020
100200484;public3;08.07.2020
100200854;public1;21.07.2020
100200556;public3;29.07.2020
100200292;public1;29.07.2020
100200570;public3;16.07.2020
100201889;public1;15.07.2020
100200822;public3;20.07.2020
100201742;public1;16.07.2020
100202418;public2;20.07.2020
100200505;public2;30.07.2020
100202865;public2;02.07.2020
100201353;public2;09.07.2020
100202475;public2;26.07.2020
100203151;public2;12.07.2020
100200383;public1;30.07.2020
100201192;public3;10.07.2020
100201971;public2;22.07.2020
100200328;public2;09.07.2020
100203149;public1;17.07.2020
100202515;public1;02.07.2020
100202615;public1;22.07.2020
100200772;public1;01.07.2020
100200106;public3;08.07.2020
100200485;public1;06.07.2020
100202658;public3;12.07.2020
100200450;public2;30.07.2020
100201841;public3;03.07.2020
100201343;public1;09.07.2020
100202101;public2;08.07.2020
100202661;public3;22.07.2020
100203045;public2;14.07.2020
100201697;public1;01.07.2020
100202822;public3;02.07.2020
100203002;public2;18.07.2020
100202185;public3;30.07.2020
100201929;public2;27.07.2020
100202111;public1;30.07.2020
100201559;public2;03.07.2020
100201741;public3;23.07.2020
100201095;public3;22.07.2020
100200568;public2;30.07.2020
100201519;public2;29.07.2020
100200612;public1;21.07.2020
100200230;public1;06.07.2020
100201385;public2;24.07.2020
100201438;public2;01.07.2020
100200453;public2;06.07.2020
100201047;public2;24.07.2020
100202524;public1;04.07.2020
100201678;public2;25.07.2020
100201189;public3;07.07.2020
100202224;public2;14.07.2020
100201102;public1;04.07.2020
100200105;public2;07.07.2020
100201422;public3;08.07.2020
100201209;public3;11.07.2020
100202690;public3;24.07.2020
100201023;public3;26.07.2020
100201122;public1;10.07.2020
100202086;public1;01.07.2020
100202776;public2;27.07.2020
100202711;public2;04.07.2020
100201382;public1;15.07.2020
100200421;public1;16.07.2020
100200298;public3;26.07.2020
100202669;public1;03.07.2020
100201065;public2;07.07.2020
100201022;public3;22.07.2020
100203171;public2;16.07.2020
100200800;public1;09.07.2020
100201364;public3;13.07.2020
100201002;public1;17.07.2020
100200279;public1;18.07.2020
100202655;public3;15.07.2020
100200821;public1;16.07.2020
100202350;public1;14.07.2020
100202581;public2;01.07.2020
100200258;public1;27.07.2020
100201005;public2;03.07.2020
100200925;public2;18.07.2020
100200312;public1;13.07.2020
100200898;public1;16.07.2020
100201184;public1;24.07.2020
100202856;public1;22.07.2020
100202808;public3;03.07.2020
100200419;public1;02.07.2020
100202321;public3;11.07.2020
100202649;public2;27.07.2020
100200313;public1;13.07.2020
100201871;public1;28.07.2020
100202930;public1;28.07.2020
100201414;public2;28.07.2020
100200997;public1;02.07.2020
100202596;public3;09.07.2020
100201895;public2;24.07.2020
100200139;public3;30.07.2020
100202104;public1;16.07.2020
100201845;public1;16.07.2020
100201346;public2;22.07.2020
100202329;public1;14.07.2020
100200859;public1;04.07.2020
100201643;public1;05.07.2020
100200539;public1;02.07.2020
100200546;public1;11.07.2020
100200494;public1;05.07.2020
100202223;public1;22.07.2020
100200858;public1;30.07.2020
100200890;public1;20.07.2020
100201721;public1;13.07.2020
100201833;public2;09.07.2020
100202535;public3;09.07.2020
100200767;public1;04.07.2020
100202386;public1;11.07.2020
100200806;public3;14.07.2020
100200365;public2;06.07.2020
100200135;public2;24.07.2020
100202225;public2;14.07.2020
100202412;public1;20.07.2020
100202773;public1;28.07.2020
100202521;public3;19.07.2020
100200964;public1;08.07.2020
100203121;public1;09.07.2020
100201910;public2;24.07.2020
100201477;public3;06.07.2020
100200679;public1;09.07.2020
100202790;public3;18.07.2020
100201999;public1;25.07.2020
100201080;public1;29.07.2020
100202443;public1;08.07.2020
100200648;public2;07.07.2020
100200115;public2;25.07.2020
100200565;public2;26.07.2020
100201361;public2;02.07.2020
100200774;public1;15.07.2020
100200296;public2;13.07.2020
100202043;public1;28.07.2020
100201940;public3;01.07.2020
100200289;public1;28.07.2020
100202673;public1;10.07.2020
100200451;public1;08.07.2020
100202678;public1;13.07.2020
100202602;public3;30.07.2020
100202533;public1;10.07.2020
100202128;public2;04.07.2020
100201388;public2;25.07.2020
100201677;public1;17.07.2020
100202588;public1;29.07.2020
100202969;public1;25.07.2020
100201208;public2;03.07.2020
100201687;public1;21.07.2020
100203104;public1;16.07.2020
100200666;public2;24.07.2020
100202913;public2;23.07.2020
100200999;public3;10.07.2020
100202301;public2;29.07.2020
100200212;public2;18.07.2020
100202326;public2;13.07.2020
100200361;public1;26.07.2020
100202608;public1;06.07.2020
100201542;public3;12.07.2020
100202546;public1;12.07.2020
100201299;public3;28.07.2020
100202369;public1;26.07.2020
100200437;public1;17.07.2020
100201791;public1;05.07.2020
100202135;public1;22.07.2020
100202928;public3;02.07.2020
100202323;public1;16.07.2020
100201816;public1;05.07.2020
100200978;public2;05.07.2020
100203157;public1;17.07.2020
100201533;public1;25.07.2020
100201402;public2;12.07.2020
100201601;public3;13.07.2020
100202352;public3;24.07.2020
100201515;public3;09.07.2020
100202081;public1;02.07.2020
100201594;public1;22.07.2020
100201734;public2;05.07.2020
100200444;public2;28.07.2020
100200478;public1;01.07.2020
100200979;public1;22.07.2020
100201485;public1;17.07.2020
100201061;public3;21.07.2020
100200651;public1;06.07.2020
100200761;public1;21.07.2020
100200254;public1;30.07.2020
100201528;public1;21.07.2020
100200509;public1;30.07.2020
100200910;public2;08.07.2020
100201506;public1;16.07.2020
100201428;public3;17.07.2020
100200606;public1;17.07.2020
100201751;public1;21.07.2020
100202438;public2;27.07.2020
100202877;public1;10.07.2020
100200217;public2;06.07.2020
100201556;public2;08.07.2020
100201348;public3;25.07.2020
100201104;public1;28.07.2020
100202506;public3;26.07.2020
100201317;public1;05.07.2020
100202595;public2;18.07.2020
100201013;public2;11.07.2020
100202299;public1;18.07.2020
100201106;public3;23.07.2020
100201700;public1;03.07.2020
100200587;public2;28.07.2020
100203007;public2;12.07.2020
100202325;public3;27.07.2020
100202107;public3;14.07.2020
100201067;public1;06.07.2020
100201489;public2;08.07.2020
100202633;public1;24.07.2020
100200655;public3;03.07.2020
100200293;public2;03.07.2020
100201516;public1;11.07.2020
100201467;public1;20.07.2020
100200832;public2;08.07.2020
100202871;public1;17.07.2020
100202663;public1;27.07.2020
100202561;public3;13.07.2020
100201693;public2;13.07.2020
100202367;public1;03.07.2020
100202049;public3;07.07.2020
100200687;public3;26.07.2020
100200325;public2;25.07.2020
100200261;public2;29.07.2020
100201454;public3;13.07.2020
100200581;public2;18.07.2020
100202337;public2;14.07.2020
100201158;public3;26.07.2020
100200863;public3;21.07.2020
100202480;public1;08.07.2020
100202280;public3;27.07.2020
100201117;public3;23.07.2020
100201369;public2;26.07.2020
100202238;public1;02.07.2020
100200181;public1;12.07.2020
100201984;public1;27.07.2020
100200528;public2;11.07.2020
100200228;public1;19.07.2020
100201834;public2;16.07.2020
100201168;public3;16.07.2020
100201969;public3;27.07.2020
100203133;public1;06.07.2020
100202804;public1;10.07.2020
100202215;public1;11.07.2020
100200899;public2;25.07.2020
100202400;public3;22.07.2020
100201357;public2;27.07.2020
100202430;public1;29.07.2020
100202523;public1;13.07.2020
100201464;public2;14.07.2020
100201882;public3;07.07.2020
100201653;public1;09.07.2020
100202183;public1;07.07.2020
100202870;public1;10.07.2020
100201480;public2;10.07.2020
100202600;public1;26.07.2020
100200605;public1;29.07.2020
100201143;public2;15.07.2020
100202844;public2;29.07.2020
100201375;public1;06.07.2020
100201259;public1;27.07.2020
100200237;public1;09.07.2020
100202495;public2;17.07.2020
100202098;public3;07.07.2020
100201524;public1;15.07.2020
100202153;public3;24.07.2020
100202492;public2;26.07.2020
100200267;public3;02.07.2020
100203035;public1;21.07.2020
100201898;public1;12.07.2020
100201229;public1;18.07.2020
100202864;public2;10.07.2020
100202065;public2;15.07.2020
100202716;public1;13.07.2020
100200461;public1;11.07.2020
100202626;public2;28.07.2020
100201443;public3;13.07.2020
100202620;public2;02.07.2020
100201591;public3;03.07.2020
100200641;public2;23.07.2020
100201639;public1;25.07.2020
100202594;public1;25.07.2020
100200578;public2;09.07.2020
100201759;public1;28.07.2020
100202638;public3;19.07.2020
100201758;public3;26.07.2020
100202919;public3;30.07.2020
100200711;public1;13.07.2020
100202538;public1;05.07.2020
100200787;public1;16.07.2020
100202918;public2;25.07.2020
100202053;public1;16.07.2020
100200371;public1;01.07.2020
100202934;public3;04.07.2020
100203027;public3;01.07.2020
100200416;public1;08.07.2020
100203095;public1;18.07.2020
100201817;public3;04.07.2020
100200195;public2;23.07.2020
100203140;public1;25.07.2020
100200810;public1;02.07.2020
100202402;public2;23.07.2020
100200995;public1;17.07.2020
100202058;public1;30.07.2020
100201492;public2;28.07.2020
100200186;public1;27.07.2020
100202823;public1;19.07.2020
100202171;public1;10.07.2020
100200560;public3;19.07.2020
100201249;public2;22.07.2020
100202769;public1;26.07.2020
100200445;public3;25.07.2020
100201641;public2;30.07.2020
100202389;public3;14.07.2020
100201877;public2;06.07.2020
100201252;public3;05.07.2020
100201909;public3;07.07.2020
100200170;public1;16.07.2020
100201247;public1;04.07.2020
100200948;public2;03.07.2020
100202765;public1;17.07.2020
100202292;public2;15.07.2020
100200622;public2;01.07.2020
100203158;public3;28.07.2020
100200686;public1;22.07.2020
100201304;public2;17.07.2020
100201704;public3;19.07.2020
100202174;public3;19.07.2020
100201057;public1;17.07.2020
100200184;public2;20.07.2020
100200698;public1;06.07.2020
100203141;public2;17.07.2020
100202304;public2;17.07.2020
100200465;public1;30.07.2020
100200724;public3;17.07.2020
100201634;public3;13.07.2020
100200626;public1;06.07.2020
100201775;public1;22.07.2020
100201380;public2;19.07.2020
100202905;public1;17.07.2020
100200932;public2;16.07.2020
100202728;public2;29.07.2020
100202990;public1;22.07.2020
100202809;public2;27.07.2020
100201543;public2;03.07.2020
100201689;public1;21.07.2020
100202405;public1;18.07.2020
100201532;public2;18.07.2020
100200749;public1;05.07.2020
100201586;public1;04.07.2020
100200892;public2;03.07.2020
100202672;public1;20.07.2020
100200356;public1;28.07.2020
100201026;public1;15.07.2020
100201749;public1;23.07.2020
100200907;public1;06.07.2020
100202471;public1;16.07.2020
100201081;public3;08.07.2020
100202467;public3;09.07.2020
100202096;public1;10.07.2020
100202719;public2;17.07.2020
100201486;public1;21.07.2020
100201300;public1;08.07.2020
100200894;public1;19.07.2020
100202735;public2;15.07.2020
100200387;public2;29.07.2020
100202631;public3;14.07.2020
100201583;public1;18.07.2020
100201039;public2;09.07.2020
100201872;public3;30.07.2020
100201729;public1;14.07.2020
100200867;public2;28.07.2020
100202485;public1;18.07.2020
100201800;public3;09.07.2020
100201000;public1;03.07.2020
100200920;public1;09.07.2020
100202637;public1;26.07.2020
100201339;public3;28.07.2020
100200120;public3;09.07.2020
100201636;public1;30.07.2020
100201058;public1;13.07.2020
100201778;public1;10.07.2020
100202989;public1;28.07.2020
100200874;public2;03.07.2020
100202336;public1;14.07.2020
100202478;public1;25.07.2020
100200896;public3;27.07.2020
100201051;public2;29.07.2020
100200778;public1;15.07.2020
100200934;public3;10.07.2020
100202093;public1;01.07.2020
100203085;public2;06.07.2020
100200635;public3;20.07.2020
100201633;public1;27.07.2020
100201173;public3;10.07.2020
100202691;public1;13.07.2020
100201669;public3;27.07.2020
100202102;public2;03.07.2020
100202692;public3;18.07.2020
100200949;public3;11.07.2020
100201334;public1;22.07.2020
100202124;public2;01.07.2020
100201119;public2;01.07.2020
100202646;public1;16.07.2020
100203088;public2;24.07.2020
100200433;public1;25.07.2020
100201982;public1;27.07.2020
100202466;public1;09.07.2020
100201959;public1;12.07.2020
100200200;public1;23.07.2020
100200847;public2;14.07.2020
100202839;public3;04.07.2020
100202455;public3;23.07.2020
100200617;public1;24.07.2020
100200572;public2;01.07.2020
100200448;public3;14.07.2020
100202360;public1;24.07.2020
100203056;public3;03.07.2020
100200359;public2;22.07.2020
100200398;public1;07.07.2020
100202365;public1;18.07.2020
100202985;public3;30.07.2020
100201110;public3;05.07.2020
100202732;public3;14.07.2020
100200593;public2;29.07.2020
100202468;public2;14.07.2020
100200411;public1;03.07.2020
100202411;public1;30.07.2020
100201503;public1;10.07.2020
100202887;public3;02.07.2020
100202383;public1;29.07.2020
100202285;public1;02.07.2020
100200210;public3;25.07.2020
100200468;public1;28.07.2020
100201963;public2;21.07.2020
100201762;public2;15.07.2020
100200676;public1;22.07.2020
100201484;public3;01.07.2020
100202274;public1;21.07.2020
100200220;public1;01.07.2020
100201405;public3;02.07.2020
100202727;public1;28.07.2020
100200463;public3;28.07.2020
100203058;public2;10.07.2020
100202435;public3;03.07.2020
100201459;public1;01.07.2020
100200721;public2;22.07.2020
100203135;public3;17.07.2020
100200643;public1;12.07.2020
100200624;public2;04.07.2020
100200696;public1;21.07.2020
100202440;public1;07.07.2020
100201646;public1;09.07.2020
100201159;public1;01.07.2020
100200157;public1;25.07.2020
100201419;public1;09.07.2020
100200998;public1;20.07.2020
100202794;public1;19.07.2020
100201362;public1;06.07.2020
100201157;public3;30.07.2020
100202491;public1;03.07.2020
100201897;public1;30.07.2020
100202333;public1;20.07.2020
100200428;public1;15.07.2020
100202576;public3;16.07.2020
100201261;public1;30.07.2020
100202971;public1;28.07.2020
100201308;public2;04.07.2020
100201772;public1;16.07.2020
100202269;public2;05.07.2020
100200963;public1;14.07.2020
100201266;public1;30.07.2020
100200526;public2;28.07.2020
100200284;public2;06.07.2020
100200525;public1;20.07.2020
100202619;public3;29.07.2020
100201501;public1;19.07.2020
100200250;public3;21.07.2020
100201152;public2;15.07.2020
100202055;public1;14.07.2020
100202701;public1;05.07.2020
100200707;public2;22.07.2020
100203115;public2;15.07.2020
100202946;public3;08.07.2020
100201275;public2;04.07.2020
100202198;public1;25.07.2020
100202218;public3;27.07.2020
100200432;public3;11.07.2020
100200340;public1;10.07.2020
100200839;public2;11.07.2020
100202994;public3;08.07.2020
100201843;public3;07.07.2020
100201690;public1;28.07.2020
100200695;public1;11.07.2020
100201325;public1;03.07.2020
100202907;public1;02.07.2020
100201825;public1;11.07.2020
100201988;public3;11.07.2020
100203150;public1;22.07.2020
100201138;public1;14.07.2020
100202427;public1;27.07.2020
100201337;public1;19.07.2020
100201089;public2;01.07.2020
100201771;public1;04.07.2020
100202636;public2;10.07.2020
100202416;public3;19.07.2020
100201722;public1;17.07.2020
100202235;public1;05.07.2020
100203117;public2;11.07.2020
100200710;public1;24.07.2020
100201243;public1;30.07.2020
100203107;public3;17.07.2020
100203038;public1;23.07.2020
100200968;public2;09.07.2020
100202050;public3;04.07.2020
100202091;public2;25.07.2020
100202937;public1;03.07.2020
100200412;public1;26.07.2020
100200497;public2;26.07.2020
100201676;public2;24.07.2020
100201190;public3;15.07.2020
100202060;public1;15.07.2020
100201949;public1;04.07.2020
100200725;public2;27.07.2020
100202469;public1;22.07.2020
100200582;public3;01.07.2020
100203091;public1;08.07.2020
100201932;public2;18.07.2020
100202362;public1;26.07.2020
100202666;public3;13.07.2020
100201359;public1;08.07.2020
100201457;public2;06.07.2020
100200709;public2;17.07.2020
100200561;public3;20.07.2020
100202451;public3;07.07.2020
100201132;public1;08.07.2020
100202745;public2;28.07.2020
100201564;public1;19.07.2020
100202334;public1;07.07.2020
100201672;public3;08.07.2020
100201930;public2;23.07.2020
100200801;public3;26.07.2020
100200824;public1;24.07.2020
100201526;public3;14.07.2020
100202241;public3;09.07.2020
100200563;public1;05.07.2020
100200131;public1;22.07.2020
100202863;public3;28.07.2020
100201652;public1;10.07.2020
100201548;public1;28.07.2020
100200202;public1;19.07.2020
100200876;public1;19.07.2020
100202092;public2;21.07.2020
100202120;public1;02.07.2020
100200623;public1;08.07.2020
100202076;public1;15.07.2020
100200936;public2;22.07.2020
100201204;public1;01.07.2020
100200562;public1;02.07.2020
100201637;public3;18.07.2020
100201476;public3;16.07.2020
100201879;public1;25.07.2020
100200782;public2;09.07.2020
100201997;public1;12.07.2020
100201912;public3;05.07.2020
100201914;public1;10.07.2020
100202967;public1;10.07.2020
100200343;public1;13.07.2020
100201531;public2;30.07.2020
100200975;public1;20.07.2020
100201139;public1;15.07.2020
100202986;public3;27.07.2020
100200336;public1;01.07.2020
100202444;public3;02.07.2020
100201767;public2;06.07.2020
100202017;public1;05.07.2020
100201566;public3;03.07.2020
100200756;public1;13.07.2020
100202684;public1;27.07.2020
100200793;public1;27.07.2020
100201341;public3;21.07.2020
100202022;public2;25.07.2020
100202212;public1;29.07.2020
100201321;public3;27.07.2020
100200321;public2;25.07.2020
100201326;public1;14.07.2020
100202126;public2;11.07.2020
100200802;public2;18.07.2020
100202598;public3;20.07.2020
100201621;public1;11.07.2020
100201387;public1;08.07.2020
100201133;public2;20.07.2020
100201753;public2;21.07.2020
100201169;public2;07.07.2020
100201460;public2;14.07.2020
100201033;public1;23.07.2020
100202450;public1;13.07.2020
100202125;public3;25.07.2020
100200738;public1;11.07.2020
100201137;public2;13.07.2020
100203006;public2;26.07.2020
100202459;public2;21.07.2020
100202834;public2;27.07.2020
100202099;public2;07.07.2020
100201319;public1;18.07.2020
100201902;public1;24.07.2020
100201545;public2;25.07.2020
100202890;public3;26.07.2020
100202909;public2;22.07.2020
100201547;public2;07.07.2020
100201471;public3;01.07.2020
100200566;public3;30.07.2020
100202335;public3;26.07.2020
100200256;public1;16.07.2020
100202954;public1;05.07.2020
100200900;public3;21.07.2020
100203122;public2;18.07.2020
100201142;public3;14.07.2020
100203101;public1;16.07.2020
100202573;public1;23.07.2020
100201716;public2;23.07.2020
100201332;public3;19.07.2020
100201284;public1;18.07.2020
100201075;public3;08.07.2020
100200752;public1;07.07.2020
100201686;public1;18.07.2020
100203040;public1;15.07.2020
100202277;public2;13.07.2020
100200886;public3;22.07.2020
100200469;public1;13.07.2020
100202303;public2;21.07.2020
100200394;public2;28.07.2020
100201378;public3;20.07.2020
100201714;public1;05.07.2020
100201823;public2;19.07.2020
100203165;public3;08.07.2020
100200613;public1;01.07.2020
100202312;public3;21.07.2020
100201049;public1;21.07.2020
100201273;public1;30.07.2020
100200740;public1;26.07.2020
100200268;public2;19.07.2020
100200791;public2;28.07.2020
100202504;public1;09.07.2020
100203080;public1;08.07.2020
100202657;public3;24.07.2020
100200540;public1;07.07.2020
100202968;public1;09.07.2020
100201595;public2;14.07.2020
100201541;public3;20.07.2020
100202587;public1;17.07.2020
100201730;public1;16.07.2020
100202020;public1;12.07.2020
100200507;public2;20.07.2020
100202960;public3;21.07.2020
100200323;public1;27.07.2020
100202768;public1;08.07.2020
100201149;public1;09.07.2020
100202415;public1;11.07.2020
100201050;public1;30.07.2020
100200235;public1;09.07.2020
100200373;public1;08.07.2020
100201410;public2;15.07.2020
100202836;public1;25.07.2020
100201494;public1;14.07.2020
100202197;public3;07.07.2020
100200771;public1;26.07.2020
100201608;public2;28.07.2020
100201237;public3;21.07.2020
100201256;public3;16.07.2020
100202609;public3;09.07.2020
100201840;public2;24.07.2020
100200113;public2;22.07.2020
100201761;public3;24.07.2020
100202131;public2;25.07.2020
100201998;public3;13.07.2020
100202882;public2;29.07.2020
100201366;public3;19.07.2020
100201806;public1;14.07.2020
100201612;public1;13.07.2020
100201281;public1;12.07.2020
100202258;public2;19.07.2020
100202746;public2;17.07.2020
100200475;public1;12.07.2020
100202961;public1;24.07.2020
100202436;public2;08.07.2020
100201880;public1;19.07.2020
100202305;public1;06.07.2020
100200974;public1;22.07.2020
100201196;public1;23.07.2020
100201698;public3;17.07.2020
100201200;public3;05.07.2020
100201788;public1;03.07.2020
100203132;public3;08.07.2020
100200981;public1;16.07.2020
100200880;public1;02.07.2020
100200303;public3;10.07.2020
100200531;public2;07.07.2020
100201805;public3;25.07.2020
100200872;public1;09.07.2020
100202410;public2;18.07.2020
100200434;public2;03.07.2020
100201148;public1;03.07.2020
100202483;public3;05.07.2020
100200727;public1;08.07.2020
100201052;public1;02.07.2020
100201315;public1;28.07.2020
100201558;public3;27.07.2020
100200257;public2;22.07.2020
100201745;public1;25.07.2020
100202449;public1;02.07.2020
100202505;public1;01.07.2020
100200805;public3;01.07.2020
100202551;public3;26.07.2020
100200731;public3;15.07.2020
100200953;public3;23.07.2020
100202255;public1;16.07.2020
100200760;public1;08.07.2020
100202105;public1;17.07.2020
100200429;public1;14.07.2020
100202219;public3;07.07.2020
100202454;public1;28.07.2020
100202152;public2;08.07.2020
100200492;public3;19.07.2020
100202571;public3;12.07.2020
100201303;public2;19.07.2020
100201878;public1;08.07.2020
100201848;public1;11.07.2020
100201926;public2;19.07.2020
100200972;public1;19.07.2020
100202972;public1;05.07.2020
100201709;public3;20.07.2020
100200672;public3;11.07.2020
100202845;public1;30.07.2020
100202257;public3;01.07.2020
100202562;public3;15.07.2020
100200187;public1;14.07.2020
100200919;public1;04.07.2020
100202502;public2;12.07.2020
100202268;public1;27.07.2020
100200362;public2;25.07.2020
100201128;public1;10.07.2020
100202309;public1;09.07.2020
100202984;public2;05.07.2020
100202899;public2;14.07.2020
100200169;public2;24.07.2020
100201711;public3;20.07.2020
100201329;public1;25.07.2020
100201627;public1;05.07.2020
100201093;public3;03.07.2020
100201754;public2;18.07.2020
100202568;public1;05.07.2020
100203174;public3;16.07.2020
100202995;public3;14.07.2020
100201787;public1;12.07.2020
100200675;public1;23.07.2020
100202002;public3;27.07.2020
100202558;public2;20.07.2020
100200819;public2;22.07.2020
100203103;public3;21.07.2020
100200891;public1;01.07.2020
100200156;public3;08.07.2020
100202077;public1;22.07.2020
100202872;public1;07.07.2020
100201906;public3;07.07.2020
100202421;public2;13.07.2020
100200347;public3;06.07.2020
100201797;public3;04.07.2020
100202024;public2;01.07.2020
100200129;public3;22.07.2020
100200664;public1;01.07.2020
100200390;public2;03.07.2020
100200270;public3;04.07.2020
100202296;public1;04.07.2020
100201717;public1;11.07.2020
100202541;public3;02.07.2020
100202246;public2;24.07.2020
100201179;public2;16.07.2020
100202320;public2;19.07.2020
100201939;public1;12.07.2020
100201170;public2;26.07.2020
100200351;public3;04.07.2020
100201475;public2;15.07.2020
100200283;public1;26.07.2020
100200142;public1;24.07.2020
100200653;public1;26.07.2020
100201365;public1;27.07.2020
100200893;public2;19.07.2020
100200753;public1;16.07.2020
100200414;public1;18.07.2020
100201264;public1;20.07.2020
100200137;public1;23.07.2020
100201748;public2;22.07.2020
100202908;public1;09.07.2020
100201966;public1;11.07.2020
100200275;public3;20.07.2020
100201563;public2;09.07.2020
100202750;public1;17.07.2020
100202941;public2;09.07.2020
100203012;public1;13.07.2020
100201954;public1;23.07.2020
100201875;public1;26.07.2020
100201164;public2;17.07.2020
100202424;public3;21.07.2020
100200291;public1;18.07.2020
100200315;public3;15.07.2020
100202583;public2;16.07.2020
100201054;public2;09.07.2020
100200439;public3;08.07.2020
100200431;public2;18.07.2020
100201219;public1;18.07.2020
100200591;public1;20.07.2020
100201333;public3;21.07.2020
100202999;public2;17.07.2020
100201313;public1;11.07.2020
100201822;public1;21.07.2020
100201946;public2;14.07.2020
100201844;public1;29.07.2020
100202599;public1;21.07.2020
100200849;public3;21.07.2020
100202964;public3;26.07.2020
100200487;public1;19.07.2020
100200820;public1;05.07.2020
100200590;public2;18.07.2020
100202499;public2;25.07.2020
100202000;public2;28.07.2020
100202612;public1;23.07.2020
100202155;public3;20.07.2020
100202939;public1;06.07.2020
100202159;public1;24.07.2020
100202006;public1;23.07.2020
100201292;public1;20.07.2020
100202291;public3;03.07.2020
100201527;public3;30.07.2020
100200598;public2;08.07.2020
100201509;public1;07.07.2020
100200914;public1;25.07.2020
100202787;public1;15.07.2020
100202851;public3;07.07.2020
100200982;public1;17.07.2020
100202700;public1;30.07.2020
100202191;public1;23.07.2020
100201472;public2;18.07.2020
100201223;public1;22.07.2020
100201257;public3;10.07.2020
100202552;public2;07.07.2020
100201830;public2;09.07.2020
100202344;public1;03.07.2020
100202772;public3;11.07.2020
100200550;public1;26.07.2020
100202428;public3;27.07.2020
100200671;public3;26.07.2020
100202176;public2;02.07.2020
100202586;public1;28.07.2020
100201522;public1;29.07.2020
100202470;public3;29.07.2020
100202355;public1;12.07.2020
100202009;public3;19.07.2020
100201518;public2;18.07.2020
100202764;public3;01.07.2020
100201606;public2;11.07.2020
100202726;public1;09.07.2020
100201596;public1;16.07.2020
100201411;public1;08.07.2020
100201866;public1;23.07.2020
100200846;public1;02.07.2020
100201276;public2;13.07.2020
100200127;public1;11.07.2020
100202653;public1;03.07.2020
100201499;public2;17.07.2020
100202143;public1;20.07.2020
100201202;public3;13.07.2020
100201207;public1;06.07.2020
100200685;public2;25.07.2020
100202675;public2;23.07.2020
100202211;public2;06.07.2020
100202319;public1;21.07.2020
100202876;public3;27.07.2020
100200479;public3;24.07.2020
100200529;public3;04.07.2020
100202815;public1;04.07.2020
100200495;public3;03.07.2020
100203066;public2;15.07.2020
100201166;public1;01.07.2020
100201360;public1;29.07.2020
100201018;public2;28.07.2020
100203001;public3;24.07.2020
100200472;public1;14.07.2020
100200878;public2;04.07.2020
100202182;public3;10.07.2020
100201727;public1;28.07.2020
100201777;public1;30.07.2020
100202518;public3;24.07.2020
100201853;public3;13.07.2020
100200406;public2;11.07.2020
100201344;public1;12.07.2020
100201358;public2;02.07.2020
100202793;public1;23.07.2020
100201070;public3;10.07.2020
100202736;public3;01.07.2020
100202236;public2;13.07.2020
100201455;public1;30.07.2020
100203079;public2;19.07.2020
100200985;public3;29.07.2020
100201995;public3;09.07.2020
100202160;public1;17.07.2020
100203086;public2;15.07.2020
100201886;public1;23.07.2020
100202926;public3;16.07.2020
100200851;public1;10.07.2020
100201655;public1;13.07.2020
100201769;public1;16.07.2020
100202777;public1;11.07.2020
100202446;public3;06.07.2020
100200140;public3;12.07.2020
100202888;public3;20.07.2020
100200357;public3;10.07.2020
100200125;public2;28.07.2020
100200835;public3;19.07.2020
100202136;public3;30.07.2020
100201109;public3;25.07.2020
100203016;public3;06.07.2020
100200697;public1;29.07.2020
100201234;public1;10.07.2020
100202903;public1;18.07.2020
100200223;public1;22.07.2020
100202007;public3;30.07.2020
100202900;public2;12.07.2020
100202603;public2;13.07.2020
100200168;public3;13.07.2020
100200305;public2;27.07.2020
100201504;public1;05.07.2020
100201187;public1;25.07.2020
100202668;public2;25.07.2020
100202724;public3;17.07.2020
100201944;public3;03.07.2020
100200869;public1;04.07.2020
100201728;public1;27.07.2020
100200423;public1;03.07.2020
100200688;public1;11.07.2020
100201269;public1;10.07.2020
100200310;public1;16.07.2020
100200194;public3;22.07.2020
100202399;public2;13.07.2020
100201305;public2;22.07.2020
100200758;public1;09.07.2020
100200775;public1;09.07.2020
100200599;public3;08.07.2020
100200669;public1;01.07.2020
100202955;public2;06.07.2020
100202696;public2;21.07.2020
100201389;public1;06.07.2020
100202949;public3;14.07.2020
100201592;public1;20.07.2020
100200488;public3;22.07.2020
100202404;public2;16.07.2020
100200391;public1;27.07.2020
100200320;public2;22.07.2020
100202543;public3;28.07.2020
100201648;public2;30.07.2020
100201891;public2;21.07.2020
100200319;public2;07.07.2020
100200633;public2;11.07.2020
100200583;public1;22.07.2020
100200152;public1;04.07.2020
100202820;public1;08.07.2020
100201571;public1;01.07.2020
100200743;public3;15.07.2020
100202841;public3;19.07.2020
100202781;public1;26.07.2020
100201582;public3;11.07.2020
100200417;public3;26.07.2020
100200334;public1;25.07.2020
100200870;public3;11.07.2020
100202710;public1;11.07.2020
100200302;public1;11.07.2020
100202003;public3;17.07.2020
100202982;public3;17.07.2020
100200544;public2;17.07.2020
100200777;public1;16.07.2020
100200730;public3;21.07.2020
100202314;public3;05.07.2020
100202884;public1;06.07.2020
100201862;public1;13.07.2020
100200702;public1;02.07.2020
100201863;public2;01.07.2020
100201520;public3;22.07.2020
100201815;public2;24.07.2020
100201640;public1;23.07.2020
100202767;public1;04.07.2020
100200123;public1;06.07.2020
100202180;public1;22.07.2020
100202460;public1;19.07.2020
100201913;public3;25.07.2020
100201201;public3;22.07.2020
100200580;public1;21.07.2020
100200460;public1;19.07.2020
100202243;public2;01.07.2020
100201323;public1;28.07.2020
100200378;public2;28.07.2020
100200588;public3;07.07.2020
100201899;public2;17.07.2020
100201268;public1;09.07.2020
100200143;public1;26.07.2020
100200592;public1;19.07.2020
100200816;public1;07.07.2020
100200814;public3;23.07.2020
100201474;public2;22.07.2020
100202163;public1;14.07.2020
100202977;public2;11.07.2020
100201602;public1;13.07.2020
100200811;public1;05.07.2020
100203072;public2;01.07.2020
100201766;public1;20.07.2020
100202327;public1;05.07.2020
100201807;public2;04.07.2020
100202843;public3;24.07.2020
100203093;public3;20.07.2020
100200916;public3;04.07.2020
100202018;public2;13.07.2020
100202311;public2;08.07.2020
100202915;public2;04.07.2020
100200466;public3;20.07.2020
100201077;public1;15.07.2020
100200833;public3;09.07.2020
100200597;public1;15.07.2020
100200376;public3;12.07.2020
100200145;public2;17.07.2020
100203126;public1;05.07.2020
100202487;public3;11.07.2020
100201017;public3;15.07.2020
100202616;public2;06.07.2020
100201638;public1;18.07.2020
100201668;public1;09.07.2020
100201448;public3;09.07.2020
100203069;public3;09.07.2020
100200418;public2;07.07.2020
100202063;public3;24.07.2020
100202992;public1;06.07.2020
100201865;public3;22.07.2020
100202712;public2;04.07.2020
100200455;public2;21.07.2020
100201920;public3;09.07.2020
100202830;public2;12.07.2020
100201146;public1;18.07.2020
100202878;public1;01.07.2020
100202632;public2;05.07.2020
100201056;public1;03.07.2020
100201798;public1;16.07.2020
100200119;public3;22.07.2020
100201421;public2;22.07.2020
100202797;public3;20.07.2020
100200716;public1;26.07.2020
100202395;public3;23.07.2020
100201827;public3;20.07.2020
100202004;public3;09.07.2020
100201453;public2;01.07.2020
100202263;public2;24.07.2020
100201312;public3;09.07.2020
100201623;public3;07.07.2020
100202364;public1;30.07.2020
100202740;public1;01.07.2020
100202945;public1;29.07.2020
100201163;public2;03.07.2020
100202207;public2;02.07.2020
100202484;public3;19.07.2020
100201009;public1;29.07.2020
100201445;public3;07.07.2020
100201743;public1;14.07.2020
100202850;public1;13.07.2020
100202545;public3;10.07.2020
100201468;public1;10.07.2020
100203077;public2;28.07.2020
100202715;public3;17.07.2020
100202782;public3;16.07.2020
100202409;public1;16.07.2020
100201783;public2;18.07.2020
100202660;public1;05.07.2020
100201377;public1;23.07.2020
100201493;public2;28.07.2020
100200515;public3;20.07.2020
100201182;public1;18.07.2020
100201927;public2;01.07.2020
100200553;public1;19.07.2020
100202832;public1;19.07.2020
100203011;public1;04.07.2020
100200909;public2;22.07.2020
100200862;public3;29.07.2020
100200770;public1;14.07.2020
100201450;public1;05.07.2020
100202385;public3;11.07.2020
100202262;public3;27.07.2020
100200864;public1;17.07.2020
100202194;public3;12.07.2020
100200240;public3;30.07.2020
100202826;public1;21.07.2020
100201091;public2;13.07.2020
100200535;public2;11.07.2020
100202511;public3;17.07.2020
100201458;public2;19.07.2020
100202810;public2;03.07.2020
100202295;public2;30.07.2020
100203037;public1;12.07.2020
100201987;public2;01.07.2020
100201370;public3;11.07.2020
100202763;public2;16.07.2020
100200552;public1;20.07.2020
100200720;public2;29.07.2020
100201829;public3;09.07.2020
100202898;public3;12.07.2020
100202248;public2;26.07.2020
100200408;public1;04.07.2020
100200309;public1;28.07.2020
100203169;public2;06.07.2020
100201043;public3;25.07.2020
100202393;public3;28.07.2020
100201446;public3;11.07.2020
100203084;public1;12.07.2020
100201296;public2;03.07.2020
100202366;public2;30.07.2020
100203131;public2;09.07.2020
100202221;public1;14.07.2020
100202138;public1;29.07.2020
100201491;public1;02.07.2020
100200427;public1;28.07.2020
100201768;public2;06.07.2020
100203166;public1;23.07.2020
100200704;public3;19.07.2020
100200409;public1;04.07.2020
100201100;public2;11.07.2020
100201103;public2;21.07.2020
100200342;public1;25.07.2020
100202617;public3;15.07.2020
100201820;public3;11.07.2020
100201496;public1;01.07.2020
100201151;public2;28.07.2020
100202308;public1;10.07.2020
100202116;public1;30.07.2020
100202784;public1;17.07.2020
100202434;public1;27.07.2020
100200288;public1;12.07.2020
100202629;public1;24.07.2020
100200122;public3;01.07.2020
100200660;public3;12.07.2020
100200470;public3;24.07.2020
100201144;public3;28.07.2020
100200735;public3;13.07.2020
100200954;public1;22.07.2020
100202927;public3;30.07.2020
100202008;public3;22.07.2020
100202494;public1;14.07.2020
100202106;public2;05.07.2020
100202906;public1;28.07.2020
100202510;public1;07.07.2020
100200792;public1;21.07.2020
100202233;public2;02.07.2020
100202816;public2;10.07.2020
100202656;public3;02.07.2020
100202372;public1;01.07.2020
100202237;public1;10.07.2020
100202406;public1;19.07.2020
100201251;public1;29.07.2020
100200734;public1;10.07.2020
100200569;public1;02.07.2020
100200158;public1;14.07.2020
100200554;public1;03.07.2020
100203021;public2;16.07.2020
100201310;public2;22.07.2020
100202957;public3;22.07.2020
100202157;public3;26.07.2020
100202788;public2;14.07.2020
100201409;public1;21.07.2020
100202014;public1;14.07.2020
100201206;public3;08.07.2020
100201560;public1;05.07.2020
100201977;public3;01.07.2020
100200828;public3;04.07.2020
100200785;public1;25.07.2020
100201938;public2;30.07.2020
100200723;public3;30.07.2020
100201505;public2;27.07.2020
100201217;public3;07.07.2020
100200244;public2;14.07.2020
100200229;public2;26.07.2020
100203018;public1;28.07.2020
100202027;public1;29.07.2020
100200682;public2;12.07.2020
100201495;public1;11.07.2020
100202611;public2;24.07.2020
100201356;public2;03.07.2020
100202293;public2;26.07.2020
100200512;public2;28.07.2020
100201980;public2;24.07.2020
100202363;public3;22.07.2020
100202821;public3;03.07.2020
100200969;public1;30.07.2020
100202730;public1;30.07.2020
100200645;public3;07.07.2020
100200281;public3;29.07.2020
100201390;public1;27.07.2020
100201644;public1;22.07.2020
100201599;public1;03.07.2020
100202479;public1;24.07.2020
100202873;public2;26.07.2020
100200301;public1;27.07.2020
100202394;public3;21.07.2020
100202567;public1;23.07.2020
100201239;public1;29.07.2020
100200349;public2;24.07.2020
100201129;public2;23.07.2020
100202970;public3;03.07.2020
100200877;public1;09.07.2020
100201483;public3;05.07.2020
100202532;public2;25.07.2020
100203148;public3;22.07.2020
100202281;public1;11.07.2020
100203154;public1;12.07.2020
100203124;public3;12.07.2020
100202752;public3;07.07.2020
100201406;public1;08.07.2020
100203176;public2;05.07.2020
100201224;public3;21.07.2020
100200490;public2;22.07.2020
100201254;public1;15.07.2020
100200790;public2;03.07.2020
100202718;public3;12.07.2020
100200883;public2;05.07.2020
100201288;public1;20.07.2020
100202206;public2;22.07.2020
100200404;public2;16.07.2020
100202950;public3;27.07.2020
100201580;public1;20.07.2020
100201525;public3;17.07.2020
100202529;public1;22.07.2020
100201028;public1;26.07.2020
100201756;public1;19.07.2020
100200520;public1;14.07.2020
100201747;public1;30.07.2020
100202189;public2;23.07.2020
100202090;public1;11.07.2020
100200234;public1;25.07.2020
100200729;public1;20.07.2020
100200277;public1;24.07.2020
100202079;public2;08.07.2020
100200395;public3;04.07.2020
100202023;public3;14.07.2020
100201386;public2;20.07.2020
100201084;public3;24.07.2020
100200607;public1;11.07.2020
100201887;public1;04.07.2020
100202625;public1;07.07.2020
100203116;public2;22.07.2020
100203054;public1;21.07.2020
100201178;public1;05.07.2020
100200632;public1;22.07.2020
100201885;public1;30.07.2020
100202034;public2;05.07.2020
100202066;public3;27.07.2020
100201691;public1;28.07.2020
100201244;public1;26.07.2020
100201481;public3;09.07.2020
100203113;public1;22.07.2020
100200175;public3;12.07.2020
100201613;public3;25.07.2020
100202563;public1;15.07.2020
100200326;public1;08.07.2020
100200162;public1;20.07.2020
100202260;public1;14.07.2020
100200246;public2;01.07.2020
100201737;public2;30.07.2020
100200107;public2;23.07.2020
100200853;public2;29.07.2020
100201665;public2;05.07.2020
100202146;public3;19.07.2020
100202407;public3;22.07.2020
100200547;public1;12.07.2020
100203120;public1;12.07.2020
100201935;public3;28.07.2020
100202914;public2;03.07.2020
100201185;public2;04.07.2020
100201802;public2;14.07.2020
100202531;public3;29.07.2020
100202761;public1;22.07.2020
100202229;public2;14.07.2020
100200673;public1;08.07.2020
100200221;public1;18.07.2020
100201097;public1;21.07.2020
100201222;public1;18.07.2020
100202265;public3;04.07.2020
100202047;public2;07.07.2020
100203164;public3;28.07.2020
100201367;public2;11.07.2020
100202052;public2;01.07.2020
100200163;public3;23.07.2020
100200783;public1;11.07.2020
100202791;public1;09.07.2020
100202342;public1;30.07.2020
100200436;public2;13.07.2020
100201720;public1;07.07.2020
100200701;public1;12.07.2020
100202874;public1;27.07.2020
100202313;public2;03.07.2020
100202860;public3;13.07.2020
100202150;public1;25.07.2020
100202379;public1;10.07.2020
100202814;public1;16.07.2020
100202912;public2;28.07.2020
100202127;public2;21.07.2020
100202789;public3;01.07.2020
100202549;public2;25.07.2020
100200798;public1;03.07.2020
100200908;public1;12.07.2020
100201989;public1;14.07.2020
100202374;public3;30.07.2020
100203013;public1;11.07.2020
100200868;public2;09.07.2020
100202108;public2;06.07.2020
100201671;public3;17.07.2020
100202074;public2;01.07.2020
100202798;public3;19.07.2020
100203067;public1;02.07.2020
100200719;public2;03.07.2020
100202453;public3;27.07.2020
100201937;public1;06.07.2020
100200198;public3;05.07.2020
100201250;public2;09.07.2020
100200393;public3;21.07.2020
100202714;public3;01.07.2020
100202144;public3;04.07.2020
100201338;public3;18.07.2020
100200332;public1;17.07.2020
100202070;public3;28.07.2020
100201150;public2;19.07.2020
100202659;public2;20.07.2020
100201314;public3;01.07.2020
100200795;public1;19.07.2020
100201589;public2;24.07.2020
100202539;public1;27.07.2020
100200703;public2;22.07.2020
100202607;public1;24.07.2020
100202733;public3;28.07.2020
100202396;public2;30.07.2020
100200921;public2;30.07.2020
100200204;public2;24.07.2020
100200150;public3;14.07.2020
100202643;public2;08.07.2020
100203112;public2;06.07.2020
100202753;public1;07.07.2020
100200396;public3;03.07.2020
100200459;public1;12.07.2020
100200884;public1;14.07.2020
100200345;public2;24.07.2020
100201629;public1;04.07.2020
100202922;public2;21.07.2020
100201016;public2;02.07.2020
100201907;public1;17.07.2020
100201335;public1;01.07.2020
100202357;public1;11.07.2020
100200714;public3;27.07.2020
100201585;public2;29.07.2020
100200193;public1;11.07.2020
100200943;public1;11.07.2020
100202875;public1;22.07.2020
100203019;public3;18.07.2020
100201752;public2;26.07.2020
100201309;public3;29.07.2020
100201096;public1;23.07.2020
100201908;public2;16.07.2020
100200489;public2;28.07.2020
100203177;public2;18.07.2020
100200241;public3;20.07.2020
100201379;public2;26.07.2020
100200533;public1;04.07.2020
100202869;public1;18.07.2020
100201295;public1;14.07.2020
100202981;public2;04.07.2020
100201194;public1;08.07.2020
100200574;public2;16.07.2020
100201059;public1;24.07.2020
100202901;public2;17.07.2020
100200987;public1;26.07.2020
100203173;public1;26.07.2020
100200865;public2;05.07.2020
100202805;public2;12.07.2020
100201537;public2;14.07.2020
100203128;public2;16.07.2020
100201965;public3;27.07.2020
100200290;public1;26.07.2020
100202664;public1;30.07.2020
100203110;public1;21.07.2020
100201607;public2;01.07.2020
100201175;public1;23.07.2020
100200364;public3;11.07.2020
100200265;public1;03.07.2020
100201220;public2;13.07.2020
100200173;public2;24.07.2020
100202331;public3;30.07.2020
100201383;public3;11.07.2020
100200322;public1;26.07.2020
100203145;public1;20.07.2020
100201832;public3;01.07.2020
100200381;public1;23.07.2020
100201404;public3;04.07.2020
100200138;public1;24.07.2020
100200784;public1;19.07.2020
100202118;public1;03.07.2020
100201108;public2;03.07.2020
100202577;public1;13.07.2020
100202993;public2;25.07.2020
100200260;public2;24.07.2020
100200618;public1;03.07.2020
100202489;public1;22.07.2020
100201442;public1;17.07.2020
100201451;public3;12.07.2020
100201233;public2;26.07.2020
100200374;public2;21.07.2020
100202650;public2;22.07.2020
100200263;public1;09.07.2020
100200769;public2;13.07.2020
100201876;public2;16.07.2020
100200440;public1;17.07.2020
100202677;public1;04.07.2020
100200467;public1;19.07.2020
100202332;public1;28.07.2020
100203098;public3;15.07.2020
100200500;public1;26.07.2020
100201199;public3;26.07.2020
100201536;public1;29.07.2020
100202606;public1;30.07.2020
100202542;public1;17.07.2020
100202173;public3;08.07.2020
100200179;public1;19.07.2020
100202465;public1;17.07.2020
100202867;public2;19.07.2020
100202322;public2;26.07.2020
100200458;public1;13.07.2020
100202569;public3;14.07.2020
100201227;public1;22.07.2020
100200146;public2;08.07.2020
100201211;public1;25.07.2020
100201112;public1;15.07.2020
100201041;public2;30.07.2020
100200759;public3;06.07.2020
100201723;public1;15.07.2020
100201746;public1;03.07.2020
100200399;public1;15.07.2020
100200245;public3;10.07.2020
100201141;public1;05.07.2020
100201760;public1;02.07.2020
100202458;public3;15.07.2020
100200214;public1;10.07.2020
100202642;public3;27.07.2020
100201425;public2;13.07.2020
100202036;public3;18.07.2020
100202059;public2;08.07.2020
100200564;public2;23.07.2020
100200984;public1;18.07.2020
100200989;public2;21.07.2020
100202351;public3;27.07.2020
100202936;public3;24.07.2020
100201890;public1;27.07.2020
100202307;public1;21.07.2020
100201535;public3;10.07.2020
100200226;public3;29.07.2020
100201156;public1;15.07.2020
100202129;public2;18.07.2020
100200161;public2;19.07.2020
100200555;public2;21.07.2020
100201663;public1;21.07.2020
100202287;public1;04.07.2020
100203003;public2;04.07.2020
100202997;public3;19.07.2020
100200855;public1;22.07.2020
100200689;public3;14.07.2020
100202201;public1;01.07.2020
100202445;public1;18.07.2020
100200295;public2;15.07.2020
100202693;public2;29.07.2020
100202433;public3;18.07.2020
100202824;public1;15.07.2020
100201972;public3;21.07.2020
100203068;public2;24.07.2020
100202095;public1;18.07.2020
100201426;public3;01.07.2020
100201418;public1;20.07.2020
100200799;public1;20.07.2020
100202514;public3;26.07.2020
100200576;public1;13.07.2020
100200881;public3;16.07.2020
100202019;public3;02.07.2020
100201736;public1;08.07.2020
100202294;public2;16.07.2020
100201513;public2;16.07.2020
100200977;public1;17.07.2020
100202242;public1;27.07.2020
100200508;public3;08.07.2020
100202778;public2;30.07.2020
100200558;public1;16.07.2020
100201649;public1;01.07.2020
100201590;public1;04.07.2020
100201919;public1;05.07.2020
100200385;public1;11.07.2020
100200937;public3;07.07.2020
100200397;public2;11.07.2020
100202345;public1;30.07.2020
100200929;public3;05.07.2020
100202720;public1;20.07.2020
100202508;public1;16.07.2020
100202517;public2;25.07.2020
100200519;public1;09.07.2020
100202021;public1;27.07.2020
100202391;public1;24.07.2020
100201597;public1;16.07.2020
100201436;public1;04.07.2020
100200207;public1;25.07.2020
100202557;public2;22.07.2020
100200518;public1;04.07.2020
100202196;public2;24.07.2020
100201867;public3;24.07.2020
100202689;public2;26.07.2020
100200454;public2;24.07.2020
100200341;public2;06.07.2020
100201934;public2;17.07.2020
100201650;public1;21.07.2020
100201198;public1;18.07.2020
100202121;public2;28.07.2020
100203156;public1;29.07.2020
100202231;public2;25.07.2020
100200677;public3;25.07.2020
100202375;public2;18.07.2020
100202141;public2;12.07.2020
100200905;public3;11.07.2020
100202069;public1;04.07.2020
100201922;public1;09.07.2020
100201042;public2;18.07.2020
100201154;public1;29.07.2020
100200834;public1;29.07.2020
100200464;public2;16.07.2020
100200843;public1;22.07.2020
100202464;public2;07.07.2020
100202559;public1;14.07.2020
100200744;public2;04.07.2020
100200456;public2;30.07.2020
100202973;public2;09.07.2020
100203060;public1;18.07.2020
100202378;public1;20.07.2020
100200602;public1;30.07.2020
100202640;public1;08.07.2020
100202200;public1;08.07.2020
100200126;public2;09.07.2020
100200736;public2;10.07.2020
100202398;public1;19.07.2020
100201950;public1;09.07.2020
100200219;public1;04.07.2020
100203170;public2;17.07.2020
100201400;public2;22.07.2020
100201990;public1;09.07.2020
100200733;public2;12.07.2020
100201782;public1;01.07.2020
100201240;public3;26.07.2020
100200366;public1;29.07.2020
100200473;public2;03.07.2020
100202266;public3;18.07.2020
100200804;public1;06.07.2020
100200541;public1;21.07.2020
100201062;public3;17.07.2020
100201925;public3;03.07.2020
100202298;public1;18.07.2020
100200644;public2;19.07.2020
100200422;public1;03.07.2020
100200177;public1;06.07.2020
100201776;public2;07.07.2020
100203146;public3;06.07.2020
100202306;public2;09.07.2020
100200188;public1;25.07.2020
100202232;public1;02.07.2020
100201917;public1;17.07.2020
100200360;public3;12.07.2020
100200276;public1;06.07.2020
100200594;public3;21.07.2020
100202273;public1;16.07.2020
100201354;public1;08.07.2020
100200480;public1;11.07.2020
100202742;public3;25.07.2020
100200971;public3;12.07.2020
100202513;public3;12.07.2020
100201433;public2;27.07.2020
100200410;public2;23.07.2020
100200154;public1;08.07.2020
100200209;public2;10.07.2020
100202130;public1;14.07.2020
100200262;public2;17.07.2020
100201996;public2;16.07.2020
100202584;public1;03.07.2020
100200174;public2;01.07.2020
100202272;public1;17.07.2020
100203082;public3;02.07.2020
100200663;public1;19.07.2020
100200557;public1;11.07.2020
100200182;public1;06.07.2020
100202230;public3;28.07.2020
100202148;public1;15.07.2020
100202770;public1;28.07.2020
100201440;public3;15.07.2020
100202447;public1;15.07.2020
100202739;public3;07.07.2020
100202094;public3;25.07.2020
100200683;public3;11.07.2020
100200311;public3;26.07.2020
100201246;public3;20.07.2020
100203163;public3;11.07.2020
100200344;public1;11.07.2020
100202149;public3;05.07.2020
100202110;public1;25.07.2020
100202947;public2;28.07.2020
100201579;public3;27.07.2020
100201581;public2;11.07.2020
100201837;public1;19.07.2020
100201447;public2;17.07.2020
100201713;public3;18.07.2020
100200239;public1;25.07.2020
100201617;public2;04.07.2020
100201101;public3;24.07.2020
100200272;public1;25.07.2020
100202980;public1;01.07.2020
100200102;public3;26.07.2020
100200384;public2;24.07.2020
100201498;public1;22.07.2020
100200661;public1;15.07.2020
100202644;public3;28.07.2020
100202803;public3;05.07.2020
100201248;public3;09.07.2020
100202030;public1;02.07.2020
100201008;public3;11.07.2020
100202917;public1;24.07.2020
100200259;public2;11.07.2020
100202680;public1;21.07.2020
100200415;public1;18.07.2020
100200548;public3;22.07.2020
100203031;public1;15.07.2020
100202015;public2;16.07.2020
100201588;public1;06.07.2020
100202071;public1;23.07.2020
100201055;public2;17.07.2020
100200715;public1;24.07.2020
100200680;public1;23.07.2020
100200584;public1;15.07.2020
100201177;public1;27.07.2020
100202520;public1;13.07.2020
100202167;public3;10.07.2020
100202525;public2;21.07.2020
100202247;public1;21.07.2020
100201667;public1;13.07.2020
100201012;public1;27.07.2020
100200452;public1;03.07.2020
100201936;public3;19.07.2020
100202169;public3;08.07.2020
100201645;public1;23.07.2020
100200693;public1;27.07.2020
100201466;public3;12.07.2020
100202894;public1;02.07.2020
100202507;public2;28.07.2020
100200636;public1;22.07.2020
100202943;public1;21.07.2020
100200474;public1;20.07.2020
100200124;public1;12.07.2020
100201279;public1;14.07.2020
100200897;public3;07.07.2020
100201789;public1;07.07.2020
100200442;public1;11.07.2020
100202067;public2;05.07.2020
100202437;public1;02.07.2020
100200600;public1;06.07.2020
100202203;public1;28.07.2020
100202530;public1;15.07.2020
100200476;public2;22.07.2020
100202623;public1;27.07.2020
100201068;public3;08.07.2020
100203087;public1;28.07.2020
100202983;public2;06.07.2020
100200160;public1;08.07.2020
100202356;public1;16.07.2020
100202283;public2;01.07.2020
100201407;public1;12.07.2020
100200717;public1;14.07.2020
100200353;public1;29.07.2020
100200269;public1;28.07.2020
100200231;public1;12.07.2020
100201856;public2;02.07.2020
100200857;public2;24.07.2020
100200996;public1;27.07.2020
100202310;public1;10.07.2020
100202848;public1;25.07.2020
100200813;public1;24.07.2020
100202687;public1;28.07.2020
100201780;public1;23.07.2020
100201870;public1;12.07.2020
100202353;public1;26.07.2020
100201020;public2;20.07.2020
100203071;public1;07.07.2020
100200304;public3;29.07.2020
100201651;public3;09.07.2020
100201635;public1;12.07.2020
100200402;public2;11.07.2020
100202113;public3;17.07.2020
100202259;public1;16.07.2020
100200483;public2;11.07.2020
100200153;public3;04.07.2020
100201508;public1;01.07.2020
100200957;public3;26.07.2020
100200830;public1;19.07.2020
100200183;public1;24.07.2020
100200764;public3;07.07.2020
100203063;public3;08.07.2020
100202831;public2;27.07.2020
100201214;public1;23.07.2020
100201088;public2;29.07.2020
100200330;public1;02.07.2020
100201593;public1;04.07.2020
100201289;public1;15.07.2020
100203008;public2;23.07.2020
100200926;public2;10.07.2020
100201111;public1;17.07.2020
100201552;public1;12.07.2020
100202354;public2;25.07.2020
100201849;public3;08.07.2020
100201739;public2;08.07.2020
100202537;public2;05.07.2020
100200457;public2;14.07.2020
100202866;public2;11.07.2020
100200109;public1;04.07.2020
100202654;public1;23.07.2020
100202685;public3;20.07.2020
100203025;public1;29.07.2020
100201836;public1;06.07.2020
100200227;public2;22.07.2020
100202051;public2;08.07.2020
100201952;public3;01.07.2020
100202849;public1;02.07.2020
100202284;public3;12.07.2020
100202932;public2;03.07.2020
100202463;public2;15.07.2020
100200961;public1;26.07.2020
100200638;public3;30.07.2020
100202838;public2;09.07.2020
100200172;public1;22.07.2020
100201462;public1;16.07.2020
100203129;public1;24.07.2020
100200224;public1;04.07.2020
100202423;public1;13.07.2020
100200527;public2;15.07.2020
100203094;public2;29.07.2020
100201221;public1;05.07.2020
100200203;public3;24.07.2020
100200413;public2;13.07.2020
100200923;public3;21.07.2020
100201172;public1;02.07.2020
100203030;public1;13.07.2020
100202100;public1;10.07.2020
100203039;public2;18.07.2020
100200628;public1;25.07.2020
100201162;public3;02.07.2020
100201790;public1;07.07.2020
100201702;public2;30.07.2020
100202500;public2;19.07.2020
100200136;public1;02.07.2020
100201512;public3;08.07.2020
100201286;public2;05.07.2020
100202802;public2;06.07.2020
100201004;public2;28.07.2020
100202589;public1;14.07.2020
100201705;public1;15.07.2020
100200368;public1;05.07.2020
100202779;public2;08.07.2020
100202202;public3;06.07.2020
100201631;public1;08.07.2020
100201180;public1;10.07.2020
100202938;public1;19.07.2020
100202881;public2;18.07.2020
100203026;public1;15.07.2020
100202175;public1;22.07.2020
100201521;public1;15.07.2020
100201497;public3;25.07.2020
100200842;public2;01.07.2020
100202209;public1;02.07.2020
100201225;public2;07.07.2020
100200748;public3;09.07.2020
100202854;public1;28.07.2020
100201715;public3;04.07.2020
100200300;public1;15.07.2020
100202377;public1;27.07.2020
100200559;public1;15.07.2020
100201035;public2;18.07.2020
100201280;public3;11.07.2020
100200915;public1;07.07.2020
100202490;public3;20.07.2020
100200112;public2;19.07.2020
100201120;public1;26.07.2020
100201351;public1;09.07.2020
100202245;public1;14.07.2020
100200253;public3;30.07.2020
100200973;public2;21.07.2020
100202991;public1;07.07.2020
100200700;public2;15.07.2020
100202062;public2;07.07.2020
100203123;public2;03.07.2020
100202376;public3;27.07.2020
100200611;public1;01.07.2020
100201324;public3;16.07.2020
100202013;public2;26.07.2020
100203047;public3;03.07.2020
100202425;public1;29.07.2020
100202681;public2;23.07.2020
100202921;public1;02.07.2020
100202527;public1;20.07.2020
100202806;public1;26.07.2020
100202868;public2;08.07.2020
100202662;public3;19.07.2020
100202582;public2;18.07.2020
100201213;public3;25.07.2020
100202154;public1;02.07.2020
100202193;public2;07.07.2020
100200286;public1;29.07.2020
100202370;public1;12.07.2020
100202593;public1;01.07.2020
100200190;public2;05.07.2020
100200705;public2;17.07.2020
100200992;public1;10.07.2020
100201479;public2;21.07.2020
100201392;public1;23.07.2020
100203005;public1;12.07.2020
100201575;public3;13.07.2020
100200155;public2;26.07.2020
100200976;public1;29.07.2020
100202048;public3;13.07.2020
100203161;public3;07.07.2020
100202271;public1;28.07.2020
100201297;public2;26.07.2020
100202597;public1;13.07.2020
100200248;public1;29.07.2020
100201960;public1;18.07.2020
100201703;public2;10.07.2020
100203015;public1;08.07.2020
100200988;public2;05.07.2020
100202340;public2;08.07.2020
100201165;public1;19.07.2020
100200233;public1;01.07.2020
100201784;public2;04.07.2020
100200426;public1;23.07.2020
100201964;public3;21.07.2020
100200789;public1;15.07.2020
100202526;public2;01.07.2020
100200656;public2;02.07.2020
100201263;public3;16.07.2020
100200502;public2;23.07.2020
100201186;public2;03.07.2020
100200649;public1;13.07.2020
100200942;public3;20.07.2020
100203022;public2;29.07.2020
100200640;public1;03.07.2020
100200776;public2;03.07.2020
100202315;public3;02.07.2020
100200486;public1;01.07.2020
100200481;public1;20.07.2020
100203096;public1;28.07.2020
100201010;public1;18.07.2020
100200498;public1;02.07.2020
100200589;public2;05.07.2020
100202010;public2;20.07.2020
100203137;public1;24.07.2020
100202734;public1;06.07.2020
100203136;public3;26.07.2020
100201708;public3;05.07.2020
100202279;public1;27.07.2020
100200962;public1;14.07.2020
100202670;public1;18.07.2020
100201420;public3;02.07.2020
100201373;public1;07.07.2020
100202756;public2;02.07.2020
100202282;public1;13.07.2020
100202439;public3;10.07.2020
100201345;public2;15.07.2020
100201238;public1;28.07.2020
100200274;public1;29.07.2020
100203046;public2;18.07.2020
100200608;public2;07.07.2020
100200755;public1;05.07.2020
100202859;public3;07.07.2020
100201873;public2;18.07.2020
100201786;public1;17.07.2020
100201270;public2;21.07.2020
100202137;public3;04.07.2020
100201574;public3;17.07.2020
100201884;public3;25.07.2020
100201893;public2;17.07.2020
100201855;public1;13.07.2020
100202408;public2;02.07.2020
100202012;public1;08.07.2020
100201901;public3;01.07.2020
100202226;public1;04.07.2020
100202528;public3;12.07.2020
100203028;public2;11.07.2020
100200238;public2;07.07.2020
100202147;public2;18.07.2020
100202250;public1;25.07.2020
100202115;public2;19.07.2020
100201529;public3;06.07.2020
100200911;public2;17.07.2020
100202998;public1;27.07.2020
100202835;public2;28.07.2020
100201215;public3;22.07.2020
100202414;public3;13.07.2020
100200652;public3;09.07.2020
100201301;public2;16.07.2020
100202420;public3;23.07.2020
100203147;public1;17.07.2020
100200875;public1;12.07.2020
100202556;public3;30.07.2020
100200503;public1;21.07.2020
100200944;public1;03.07.2020
100202316;public1;24.07.2020
100202256;public3;17.07.2020
100201968;public3;12.07.2020
100200794;public1;08.07.2020
100201983;public3;08.07.2020
100203048;public3;16.07.2020
100202388;public1;06.07.2020
100202671;public2;14.07.2020
100200658;public3;09.07.2020
100200879;public1;18.07.2020
100202801;public3;07.07.2020
100200852;public3;10.07.2020
100202819;public2;12.07.2020
100201487;public1;14.07.2020
100200674;public1;11.07.2020
100201029;public3;16.07.2020
100201376;public2;29.07.2020
100200845;public1;19.07.2020
100200773;public1;18.07.2020
100202164;public1;20.07.2020
100202813;public1;04.07.2020
100202956;public2;08.07.2020
100201331;public1;25.07.2020
100201725;public2;12.07.2020
100200524;public3;30.07.2020
100201176;public1;01.07.2020
100200754;public1;29.07.2020
100202578;public3;17.07.2020
100200530;public2;25.07.2020
100201744;public1;08.07.2020
100201796;public2;21.07.2020
100202566;public3;24.07.2020
100200726;public3;14.07.2020
100202610;public3;07.07.2020
100201694;public3;04.07.2020
100202544;public2;12.07.2020
100202516;public3;01.07.2020
100202575;public1;06.07.2020
100200355;public1;16.07.2020
100201573;public3;04.07.2020
100202228;public1;23.07.2020
100200627;public1;02.07.2020
100201086;public3;21.07.2020
100201078;public1;25.07.2020
100202456;public2;03.07.2020
100201262;public2;08.07.2020
100201557;public3;14.07.2020
100200665;public1;14.07.2020
100202605;public1;04.07.2020
100201397;public1;30.07.2020
100201858;public1;04.07.2020
100203100;public3;06.07.2020
100201764;public1;21.07.2020
100201794;public1;29.07.2020
100202800;public1;11.07.2020
100200904;public1;29.07.2020
100201031;public1;19.07.2020
100200659;public3;03.07.2020
100200337;public1;15.07.2020
100201774;public2;06.07.2020
100201546;public1;30.07.2020
100202560;public1;05.07.2020
100202579;public1;16.07.2020
100200441;public2;08.07.2020
100201090;public3;14.07.2020
100202413;public1;21.07.2020
100201883;public1;17.07.2020
100200930;public3;03.07.2020
100202911;public1;27.07.2020
100201006;public2;10.07.2020
100200692;public1;12.07.2020
100202893;public2;12.07.2020
100203034;public3;11.07.2020
100201569;public3;09.07.2020
100202853;public3;09.07.2020
100201803;public2;02.07.2020
100202974;public3;16.07.2020
100201131;public2;16.07.2020
100201226;public3;18.07.2020
100203109;public2;01.07.2020
100203064;public1;27.07.2020
100200392;public1;16.07.2020
100201719;public3;04.07.2020
100201846;public2;27.07.2020
100201053;public1;29.07.2020
100201235;public1;05.07.2020
100200780;public3;21.07.2020
100202493;public2;26.07.2020
100200264;public3;01.07.2020
100201551;public2;19.07.2020
100202046;public3;02.07.2020
100202330;public3;08.07.2020
100200812;public2;25.07.2020
100202846;public1;23.07.2020
100200331;public1;28.07.2020
100200629;public1;12.07.2020
100201819;public3;30.07.2020
100201620;public1;25.07.2020
100200425;public2;23.07.2020
100200993;public3;09.07.2020
100200668;public3;22.07.2020
100200205;public1;18.07.2020
100202708;public1;22.07.2020
100203059;public2;07.07.2020
100201094;public3;20.07.2020
100200662;public2;18.07.2020
100203153;public3;10.07.2020
100202338;public3;20.07.2020
100202613;public2;26.07.2020
100203089;public2;28.07.2020
100201578;public2;13.07.2020
100201434;public2;17.07.2020
100200549;public3;28.07.2020
100201958;public2;07.07.2020
100202895;public3;02.07.2020
100202119;public1;27.07.2020
100200352;public1;13.07.2020
100201048;public3;23.07.2020
100201534;public2;02.07.2020
100201282;public2;03.07.2020
100202933;public2;06.07.2020
100201121;public1;01.07.2020
100201572;public1;28.07.2020
100202085;public1;21.07.2020
100201699;public2;09.07.2020
100200278;public2;14.07.2020
100201881;public1;28.07.2020
100200856;public1;30.07.2020
100200994;public3;18.07.2020
100202916;public2;12.07.2020
100200510;public2;07.07.2020
100200538;public2;06.07.2020
100200913;public1;12.07.2020
100200678;public3;21.07.2020
100201842;public2;26.07.2020
100201911;public1;18.07.2020
100201658;public1;17.07.2020
100202087;public2;11.07.2020
100200420;public1;14.07.2020
100202706;public3;25.07.2020
100201285;public1;30.07.2020
100203130;public1;16.07.2020
100200446;public1;26.07.2020
100203167;public1;04.07.2020
100201430;public3;11.07.2020
100201904;public1;03.07.2020
100202639;public1;25.07.2020
100201374;public1;01.07.2020
100200684;public1;01.07.2020
100202651;public1;24.07.2020
100201523;public3;05.07.2020
100202033;public1;14.07.2020
100201903;public3;23.07.2020
100202709;public3;22.07.2020
100202747;public2;21.07.2020
100202554;public2;29.07.2020
100202604;public2;10.07.2020
100202703;public1;12.07.2020
100201953;public3;16.07.2020
100200318;public2;09.07.2020
100201900;public3;20.07.2020
100201349;public1;03.07.2020
100200517;public3;13.07.2020
100202117;public1;30.07.2020
100200211;public2;09.07.2020
100201943;public3;30.07.2020
100201210;public2;26.07.2020
100201432;public1;23.07.2020
100200960;public3;26.07.2020
100202825;public1;10.07.2020
100200940;public1;27.07.2020
100200712;public2;24.07.2020
100202783;public2;20.07.2020
100202501;public2;21.07.2020
100200438;public1;25.07.2020
100201099;public3;06.07.2020
100201271;public1;07.07.2020
100203081;public1;16.07.2020
100202123;public1;07.07.2020
100202275;public2;21.07.2020
100201773;public2;13.07.2020
100202016;public1;21.07.2020
100200614;public1;26.07.2020
100202975;public1;30.07.2020
100202910;public3;06.07.2020
100201961;public2;24.07.2020
100200888;public1;15.07.2020
100201962;public2;08.07.2020
100201986;public2;29.07.2020
100200815;public2;20.07.2020
100202073;public3;19.07.2020
100201427;public3;27.07.2020
100202061;public1;01.07.2020
100200757;public2;25.07.2020
100203118;public1;06.07.2020
100200866;public1;01.07.2020
100201561;public3;26.07.2020
100202755;public1;04.07.2020
100203175;public1;01.07.2020
100201123;public1;30.07.2020
100202948;public1;10.07.2020
100201916;public1;12.07.2020
100202064;public2;22.07.2020
100200369;public1;07.07.2020
100202142;public2;17.07.2020
100201255;public1;13.07.2020
100201167;public1;19.07.2020
100201116;public1;05.07.2020
100201682;public3;15.07.2020
100202088;public1;12.07.2020
100202621;public3;23.07.2020
100201181;public1;13.07.2020
100202089;public1;16.07.2020
100201064;public2;26.07.2020
100200110;public1;02.07.2020
100202891;public3;06.07.2020
100201975;public1;21.07.2020
100200836;public3;13.07.2020
100200104;public1;25.07.2020
100201318;public3;24.07.2020
100200236;public3;11.07.2020
100202192;public2;22.07.2020
100202140;public2;24.07.2020
100200825;public2;02.07.2020
100202005;public3;02.07.2020
100201763;public2;07.07.2020
100202401;public2;14.07.2020
100202165;public3;15.07.2020
100201350;public2;27.07.2020
100202754;public2;01.07.2020
100202441;public1;14.07.2020
100202622;public3;27.07.2020
100201888;public2;28.07.2020
100202570;public3;16.07.2020
100201614;public1;15.07.2020
100203097;public1;28.07.2020
100201161;public2;18.07.2020
100200536;public3;01.07.2020
100200199;public1;04.07.2020
100200609;public1;26.07.2020
100200837;public2;28.07.2020
100201812;public3;08.07.2020
100202080;public2;08.07.2020
100200218;public2;13.07.2020
100202744;public1;05.07.2020
100201616;public2;18.07.2020
100202976;public1;10.07.2020
100200882;public1;14.07.2020
100203178;public1;30.07.2020
100201408;public1;24.07.2020
100201576;public2;07.07.2020
100201277;public2;15.07.2020
100201826;public1;04.07.2020
100202553;public3;04.07.2020
100200380;public1;22.07.2020
100201859;public1;15.07.2020
100201340;public3;06.07.2020
100202346;public1;30.07.2020
100202397;public2;18.07.2020
100200922;public1;25.07.2020
100201278;public1;21.07.2020
100200545;public1;12.07.2020
100202749;public3;03.07.2020
100202885;public1;16.07.2020
100203033;public2;03.07.2020
100201113;public3;02.07.2020
100202210;public2;20.07.2020
100202422;public3;07.07.2020
100203075;public1;30.07.2020
100201981;public1;27.07.2020
100200939;public2;27.07.2020
100200751;public2;10.07.2020
100201854;public1;24.07.2020
100202944;public2;29.07.2020
100203099;public1;19.07.2020
100201507;public3;02.07.2020
100201681;public3;02.07.2020
100202162;public3;20.07.2020
100202222;public2;06.07.2020
100200637;public1;23.07.2020
100200691;public1;06.07.2020
100200616;public2;29.07.2020
100201779;public1;23.07.2020
100200970;public2;11.07.2020
100200521;public3;29.07.2020
100201195;public3;24.07.2020
100203053;public1;18.07.2020
100203049;public1;27.07.2020
100201115;public1;26.07.2020
100200379;public3;05.07.2020
100202452;public1;01.07.2020
100203017;public1;15.07.2020
100200216;public1;27.07.2020
100202627;public1;03.07.2020
100202630;public2;14.07.2020
100203111;public1;25.07.2020
100201260;public3;23.07.2020
100201733;public3;19.07.2020
100201352;public1;28.07.2020
100201947;public1;14.07.2020
100201811;public2;16.07.2020
100201755;public1;13.07.2020
100202289;public1;14.07.2020
100202179;public3;14.07.2020
100201735;public2;01.07.2020
100200251;public1;05.07.2020
100201660;public1;09.07.2020
100201435;public1;06.07.2020
100203042;public1;03.07.2020
100202382;public1;23.07.2020
100200493;public3;14.07.2020
100200841;public1;24.07.2020
100201416;public3;17.07.2020
100201619;public1;06.07.2020
100202641;public2;30.07.2020
100202958;public2;04.07.2020
100202133;public2;18.07.2020
100202683;public2;07.07.2020
100202812;public1;10.07.2020
100202697;public2;14.07.2020
100201424;public1;17.07.2020
100202195;public1;14.07.2020
100202962;public2;12.07.2020
100202324;public1;01.07.2020
100200443;public1;19.07.2020
100201399;public1;27.07.2020
100202786;public1;08.07.2020
100202276;public1;10.07.2020
100200471;public1;06.07.2020
100201030;public1;01.07.2020
100202114;public2;19.07.2020
100202758;public1;21.07.2020
100201544;public3;29.07.2020
100200363;public1;19.07.2020
100201792;public1;14.07.2020
100201732;public1;27.07.2020
100201037;public3;11.07.2020
100202795;public1;24.07.2020
100202592;public3;12.07.2020
100201810;public1;22.07.2020
100200523;public1;09.07.2020
100201205;public3;16.07.2020
100202429;public1;22.07.2020
100201032;public3;14.07.2020
100200840;public2;07.07.2020
100201992;public3;24.07.2020
100200670;public1;11.07.2020
100200809;public3;24.07.2020
100201298;public3;14.07.2020
100200513;public3;23.07.2020
100200294;public3;30.07.2020
100201861;public3;23.07.2020
100200247;public3;01.07.2020
100202959;public2;25.07.2020
100201801;public3;27.07.2020
100200901;public3;20.07.2020
100201188;public1;18.07.2020
100202417;public2;10.07.2020
100201710;public2;16.07.2020
100201456;public1;23.07.2020
100202057;public3;01.07.2020
100200114;public1;07.07.2020
100200596;public2;26.07.2020
100201656;public1;04.07.2020
100201549;public1;24.07.2020
100200823;public2;09.07.2020
100203179;public1;28.07.2020
100201171;public3;04.07.2020
100202512;public2;10.07.2020
100201510;public2;18.07.2020
100200403;public1;13.07.2020
100200388;public1;03.07.2020
100200844;public3;02.07.2020
100201415;public2;19.07.2020
100201654;public2;10.07.2020
100200280;public2;04.07.2020
100200741;public1;01.07.2020
100200732;public1;29.07.2020
100202267;public1;22.07.2020
100202341;public1;24.07.2020
100202054;public1;05.07.2020
100201241;public2;12.07.2020
100202442;public2;28.07.2020
100201584;public3;13.07.2020
100201657;public3;23.07.2020
100202190;public1;12.07.2020
100202725;public1;18.07.2020
100202648;public1;25.07.2020
100201449;public1;07.07.2020
100201611;public1;04.07.2020
100203168;public2;18.07.2020
100201942;public3;24.07.2020
100201530;public3;10.07.2020
100201740;public2;11.07.2020
100200151;public1;20.07.2020
100200706;public1;12.07.2020
100203073;public1;06.07.2020
100202297;public2;30.07.2020
100203009;public1;29.07.2020
100201258;public2;03.07.2020
100200449;public2;15.07.2020
100202156;public1;23.07.2020
100202799;public1;08.07.2020
100203159;public3;24.07.2020
100202634;public2;24.07.2020
100202373;public1;17.07.2020
100202840;public1;29.07.2020
100200762;public1;27.07.2020
100201040;public1;06.07.2020
100202239;public1;23.07.2020
100203004;public1;27.07.2020
100202807;public3;03.07.2020
100202829;public1;29.07.2020
100200766;public1;08.07.2020
100202290;public1;08.07.2020
100201685;public1;24.07.2020
100201076;public2;10.07.2020
100202796;public1;24.07.2020
100202317;public2;26.07.2020
100201626;public2;19.07.2020
100203155;public3;20.07.2020
100200713;public2;14.07.2020
100202029;public3;02.07.2020
100201785;public1;23.07.2020
100201600;public2;09.07.2020
100202757;public3;02.07.2020
100202817;public2;26.07.2020
100202178;public2;25.07.2020
100200631;public3;20.07.2020
100202741;public2;15.07.2020
100200906;public2;10.07.2020
100201014;public3;05.07.2020
100200382;public2;03.07.2020
100200850;public2;17.07.2020
100200516;public2;01.07.2020
100200699;public2;29.07.2020
100200722;public3;16.07.2020
100202580;public3;22.07.2020
100201706;public3;23.07.2020
100202775;public2;05.07.2020
100201718;public2;06.07.2020
100202381;public1;12.07.2020
100202384;public1;07.07.2020
100201831;public1;17.07.2020
100201322;public1;06.07.2020
100201688;public1;13.07.2020
100201701;public1;10.07.2020
100202705;public3;16.07.2020
100200807;public2;06.07.2020
100200575;public1;08.07.2020
100202738;public1;24.07.2020
100200134;public1;08.07.2020
100203144;public1;11.07.2020
100203143;public1;18.07.2020
100201403;public1;03.07.2020
100201750;public1;17.07.2020
100201098;public1;08.07.2020
100203000;public2;20.07.2020
100201019;public3;14.07.2020
100203020;public2;23.07.2020
100202729;public1;15.07.2020
100203032;public1;19.07.2020
100202072;public2;29.07.2020
100201553;public2;19.07.2020
100201692;public3;18.07.2020
100202837;public3;22.07.2020
100202682;public1;14.07.2020
100201423;public2;16.07.2020
100202920;public1;30.07.2020
100201381;public1;29.07.2020
100201538;public1;09.07.2020
100201267;public1;10.07.2020
100202748;public3;19.07.2020
100201368;public3;11.07.2020
100202473;public1;06.07.2020
100200567;public1;11.07.2020
100202645;public2;29.07.2020
100201670;public3;22.07.2020
100202635;public1;20.07.2020
100200430;public2;27.07.2020
100202361;public2;15.07.2020
100203172;public3;22.07.2020
100202264;public2;18.07.2020
100202488;public1;28.07.2020
100203102;public2;15.07.2020
100201147;public1;02.07.2020
100200147;public1;28.07.2020
100200966;public1;05.07.2020
100200192;public2;16.07.2020
100200196;public1;16.07.2020
100200950;public2;17.07.2020
100201813;public1;14.07.2020
100202168;public1;05.07.2020
100202486;public2;24.07.2020
100201696;public3;12.07.2020
100201355;public2;10.07.2020
100201852;public3;12.07.2020
100201073;public3;02.07.2020
100200180;public1;16.07.2020
100201514;public2;24.07.2020
100202132;public1;17.07.2020
100202695;public1;07.07.2020
100202457;public3;30.07.2020
100201684;public1;18.07.2020
100201401;public2;18.07.2020
100202011;public1;27.07.2020
100200917;public1;01.07.2020
100201328;public1;22.07.2020
100202318;public1;14.07.2020
100201441;public2;06.07.2020
100202497;public1;23.07.2020
100201928;public1;03.07.2020
100200108;public2;18.07.2020
100201107;public1;15.07.2020
100200118;public3;29.07.2020
100202536;public1;30.07.2020
100201673;public2;25.07.2020
100200889;public1;08.07.2020
100200367;public1;18.07.2020
100200358;public2;24.07.2020
100202979;public1;15.07.2020
100200737;public1;08.07.2020
100202766;public3;22.07.2020
100200951;public2;29.07.2020
100200201;public1;02.07.2020
100203036;public2;22.07.2020
100202861;public1;11.07.2020
100200924;public3;09.07.2020
100201134;public3;05.07.2020
100202762;public3;12.07.2020
100201839;public2;12.07.2020
100201661;public2;16.07.2020
100201894;public1;25.07.2020
100201680;public1;30.07.2020
100201517;public3;22.07.2020
100202122;public2;16.07.2020
100201540;public2;24.07.2020
100201991;public1;05.07.2020
100201063;public1;29.07.2020
100202858;public2;12.07.2020
100200117;public1;21.07.2020
100202892;public1;08.07.2020
100203023;public3;02.07.2020
100201085;public1;23.07.2020
100202852;public1;14.07.2020
100201336;public1;24.07.2020
100202288;public3;03.07.2020
100201036;public1;30.07.2020
100201311;public1;17.07.2020
100200956;public3;21.07.2020
100202188;public1;04.07.2020
100201793;public2;19.07.2020
100200232;public1;01.07.2020
100201757;public3;03.07.2020
100201218;public1;25.07.2020
100200603;public3;04.07.2020
100201302;public1;06.07.2020
100202987;public2;22.07.2020
100202419;public1;20.07.2020
100200164;public2;08.07.2020
100202039;public3;15.07.2020
100201824;public2;28.07.2020
100202509;public1;01.07.2020
100201130;public1;08.07.2020
100203044;public1;20.07.2020
100202590;public3;22.07.2020
100201675;public3;18.07.2020
100201923;public1;30.07.2020
100201072;public1;13.07.2020
100202244;public3;06.07.2020
100200912;public2;27.07.2020
100202965;public3;30.07.2020
100201948;public3;23.07.2020
100201287;public3;24.07.2020
100202498;public2;16.07.2020
100202923;public3;25.07.2020
100201034;public2;09.07.2020
100200329;public1;09.07.2020
100200902;public2;11.07.2020
100202996;public1;27.07.2020
100202252;public1;20.07.2020
100202172;public2;21.07.2020
100202688;public3;04.07.2020
100203062;public1;19.07.2020
100201253;public3;17.07.2020
100200314;public3;04.07.2020
100200742;public2;04.07.2020
100200708;public1;27.07.2020
100201347;public2;14.07.2020
100203065;public1;19.07.2020
100203051;public1;12.07.2020
100202674;public1;12.07.2020
100201835;public3;09.07.2020
100201391;public3;04.07.2020
100202184;public1;25.07.2020
100202227;public2;16.07.2020
100201145;public3;28.07.2020
100200610;public3;12.07.2020
;public4;14.07.2020
;public4;14.07.2020
;public4;14.07.2020
;public4;14.07.2020
;public4;14.07.2020
;public4;14.07.2020
;public4;14.07.2020
;public4;14.07.2020
;public4;14.07.2020
;public4;14.07.2020
;public4;14.07.2020
;public4;14.07.2020
;public4;14.07.2020
;public4;14.07.2020
;public4;14.07.2020
;public4;14.07.2020
;public4;14.07.2020
;public4;14.07.2020
;public4;14.07.2020
;public4;14.07.2020
;public4;14.07.2020
;public4;14.07.2020
;public4;14.07.2020
;public4;14.07.2020
;public4;14.07.2020
;public4;14.07.2020
;public4;14.07.2020
;public4;14.07.2020
;public4;14.07.2020
;public4;14.07.2020
;public4;14.07.2020
;public4;14.07.2020
;public4;14.07.2020
;public4;14.07.2020
;public4;14.07.2020
;public4;14.07.2020
;public4;14.07.2020
;public4;14.07.2020
;public4;14.07.2020
;public4;14.07.2020
;public4;14.07.2020
;public4;14.07.2020
;public4;14.07.2020
;public4;14.07.2020
;public4;14.07.2020
;public4;14.07.2020
;public4;14.07.2020
;public4;14.07.2020
;public4;14.07.2020
;public4;14.07.2020
;public4;14.07.2020
;public4;14.07.2020
;public4;14.07.2020
;public4;14.07.2020
;public4;14.07.2020
;public4;14.07.2020
;public4;14.07.2020
;public4;14.07.2020
;public4;14.07.2020
;public4;14.07.2020
;public4;14.07.2020
;public4;14.07.2020
;public4;14.07.2020
;public4;14.07.2020
;public4;14.07.2020
;public4;14.07.2020
;public4;14.07.2020
;public4;14.07.2020
;public4;14.07.2020
;public4;14.07.2020
;public4;14.07.2020
;public4;14.07.2020
;public4;14.07.2020
;public4;14.07.2020
;public4;14.07.2020
;public4;14.07.2020
;public4;14.07.2020
;public4;14.07.2020
;public4;14.07.2020
;public4;14.07.2020
;public4;14.07.2020
;public4;14.07.2020
;public4;14.07.2020
;public4;14.07.2020
;public4;14.07.2020
;public4;14.07.2020
;public4;14.07.2020
;public4;14.07.2020
;public4;14.07.2020
;public4;14.07.2020
;public4;14.07.2020
;public4;14.07.2020
;public4;14.07.2020
;public4;14.07.2020
;public4;14.07.2020
;public4;14.07.2020
;public4;14.07.2020
;public4;14.07.2020
;public4;14.07.2020
;public4;14.07.2020
;public4;14.07.2020
;public4;14.07.2020
;public4;14.07.2020
;public4;14.07.2020
;public4;14.07.2020
;public4;14.07.2020
;public4;14.07.2020
;public4;14.07.2020
;public4;14.07.2020
;public4;14.07.2020
;public4;14.07.2020
;public4;14.07.2020
;public4;14.07.2020
;public4;14.07.2020
;public4;14.07.2020
;public4;14.07.2020
;public4;14.07.2020
;public4;14.07.2020
;public4;14.07.2020
;public4;14.07.2020
;public4;14.07.2020
;public4;14.07.2020
;public4;14.07.2020
;public4;14.07.2020
;public4;14.07.2020
;public4;14.07.2020
;public4;14.07.2020
;public4;14.07.2020
;public4;14.07.2020
;public4;14.07.2020
;public4;14.07.2020
