id_reg;group_label;time_reg
7644908;group2;14.07.2022
7644013;group3;28.07.2022
7644018;group2;08.07.2022
7644082;group3;30.07.2022
7643497;group3;08.07.2022
7643447;group2;13.07.2022
7644959;group1;06.07.2022
7643872;group3;21.07.2022
7643556;group2;10.07.2022
7643563;group1;05.07.2022
7644845;group1;02.07.2022
7643387;group1;05.07.2022
7643694;group2;17.07.2022
7644108;group2;17.07.2022
7643991;group2;15.07.2022
7643817;group2;18.07.2022
7644165;group1;25.07.2022
7644341;group3;30.07.2022
7644430;group1;03.07.2022
7643912;group1;16.07.2022
7645007;group3;25.07.2022
7643374;group3;05.07.2022
7644852;group3;22.07.2022
7643593;group3;12.07.2022
7643664;group1;29.07.2022
7643667;group3;11.07.2022
7644353;group1;23.07.2022
7644478;group1;29.07.2022
7643329;group1;03.07.2022
7644005;group2;04.07.2022
7644829;group2;06.07.2022
7643338;group2;05.07.2022
7643432;group3;02.07.2022
7644321;group2;14.07.2022
7644962;group2;26.07.2022
7644773;group2;05.07.2022
7643924;group2;12.07.2022
7644659;group3;19.07.2022
7644791;group2;17.07.2022
7643318;group3;11.07.2022
7644713;group3;19.07.2022
7643341;group2;18.07.2022
7643722;group1;06.07.2022
7644488;group1;29.07.2022
7644686;group2;09.07.2022
7644134;group1;27.07.2022
7643478;group1;25.07.2022
7643791;group2;26.07.2022
7643940;group2;18.07.2022
7644099;group1;04.07.2022
7644025;group3;06.07.2022
7644263;group2;15.07.2022
7644861;group2;04.07.2022
7645010;group2;07.07.2022
7644391;group3;26.07.2022
7644500;group2;19.07.2022
7644705;group2;14.07.2022
7644347;group3;05.07.2022
7644291;group3;30.07.2022
7644168;group3;07.07.2022
7644479;group3;09.07.2022
7643861;group2;01.07.2022
7643333;group1;10.07.2022
7644128;group2;20.07.2022
7644683;group3;05.07.2022
7643662;group3;06.07.2022
7644851;group1;05.07.2022
7644810;group1;04.07.2022
7644599;group2;08.07.2022
7644860;group1;07.07.2022
7643947;group1;06.07.2022
7643481;group2;07.07.2022
7644180;group3;02.07.2022
7644981;group1;17.07.2022
7644244;group1;19.07.2022
7644999;group1;20.07.2022
7644412;group2;06.07.2022
7644326;group2;19.07.2022
7644461;group2;14.07.2022
7644454;group1;02.07.2022
7643955;group3;11.07.2022
7644161;group1;20.07.2022
7644653;group3;05.07.2022
7644031;group1;12.07.2022
7644039;group3;04.07.2022
7644041;group2;12.07.2022
7644774;group2;08.07.2022
7643435;group3;26.07.2022
7644328;group3;12.07.2022
7643693;group3;27.07.2022
7643860;group1;15.07.2022
7644723;group3;24.07.2022
7643842;group1;29.07.2022
7643513;group1;01.07.2022
7644337;group2;28.07.2022
7644498;group3;12.07.2022
7643510;group1;23.07.2022
7644640;group2;09.07.2022
7644037;group1;16.07.2022
7643608;group1;28.07.2022
7644857;group3;21.07.2022
7645002;group2;10.07.2022
7644898;group2;04.07.2022
7643773;group1;17.07.2022
7644841;group2;05.07.2022
7643879;group2;26.07.2022
7644307;group2;01.07.2022
7643671;group3;01.07.2022
7643719;group1;01.07.2022
7644366;group3;21.07.2022
7644526;group3;22.07.2022
7643866;group1;17.07.2022
7643824;group1;05.07.2022
7644965;group3;11.07.2022
7644878;group2;21.07.2022
7643656;group1;17.07.2022
7643689;group2;18.07.2022
7644601;group2;24.07.2022
7643766;group1;30.07.2022
7644423;group2;25.07.2022
7644956;group1;12.07.2022
7644436;group3;06.07.2022
7644546;group1;07.07.2022
7644515;group2;27.07.2022
7643847;group3;21.07.2022
7643443;group2;04.07.2022
7644051;group1;17.07.2022
7644030;group1;19.07.2022
7644598;group3;08.07.2022
7643641;group1;08.07.2022
7644322;group1;16.07.2022
7644892;group3;04.07.2022
7643999;group1;11.07.2022
7644060;group1;06.07.2022
7644283;group2;23.07.2022
7643843;group2;14.07.2022
7644107;group2;14.07.2022
7644333;group3;09.07.2022
7644214;group1;05.07.2022
7644558;group3;06.07.2022
7643792;group2;03.07.2022
7644095;group3;05.07.2022
7643492;group3;16.07.2022
7644139;group1;07.07.2022
7644594;group3;07.07.2022
7644616;group2;23.07.2022
7644731;group3;09.07.2022
7644984;group1;01.07.2022
7644116;group2;02.07.2022
7643370;group2;25.07.2022
7643565;group1;27.07.2022
7644121;group1;13.07.2022
7643580;group2;04.07.2022
7644062;group3;05.07.2022
7643566;group1;22.07.2022
7644780;group1;09.07.2022
7644162;group1;03.07.2022
7643734;group3;12.07.2022
7644301;group1;09.07.2022
7644119;group2;01.07.2022
7643785;group1;08.07.2022
7644215;group2;03.07.2022
7643328;group2;25.07.2022
7644617;group1;02.07.2022
7644977;group2;23.07.2022
7644657;group2;04.07.2022
7644269;group2;07.07.2022
7643449;group3;25.07.2022
7643913;group3;20.07.2022
7644273;group1;08.07.2022
7644990;group2;23.07.2022
7644854;group2;07.07.2022
7643570;group2;05.07.2022
7644044;group3;25.07.2022
7644380;group3;05.07.2022
7644405;group3;16.07.2022
7644197;group1;30.07.2022
7644693;group2;26.07.2022
7643797;group3;03.07.2022
7644471;group2;13.07.2022
7643540;group1;24.07.2022
7643642;group2;27.07.2022
7644372;group3;08.07.2022
7643402;group3;03.07.2022
7644512;group2;01.07.2022
7644329;group3;26.07.2022
7644259;group3;08.07.2022
7644524;group2;09.07.2022
7644753;group1;10.07.2022
7643508;group3;18.07.2022
7644623;group1;26.07.2022
7644567;group3;24.07.2022
7643733;group3;21.07.2022
7644873;group2;27.07.2022
7643739;group3;07.07.2022
7644217;group2;17.07.2022
7643898;group2;09.07.2022
7644895;group1;20.07.2022
7644916;group1;07.07.2022
7644846;group3;19.07.2022
7644605;group2;03.07.2022
7643558;group1;25.07.2022
7644789;group2;30.07.2022
7644736;group1;03.07.2022
7643845;group2;27.07.2022
7643987;group1;29.07.2022
7643776;group3;26.07.2022
7645018;group1;02.07.2022
7643476;group3;02.07.2022
7643644;group1;20.07.2022
7643966;group2;11.07.2022
7644078;group3;28.07.2022
7644620;group1;03.07.2022
7644559;group1;12.07.2022
7644433;group3;11.07.2022
7643735;group1;21.07.2022
7644580;group1;09.07.2022
7644882;group3;02.07.2022
7644680;group2;18.07.2022
7643542;group2;12.07.2022
7644899;group1;11.07.2022
7644628;group1;27.07.2022
7643588;group2;10.07.2022
7643713;group1;05.07.2022
7644836;group2;12.07.2022
7643418;group3;16.07.2022
7644782;group1;14.07.2022
7643930;group3;20.07.2022
7644808;group3;30.07.2022
7644786;group1;10.07.2022
7643946;group2;04.07.2022
7644115;group3;22.07.2022
7643970;group1;29.07.2022
7643809;group2;18.07.2022
7644409;group2;28.07.2022
7643576;group1;03.07.2022
7643900;group2;23.07.2022
7643757;group3;26.07.2022
7644385;group2;24.07.2022
7643956;group2;19.07.2022
7643892;group2;23.07.2022
7644021;group2;03.07.2022
7643363;group3;26.07.2022
7643762;group2;08.07.2022
7644622;group3;01.07.2022
7643673;group1;02.07.2022
7643482;group3;20.07.2022
7643905;group3;20.07.2022
7644799;group1;30.07.2022
7644663;group2;12.07.2022
7643831;group2;20.07.2022
7644502;group1;15.07.2022
7644976;group2;09.07.2022
7644040;group1;16.07.2022
7644579;group1;08.07.2022
7643880;group1;16.07.2022
7644890;group2;13.07.2022
7643493;group1;28.07.2022
7644991;group2;13.07.2022
7644772;group2;23.07.2022
7643979;group3;12.07.2022
7643796;group2;16.07.2022
7644802;group3;26.07.2022
7644566;group2;23.07.2022
7643756;group3;18.07.2022
7644124;group3;27.07.2022
7644762;group2;25.07.2022
7643491;group2;23.07.2022
7643801;group1;03.07.2022
7643635;group1;07.07.2022
7643659;group3;30.07.2022
7644053;group3;18.07.2022
7644437;group1;30.07.2022
7643536;group1;02.07.2022
7643672;group2;11.07.2022
7643904;group2;03.07.2022
7643696;group1;05.07.2022
7644441;group2;22.07.2022
7643852;group2;19.07.2022
7643591;group2;27.07.2022
7644255;group3;07.07.2022
7643533;group1;14.07.2022
7644948;group1;05.07.2022
7644922;group3;22.07.2022
7644026;group1;12.07.2022
7644199;group2;11.07.2022
7643344;group1;16.07.2022
7643887;group3;01.07.2022
7643874;group2;24.07.2022
7643362;group3;12.07.2022
7643473;group2;16.07.2022
7644289;group1;06.07.2022
7643312;group3;10.07.2022
7643640;group3;29.07.2022
7643729;group2;10.07.2022
7643856;group1;07.07.2022
7644282;group1;02.07.2022
7644245;group3;02.07.2022
7643398;group1;17.07.2022
7644973;group1;14.07.2022
7644284;group1;11.07.2022
7643365;group3;24.07.2022
7643319;group1;28.07.2022
7644649;group3;07.07.2022
7644141;group1;09.07.2022
7644727;group3;23.07.2022
7644335;group1;23.07.2022
7643683;group3;24.07.2022
7644145;group2;23.07.2022
7643445;group2;16.07.2022
7644355;group2;29.07.2022
7644513;group1;03.07.2022
7643366;group2;05.07.2022
7644226;group1;18.07.2022
7643651;group1;03.07.2022
7644105;group3;12.07.2022
7644022;group2;21.07.2022
7644154;group3;23.07.2022
7643875;group1;03.07.2022
7644229;group1;22.07.2022
7643345;group2;23.07.2022
7644294;group2;24.07.2022
7644093;group2;13.07.2022
7644855;group1;06.07.2022
7644092;group2;30.07.2022
7644719;group1;01.07.2022
7643360;group1;05.07.2022
7644665;group2;25.07.2022
7643976;group1;07.07.2022
7644775;group1;17.07.2022
7643305;group3;20.07.2022
7643727;group1;04.07.2022
7643438;group1;01.07.2022
7644155;group2;21.07.2022
7644768;group1;18.07.2022
7644709;group1;27.07.2022
7644787;group1;07.07.2022
7644042;group3;05.07.2022
7644837;group2;25.07.2022
7644825;group1;24.07.2022
7643811;group1;23.07.2022
7644101;group3;21.07.2022
7644543;group2;20.07.2022
7643944;group1;01.07.2022
7644833;group1;28.07.2022
7643623;group3;27.07.2022
7644517;group1;26.07.2022
7644756;group3;11.07.2022
7644630;group2;28.07.2022
7643814;group1;09.07.2022
7644704;group2;19.07.2022
7643520;group3;08.07.2022
7644426;group2;23.07.2022
7643337;group2;05.07.2022
7643587;group1;29.07.2022
7644961;group1;28.07.2022
7643617;group2;20.07.2022
7643798;group2;13.07.2022
7644979;group1;01.07.2022
7644383;group2;12.07.2022
7643396;group2;30.07.2022
7643802;group3;20.07.2022
7643557;group2;30.07.2022
7643461;group3;15.07.2022
7644963;group1;08.07.2022
7644551;group1;15.07.2022
7643475;group2;08.07.2022
7644164;group2;29.07.2022
7643906;group3;08.07.2022
7643931;group3;14.07.2022
7643548;group3;20.07.2022
7643723;group1;02.07.2022
7644549;group3;08.07.2022
7644280;group2;02.07.2022
7643538;group2;09.07.2022
7643994;group1;05.07.2022
7643655;group2;26.07.2022
7644814;group2;25.07.2022
7644936;group2;21.07.2022
7644315;group2;12.07.2022
7644506;group2;05.07.2022
7643392;group2;01.07.2022
7643459;group1;05.07.2022
7644318;group1;03.07.2022
7644320;group2;09.07.2022
7643526;group3;11.07.2022
7643927;group1;07.07.2022
7644330;group3;07.07.2022
7643400;group2;28.07.2022
7644817;group2;05.07.2022
7644866;group1;03.07.2022
7645017;group2;06.07.2022
7644980;group2;20.07.2022
7644687;group2;04.07.2022
7644905;group1;28.07.2022
7643490;group3;06.07.2022
7643437;group3;12.07.2022
7644726;group2;03.07.2022
7644422;group3;27.07.2022
7644009;group2;25.07.2022
7644843;group2;30.07.2022
7644904;group3;11.07.2022
7644172;group2;03.07.2022
7643507;group2;13.07.2022
7643334;group1;20.07.2022
7643598;group1;29.07.2022
7643849;group2;18.07.2022
7644070;group1;08.07.2022
7643325;group1;25.07.2022
7644865;group1;28.07.2022
7643414;group3;23.07.2022
7645001;group3;01.07.2022
7644941;group1;04.07.2022
7643813;group2;20.07.2022
7644712;group1;15.07.2022
7644345;group2;16.07.2022
7644871;group2;27.07.2022
7644625;group3;29.07.2022
7644540;group2;04.07.2022
7644466;group1;23.07.2022
7643771;group3;29.07.2022
7643815;group1;28.07.2022
7644501;group2;15.07.2022
7643922;group3;10.07.2022
7644264;group2;08.07.2022
7643709;group2;25.07.2022
7644877;group3;28.07.2022
7644131;group1;09.07.2022
7643710;group2;23.07.2022
7644201;group2;23.07.2022
7644234;group3;29.07.2022
7643524;group2;18.07.2022
7644485;group2;14.07.2022
7644378;group3;23.07.2022
7644367;group1;28.07.2022
7644311;group2;15.07.2022
7644960;group2;22.07.2022
7644533;group2;26.07.2022
7644118;group2;04.07.2022
7644606;group1;26.07.2022
7644597;group1;05.07.2022
7644277;group3;25.07.2022
7644469;group1;08.07.2022
7644365;group3;19.07.2022
7644950;group1;21.07.2022
7644537;group2;04.07.2022
7643805;group2;05.07.2022
7643665;group1;20.07.2022
7643715;group2;01.07.2022
7644091;group3;30.07.2022
7643786;group3;28.07.2022
7644434;group1;21.07.2022
7643317;group1;04.07.2022
7643821;group3;28.07.2022
7644176;group3;03.07.2022
7643500;group1;01.07.2022
7643297;group2;12.07.2022
7644889;group3;02.07.2022
7644718;group2;12.07.2022
7644758;group1;18.07.2022
7644560;group2;18.07.2022
7643489;group2;09.07.2022
7644627;group3;07.07.2022
7643457;group1;22.07.2022
7643336;group2;24.07.2022
7644703;group2;13.07.2022
7643546;group2;22.07.2022
7644402;group2;02.07.2022
7644790;group3;13.07.2022
7644738;group1;02.07.2022
7644952;group2;29.07.2022
7644729;group3;09.07.2022
7644463;group2;13.07.2022
7643701;group3;18.07.2022
7643391;group3;21.07.2022
7644827;group2;19.07.2022
7644396;group3;26.07.2022
7644745;group2;09.07.2022
7644520;group3;28.07.2022
7644444;group2;16.07.2022
7643332;group1;27.07.2022
7645013;group1;14.07.2022
7644944;group2;21.07.2022
7644398;group1;30.07.2022
7643347;group1;16.07.2022
7644602;group2;04.07.2022
7644400;group1;11.07.2022
7644839;group2;30.07.2022
7643899;group1;14.07.2022
7644455;group3;18.07.2022
7643850;group2;04.07.2022
7643353;group1;10.07.2022
7643584;group1;10.07.2022
7644381;group3;20.07.2022
7644401;group3;10.07.2022
7644033;group3;23.07.2022
7644840;group1;03.07.2022
7643433;group2;18.07.2022
7644509;group3;01.07.2022
7643356;group2;05.07.2022
7644652;group1;25.07.2022
7643654;group1;24.07.2022
7644246;group3;05.07.2022
7645020;group1;10.07.2022
7644737;group2;22.07.2022
7643604;group1;22.07.2022
7643765;group2;24.07.2022
7643810;group2;03.07.2022
7644493;group3;21.07.2022
7644574;group1;18.07.2022
7643483;group1;30.07.2022
7643381;group1;02.07.2022
7643830;group2;03.07.2022
7643484;group3;10.07.2022
7643738;group3;02.07.2022
7643448;group1;05.07.2022
7644440;group1;27.07.2022
7643412;group3;27.07.2022
7644071;group1;30.07.2022
7644621;group2;23.07.2022
7644917;group2;27.07.2022
7644160;group2;04.07.2022
7643625;group3;06.07.2022
7643456;group1;13.07.2022
7643749;group2;27.07.2022
7644232;group3;04.07.2022
7644130;group3;12.07.2022
7643495;group3;02.07.2022
7643439;group2;03.07.2022
7643315;group1;26.07.2022
7643505;group1;19.07.2022
7644698;group1;21.07.2022
7644823;group2;21.07.2022
7643992;group3;11.07.2022
7644974;group2;29.07.2022
7644065;group2;30.07.2022
7644994;group3;15.07.2022
7644900;group3;13.07.2022
7643745;group3;29.07.2022
7644159;group3;19.07.2022
7643609;group2;25.07.2022
7643958;group1;22.07.2022
7644881;group3;05.07.2022
7643737;group1;06.07.2022
7644672;group3;27.07.2022
7643494;group2;20.07.2022
7643638;group3;22.07.2022
7644572;group2;12.07.2022
7644069;group3;26.07.2022
7643825;group1;19.07.2022
7643790;group1;17.07.2022
7643989;group3;17.07.2022
7644309;group2;15.07.2022
7643758;group2;02.07.2022
7644148;group2;21.07.2022
7644453;group1;20.07.2022
7644443;group1;26.07.2022
7643564;group1;30.07.2022
7643959;group2;06.07.2022
7643963;group3;02.07.2022
7643863;group1;27.07.2022
7643599;group2;09.07.2022
7644697;group3;03.07.2022
7644883;group2;06.07.2022
7644363;group1;06.07.2022
7644812;group2;12.07.2022
7643973;group1;03.07.2022
7644516;group3;03.07.2022
7644003;group1;11.07.2022
7644230;group1;07.07.2022
7644038;group1;29.07.2022
7643897;group1;11.07.2022
7644174;group2;10.07.2022
7644132;group1;27.07.2022
7644153;group1;08.07.2022
7644815;group3;17.07.2022
7644744;group3;06.07.2022
7643618;group1;09.07.2022
7644111;group2;04.07.2022
7644476;group2;10.07.2022
7644303;group3;02.07.2022
7644676;group3;28.07.2022
7643453;group2;23.07.2022
7643746;group1;12.07.2022
7643348;group2;14.07.2022
7643342;group3;27.07.2022
7644824;group3;23.07.2022
7644816;group1;08.07.2022
7644715;group3;29.07.2022
7644243;group2;14.07.2022
7644250;group3;12.07.2022
7643858;group2;11.07.2022
7644233;group2;25.07.2022
7644638;group2;05.07.2022
7643902;group1;26.07.2022
7644778;group1;21.07.2022
7644531;group1;11.07.2022
7644565;group2;25.07.2022
7644096;group2;26.07.2022
7643349;group3;30.07.2022
7643324;group1;20.07.2022
7644408;group2;04.07.2022
7644449;group2;27.07.2022
7644664;group2;04.07.2022
7643867;group1;20.07.2022
7644637;group2;23.07.2022
7643839;group1;03.07.2022
7644305;group2;18.07.2022
7643871;group3;23.07.2022
7643479;group2;09.07.2022
7644137;group2;15.07.2022
7644797;group2;24.07.2022
7644752;group1;03.07.2022
7643444;group2;26.07.2022
7644661;group3;26.07.2022
7644958;group1;09.07.2022
7644173;group2;27.07.2022
7644278;group2;03.07.2022
7644104;group1;12.07.2022
7644862;group3;01.07.2022
7644670;group3;08.07.2022
7644937;group1;03.07.2022
7644838;group3;29.07.2022
7644448;group1;14.07.2022
7643932;group3;12.07.2022
7644707;group1;06.07.2022
7644077;group2;24.07.2022
7644027;group3;02.07.2022
7644874;group1;18.07.2022
7643517;group3;08.07.2022
7644891;group1;11.07.2022
7644110;group1;05.07.2022
7644607;group2;19.07.2022
7643747;group2;29.07.2022
7644954;group1;22.07.2022
7643594;group1;08.07.2022
7644777;group3;15.07.2022
7643657;group3;15.07.2022
7644314;group2;09.07.2022
7644618;group1;22.07.2022
7644349;group1;26.07.2022
7643607;group1;10.07.2022
7643822;group3;04.07.2022
7644075;group1;28.07.2022
7643787;group1;07.07.2022
7643652;group3;09.07.2022
7643724;group2;21.07.2022
7643678;group3;15.07.2022
7643916;group2;23.07.2022
7644927;group2;03.07.2022
7644094;group2;11.07.2022
7644248;group2;28.07.2022
7644658;group3;28.07.2022
7644297;group2;18.07.2022
7644674;group2;10.07.2022
7644146;group1;17.07.2022
7643676;group3;22.07.2022
7644677;group1;14.07.2022
7644527;group2;24.07.2022
7644610;group2;22.07.2022
7643442;group1;04.07.2022
7643698;group2;19.07.2022
7644035;group2;21.07.2022
7644120;group3;21.07.2022
7643752;group2;27.07.2022
7644639;group1;21.07.2022
7644648;group3;27.07.2022
7644389;group2;13.07.2022
7643294;group3;26.07.2022
7644646;group2;27.07.2022
7644358;group2;26.07.2022
7644919;group1;24.07.2022
7644252;group2;13.07.2022
7644152;group2;19.07.2022
7644521;group3;05.07.2022
7644655;group2;03.07.2022
7644256;group2;26.07.2022
7644416;group3;01.07.2022
7643331;group1;23.07.2022
7644933;group2;14.07.2022
7644847;group2;29.07.2022
7643764;group3;04.07.2022
7644004;group3;30.07.2022
7644059;group3;22.07.2022
7644557;group3;26.07.2022
7644822;group2;15.07.2022
7643295;group2;29.07.2022
7644177;group1;10.07.2022
7643469;group3;11.07.2022
7644893;group3;30.07.2022
7644761;group1;06.07.2022
7643545;group1;09.07.2022
7644208;group3;30.07.2022
7643310;group1;15.07.2022
7644529;group3;23.07.2022
7643417;group2;07.07.2022
7643918;group3;27.07.2022
7643534;group3;18.07.2022
7644017;group1;12.07.2022
7643595;group3;02.07.2022
7643421;group1;07.07.2022
7644483;group2;13.07.2022
7644767;group3;25.07.2022
7643675;group3;24.07.2022
7644045;group1;29.07.2022
7643711;group1;18.07.2022
7643359;group1;25.07.2022
7643716;group2;22.07.2022
7644539;group1;11.07.2022
7644611;group1;06.07.2022
7644998;group3;16.07.2022
7644691;group3;10.07.2022
7643512;group3;22.07.2022
7643624;group1;09.07.2022
7643967;group3;22.07.2022
7643577;group1;14.07.2022
7643404;group2;17.07.2022
7644879;group2;29.07.2022
7643485;group1;18.07.2022
7643754;group3;03.07.2022
7644086;group2;05.07.2022
7644281;group2;20.07.2022
7644203;group3;20.07.2022
7644468;group2;11.07.2022
7644286;group3;27.07.2022
7644421;group1;28.07.2022
7644327;group2;22.07.2022
7643637;group1;13.07.2022
7644376;group2;18.07.2022
7643826;group2;20.07.2022
7644925;group2;10.07.2022
7643684;group1;12.07.2022
7643612;group1;08.07.2022
7644029;group3;04.07.2022
7643769;group1;07.07.2022
7644647;group2;15.07.2022
7644955;group1;01.07.2022
7644225;group1;03.07.2022
7644481;group1;04.07.2022
7644912;group3;19.07.2022
7644194;group1;19.07.2022
7643781;group1;24.07.2022
7643670;group3;16.07.2022
7643375;group1;21.07.2022
7644207;group3;11.07.2022
7643554;group3;30.07.2022
7644668;group3;16.07.2022
7644088;group2;23.07.2022
7643884;group3;20.07.2022
7644748;group1;11.07.2022
7644746;group1;25.07.2022
7643428;group3;01.07.2022
7643601;group3;13.07.2022
7644766;group1;15.07.2022
7645016;group2;29.07.2022
7643650;group3;04.07.2022
7643503;group3;10.07.2022
7644228;group2;06.07.2022
7644734;group2;14.07.2022
7644656;group2;18.07.2022
7643903;group1;21.07.2022
7643819;group2;16.07.2022
7643687;group2;11.07.2022
7644395;group1;11.07.2022
7643731;group3;23.07.2022
7644187;group2;19.07.2022
7644360;group1;16.07.2022
7644106;group3;11.07.2022
7644604;group2;19.07.2022
7644507;group2;19.07.2022
7644678;group2;21.07.2022
7644235;group3;20.07.2022
7644014;group2;02.07.2022
7644066;group3;08.07.2022
7643997;group2;26.07.2022
7643600;group3;24.07.2022
7643895;group1;22.07.2022
7643889;group2;20.07.2022
7643836;group2;03.07.2022
7644650;group1;19.07.2022
7643935;group2;26.07.2022
7643527;group1;01.07.2022
7643451;group1;01.07.2022
7643755;group3;08.07.2022
7643983;group2;07.07.2022
7643340;group3;30.07.2022
7643532;group1;23.07.2022
7644813;group3;21.07.2022
7644114;group3;25.07.2022
7644266;group2;15.07.2022
7644695;group2;08.07.2022
7643799;group3;10.07.2022
7644170;group1;20.07.2022
7644332;group2;12.07.2022
7643372;group3;01.07.2022
7644669;group3;07.07.2022
7644821;group2;18.07.2022
7644386;group1;20.07.2022
7644218;group1;01.07.2022
7643778;group1;25.07.2022
7644257;group1;04.07.2022
7643741;group3;17.07.2022
7643574;group1;15.07.2022
7643777;group1;06.07.2022
7644185;group1;22.07.2022
7643697;group3;12.07.2022
7644223;group1;10.07.2022
7643560;group1;10.07.2022
7644158;group3;23.07.2022
7643917;group2;21.07.2022
7643422;group2;06.07.2022
7644514;group1;14.07.2022
7643487;group3;27.07.2022
7644411;group1;12.07.2022
7644969;group1;18.07.2022
7643385;group1;10.07.2022
7644673;group1;21.07.2022
7644076;group1;16.07.2022
7644338;group1;10.07.2022
7644213;group2;10.07.2022
7643460;group1;30.07.2022
7643357;group3;11.07.2022
7644486;group2;12.07.2022
7643446;group3;02.07.2022
7644587;group1;13.07.2022
7644275;group3;03.07.2022
7644406;group3;06.07.2022
7643837;group1;13.07.2022
7644046;group1;20.07.2022
7643666;group2;03.07.2022
7643952;group2;09.07.2022
7644484;group3;30.07.2022
7644061;group3;29.07.2022
7644205;group1;30.07.2022
7644020;group1;08.07.2022
7643835;group2;21.07.2022
7643529;group1;08.07.2022
7643586;group2;26.07.2022
7643602;group3;02.07.2022
7643597;group1;28.07.2022
7644227;group1;21.07.2022
7643974;group2;24.07.2022
7644708;group2;18.07.2022
7644149;group2;09.07.2022
7644424;group2;14.07.2022
7644951;group3;19.07.2022
7643531;group3;26.07.2022
7643379;group1;22.07.2022
7643699;group1;08.07.2022
7643522;group1;30.07.2022
7643436;group1;20.07.2022
7644012;group1;18.07.2022
7644373;group2;15.07.2022
7643793;group2;23.07.2022
7643395;group2;28.07.2022
7644206;group1;27.07.2022
7644417;group2;14.07.2022
7644631;group2;17.07.2022
7644781;group3;29.07.2022
7644379;group2;28.07.2022
7644285;group3;18.07.2022
7643321;group2;23.07.2022
7643376;group1;14.07.2022
7644608;group3;27.07.2022
7644568;group2;11.07.2022
7644050;group2;03.07.2022
7643369;group2;16.07.2022
7644909;group3;02.07.2022
7644946;group3;03.07.2022
7643859;group3;14.07.2022
7643463;group3;22.07.2022
7644056;group2;25.07.2022
7644138;group3;27.07.2022
7643695;group3;17.07.2022
7643740;group1;28.07.2022
7643311;group2;22.07.2022
7643471;group1;20.07.2022
7643964;group3;05.07.2022
7643309;group3;15.07.2022
7643768;group1;26.07.2022
7644896;group1;15.07.2022
7644721;group3;08.07.2022
7644957;group3;08.07.2022
7643961;group3;25.07.2022
7643965;group3;12.07.2022
7643978;group3;26.07.2022
7643552;group3;17.07.2022
7643909;group3;01.07.2022
7644100;group2;21.07.2022
7643373;group2;19.07.2022
7643377;group2;28.07.2022
7644420;group3;10.07.2022
7644465;group3;03.07.2022
7644989;group3;01.07.2022
7643803;group1;04.07.2022
7644503;group3;14.07.2022
7643368;group3;17.07.2022
7643911;group1;06.07.2022
7644144;group1;13.07.2022
7643397;group2;05.07.2022
7643647;group1;06.07.2022
7644428;group2;26.07.2022
7643943;group1;22.07.2022
7643910;group2;05.07.2022
7643888;group2;28.07.2022
7643920;group1;25.07.2022
7644519;group3;16.07.2022
7644258;group3;30.07.2022
7643472;group1;25.07.2022
7644431;group3;09.07.2022
7643511;group1;06.07.2022
7643894;group1;03.07.2022
7644868;group2;07.07.2022
7644749;group3;11.07.2022
7643458;group2;05.07.2022
7644763;group3;04.07.2022
7643780;group3;16.07.2022
7643569;group1;03.07.2022
7644339;group2;01.07.2022
7644295;group1;25.07.2022
7644169;group3;14.07.2022
7644728;group1;07.07.2022
7645012;group1;06.07.2022
7644591;group3;09.07.2022
7643358;group2;08.07.2022
7643862;group1;11.07.2022
7644344;group3;27.07.2022
7643995;group3;06.07.2022
7643466;group1;07.07.2022
7643380;group2;23.07.2022
7643378;group1;26.07.2022
7644019;group2;15.07.2022
7644732;group3;17.07.2022
7644002;group2;17.07.2022
7644792;group3;23.07.2022
7643948;group1;17.07.2022
7644754;group3;30.07.2022
7645014;group2;30.07.2022
7643559;group1;15.07.2022
7644047;group2;14.07.2022
7643468;group2;16.07.2022
7643553;group3;23.07.2022
7643702;group3;13.07.2022
7644216;group1;10.07.2022
7643498;group1;29.07.2022
7644844;group2;08.07.2022
7644939;group1;14.07.2022
7643643;group3;03.07.2022
7643942;group3;28.07.2022
7643658;group1;28.07.2022
7644970;group1;04.07.2022
7644147;group2;20.07.2022
7643881;group1;18.07.2022
7645005;group3;07.07.2022
7643686;group3;26.07.2022
7643388;group1;20.07.2022
7644635;group2;03.07.2022
7643592;group1;10.07.2022
7644357;group2;04.07.2022
7643382;group2;23.07.2022
7644692;group3;22.07.2022
7644028;group1;04.07.2022
7644340;group2;26.07.2022
7644967;group3;05.07.2022
7644290;group1;11.07.2022
7643298;group1;25.07.2022
7644830;group1;27.07.2022
7644578;group2;04.07.2022
7644237;group2;08.07.2022
7644015;group3;03.07.2022
7644477;group2;02.07.2022
7643630;group1;07.07.2022
7643299;group1;20.07.2022
7644090;group3;11.07.2022
7643925;group1;17.07.2022
7643620;group2;10.07.2022
7643834;group3;13.07.2022
7644666;group1;30.07.2022
7643951;group1;10.07.2022
7644293;group1;21.07.2022
7644054;group2;12.07.2022
7644450;group1;27.07.2022
7644356;group3;24.07.2022
7643853;group2;14.07.2022
7645003;group2;22.07.2022
7643350;group1;21.07.2022
7644696;group2;30.07.2022
7644319;group2;03.07.2022
7643692;group2;21.07.2022
7644556;group3;26.07.2022
7643572;group2;10.07.2022
7643939;group1;09.07.2022
7644964;group2;27.07.2022
7644438;group1;10.07.2022
7644359;group3;29.07.2022
7643509;group3;27.07.2022
7644522;group3;29.07.2022
7644978;group3;14.07.2022
7644764;group1;22.07.2022
7643804;group3;22.07.2022
7644595;group1;11.07.2022
7644302;group3;24.07.2022
7644743;group1;26.07.2022
7644992;group1;06.07.2022
7643320;group2;24.07.2022
7643957;group1;27.07.2022
7644178;group2;23.07.2022
7643646;group1;18.07.2022
7643361;group1;27.07.2022
7643393;group1;02.07.2022
7643962;group2;12.07.2022
7643351;group1;21.07.2022
7643876;group3;09.07.2022
7643846;group2;17.07.2022
7643760;group2;06.07.2022
7643519;group3;07.07.2022
7644011;group3;10.07.2022
7644102;group3;15.07.2022
7644239;group1;24.07.2022
7643840;group1;25.07.2022
7644136;group3;08.07.2022
7643537;group1;03.07.2022
7643736;group2;24.07.2022
7643303;group2;10.07.2022
7643626;group1;27.07.2022
7643465;group1;15.07.2022
7643571;group2;04.07.2022
7643854;group1;27.07.2022
7644584;group1;19.07.2022
7643759;group3;08.07.2022
7644931;group3;11.07.2022
7644231;group1;20.07.2022
7643477;group3;27.07.2022
7643401;group1;03.07.2022
7643800;group2;01.07.2022
7643419;group2;07.07.2022
7644741;group1;20.07.2022
7644103;group1;12.07.2022
7644982;group1;01.07.2022
7644127;group1;27.07.2022
7644073;group2;08.07.2022
7644880;group3;10.07.2022
7643544;group1;12.07.2022
7643628;group2;13.07.2022
7643406;group1;02.07.2022
7644716;group3;17.07.2022
7644459;group3;07.07.2022
7643767;group2;07.07.2022
7644181;group3;13.07.2022
7644940;group2;08.07.2022
7643705;group2;07.07.2022
7644419;group3;19.07.2022
7644995;group1;30.07.2022
7644182;group2;28.07.2022
7644464;group2;05.07.2022
7644129;group3;16.07.2022
7643883;group2;29.07.2022
7644260;group1;10.07.2022
7644247;group1;25.07.2022
7644491;group2;12.07.2022
7644125;group3;22.07.2022
7644765;group3;04.07.2022
7643440;group2;11.07.2022
7644167;group2;17.07.2022
7643901;group3;30.07.2022
7644928;group1;23.07.2022
7644346;group3;16.07.2022
7643728;group1;13.07.2022
7644058;group3;22.07.2022
7644971;group2;29.07.2022
7643717;group3;28.07.2022
7643474;group1;01.07.2022
7644504;group2;22.07.2022
7643352;group1;01.07.2022
7643996;group2;18.07.2022
7643616;group2;26.07.2022
7643877;group3;10.07.2022
7643794;group2;17.07.2022
7644390;group1;09.07.2022
7643936;group3;24.07.2022
7644694;group2;03.07.2022
7643464;group3;27.07.2022
7643530;group2;08.07.2022
7644550;group2;11.07.2022
7643806;group3;02.07.2022
7644935;group1;23.07.2022
7643535;group3;12.07.2022
7643611;group1;08.07.2022
7643413;group3;21.07.2022
7644425;group2;26.07.2022
7643590;group3;05.07.2022
7644272;group2;19.07.2022
7643645;group3;19.07.2022
7644220;group2;02.07.2022
7643649;group2;26.07.2022
7643919;group2;18.07.2022
7644393;group1;09.07.2022
7644915;group2;29.07.2022
7644451;group1;08.07.2022
7644586;group2;17.07.2022
7644475;group1;04.07.2022
7643551;group2;04.07.2022
7644310;group1;15.07.2022
7643581;group1;20.07.2022
7643480;group2;20.07.2022
7643450;group3;23.07.2022
7644480;group1;05.07.2022
7644370;group2;15.07.2022
7644788;group3;10.07.2022
7644133;group3;18.07.2022
7644853;group1;11.07.2022
7644192;group2;24.07.2022
7644080;group3;09.07.2022
7644024;group1;03.07.2022
7644942;group3;03.07.2022
7643306;group2;11.07.2022
7644530;group2;17.07.2022
7643394;group1;06.07.2022
7644717;group2;29.07.2022
7644603;group3;04.07.2022
7643528;group2;28.07.2022
7643300;group1;29.07.2022
7643455;group2;01.07.2022
7644831;group2;29.07.2022
7643844;group1;17.07.2022
7644784;group1;11.07.2022
7644007;group2;11.07.2022
7643384;group1;10.07.2022
7644384;group1;04.07.2022
7643726;group2;04.07.2022
7644867;group3;01.07.2022
7644945;group3;25.07.2022
7643416;group3;06.07.2022
7644876;group3;20.07.2022
7644577;group2;17.07.2022
7644660;group3;08.07.2022
7643434;group2;20.07.2022
7644191;group2;29.07.2022
7643308;group2;21.07.2022
7643688;group2;10.07.2022
7644325;group3;19.07.2022
7643525;group2;27.07.2022
7643750;group2;07.07.2022
7644801;group1;22.07.2022
7644755;group1;07.07.2022
7643555;group2;05.07.2022
7643383;group1;25.07.2022
7644735;group1;05.07.2022
7644600;group1;10.07.2022
7643818;group2;05.07.2022
7643405;group1;12.07.2022
7644796;group2;05.07.2022
7644590;group1;22.07.2022
7643660;group3;12.07.2022
7644394;group1;07.07.2022
7644804;group1;12.07.2022
7643573;group2;29.07.2022
7644624;group2;14.07.2022
7644200;group2;25.07.2022
7643291;group1;05.07.2022
7644399;group2;08.07.2022
7643648;group2;24.07.2022
7644858;group2;26.07.2022
7643470;group2;22.07.2022
7644576;group3;19.07.2022
7643950;group1;01.07.2022
7643908;group2;04.07.2022
7644287;group1;01.07.2022
7644563;group2;03.07.2022
7643409;group2;18.07.2022
7643865;group2;08.07.2022
7643619;group2;06.07.2022
7644535;group2;05.07.2022
7644783;group3;29.07.2022
7643631;group1;07.07.2022
7643721;group1;24.07.2022
7643514;group1;22.07.2022
7644528;group2;25.07.2022
7643680;group1;29.07.2022
7645009;group3;15.07.2022
7644614;group3;02.07.2022
7645008;group1;14.07.2022
7644834;group2;16.07.2022
7644548;group2;16.07.2022
7644575;group2;29.07.2022
7644564;group2;05.07.2022
7644593;group3;21.07.2022
7643518;group2;03.07.2022
7643403;group2;27.07.2022
7643993;group1;14.07.2022
7643890;group2;03.07.2022
7643703;group3;25.07.2022
7643690;group2;06.07.2022
7644689;group1;26.07.2022
7644887;group3;11.07.2022
7644163;group1;21.07.2022
7643501;group2;13.07.2022
7643893;group3;02.07.2022
7644613;group2;02.07.2022
7644569;group1;08.07.2022
7643980;group2;22.07.2022
7644439;group2;29.07.2022
7644415;group2;01.07.2022
7644688;group2;17.07.2022
7643878;group2;19.07.2022
7644589;group1;03.07.2022
7644261;group2;02.07.2022
7644343;group1;10.07.2022
7644348;group3;16.07.2022
7643467;group1;19.07.2022
7644510;group2;27.07.2022
7644482;group1;01.07.2022
7643937;group2;04.07.2022
7643605;group3;02.07.2022
7644849;group3;04.07.2022
7644747;group1;27.07.2022
7644427;group1;24.07.2022
7644988;group2;16.07.2022
7644667;group2;07.07.2022
7643549;group1;23.07.2022
7644196;group3;06.07.2022
7644470;group2;17.07.2022
7644006;group3;09.07.2022
7644166;group2;02.07.2022
7644541;group1;03.07.2022
7644317;group3;10.07.2022
7644826;group1;08.07.2022
7644336;group1;03.07.2022
7643355;group1;11.07.2022
7643639;group1;06.07.2022
7644034;group1;23.07.2022
7644049;group1;26.07.2022
7644828;group1;19.07.2022
7644947;group2;12.07.2022
7644897;group3;17.07.2022
7643606;group1;04.07.2022
7644926;group2;28.07.2022
7643424;group2;05.07.2022
7644582;group1;12.07.2022
7643613;group1;03.07.2022
7644742;group1;29.07.2022
7643934;group3;13.07.2022
7643610;group3;12.07.2022
7644615;group1;12.07.2022
7644112;group2;07.07.2022
7643496;group2;09.07.2022
7644920;group3;10.07.2022
7643292;group1;26.07.2022
7644894;group2;28.07.2022
7644010;group2;03.07.2022
7643330;group2;06.07.2022
7643541;group1;15.07.2022
7643410;group2;25.07.2022
7643704;group3;01.07.2022
7644785;group3;23.07.2022
7644300;group2;08.07.2022
7644913;group1;20.07.2022
7644770;group2;09.07.2022
7644679;group3;27.07.2022
7644968;group2;23.07.2022
7643674;group3;27.07.2022
7644382;group1;18.07.2022
7644750;group1;11.07.2022
7644016;group3;30.07.2022
7644633;group2;06.07.2022
7644238;group3;10.07.2022
7644685;group1;25.07.2022
7643346;group2;11.07.2022
7643789;group1;10.07.2022
7643488;group1;16.07.2022
7644473;group1;19.07.2022
7644523;group1;09.07.2022
7643788;group3;12.07.2022
7643307;group3;07.07.2022
7643808;group2;27.07.2022
7643304;group2;23.07.2022
7644870;group1;06.07.2022
7643807;group1;21.07.2022
7644446;group1;13.07.2022
7644938;group3;15.07.2022
7644740;group2;07.07.2022
7644460;group3;19.07.2022
7644701;group1;01.07.2022
7643954;group3;24.07.2022
7644414;group3;14.07.2022
7644751;group2;03.07.2022
7644001;group3;21.07.2022
7644377;group3;08.07.2022
7643795;group2;02.07.2022
7643420;group3;05.07.2022
7643783;group2;05.07.2022
7643857;group2;12.07.2022
7643748;group1;07.07.2022
7643408;group1;01.07.2022
7643614;group1;02.07.2022
7644392;group1;04.07.2022
7644997;group1;17.07.2022
7644714;group2;27.07.2022
7643751;group2;01.07.2022
7644241;group2;24.07.2022
7644949;group2;09.07.2022
7643885;group3;25.07.2022
7643521;group3;16.07.2022
7644457;group1;23.07.2022
7643516;group3;06.07.2022
7643761;group2;23.07.2022
7644368;group2;13.07.2022
7643632;group1;11.07.2022
7644304;group2;03.07.2022
7644850;group3;06.07.2022
7644835;group3;19.07.2022
7643855;group1;08.07.2022
7643452;group1;23.07.2022
7645000;group2;10.07.2022
7643499;group1;14.07.2022
7644267;group2;05.07.2022
7643515;group1;11.07.2022
7644739;group1;24.07.2022
7644135;group3;29.07.2022
7644612;group1;01.07.2022
7643543;group1;01.07.2022
7644966;group2;17.07.2022
7643622;group1;15.07.2022
7643929;group2;14.07.2022
7644313;group1;12.07.2022
7644793;group1;21.07.2022
7643921;group1;26.07.2022
7643663;group2;01.07.2022
7644538;group2;26.07.2022
7644487;group2;29.07.2022
7644803;group3;03.07.2022
7644730;group3;13.07.2022
7643864;group3;30.07.2022
7644142;group1;10.07.2022
7643371;group1;05.07.2022
7643354;group1;17.07.2022
7643730;group2;20.07.2022
7644930;group2;09.07.2022
7644063;group2;06.07.2022
7643782;group3;12.07.2022
7644171;group3;09.07.2022
7644316;group3;15.07.2022
7644375;group3;03.07.2022
7644588;group3;21.07.2022
7644270;group2;20.07.2022
7643926;group2;11.07.2022
7644711;group3;28.07.2022
7644682;group1;27.07.2022
7644724;group1;21.07.2022
7643629;group2;20.07.2022
7643763;group2;08.07.2022
7644561;group3;12.07.2022
7643302;group2;20.07.2022
7644934;group1;02.07.2022
7644911;group2;10.07.2022
7643832;group1;22.07.2022
7643454;group2;19.07.2022
7644397;group1;16.07.2022
7644495;group2;03.07.2022
7644151;group1;08.07.2022
7643949;group2;19.07.2022
7644023;group1;06.07.2022
7644404;group3;04.07.2022
7643596;group1;17.07.2022
7644872;group3;06.07.2022
7644819;group1;12.07.2022
7643615;group1;24.07.2022
7643685;group1;05.07.2022
7643504;group3;17.07.2022
7643870;group3;02.07.2022
7644150;group1;20.07.2022
7643322;group1;24.07.2022
7644553;group2;07.07.2022
7643915;group2;18.07.2022
7644371;group3;28.07.2022
7645015;group3;16.07.2022
7643725;group1;23.07.2022
7644249;group1;30.07.2022
7644525;group2;19.07.2022
7644265;group2;24.07.2022
7645021;group2;10.07.2022
7644447;group1;30.07.2022
7644869;group2;13.07.2022
7644983;group3;07.07.2022
7643669;group2;20.07.2022
7643990;group2;22.07.2022
7644126;group3;26.07.2022
7644195;group1;09.07.2022
7644632;group2;08.07.2022
7644089;group3;06.07.2022
7643568;group3;08.07.2022
7644209;group1;12.07.2022
7643828;group1;14.07.2022
7644043;group2;22.07.2022
7643386;group1;12.07.2022
7643774;group2;03.07.2022
7644296;group2;27.07.2022
7643407;group2;29.07.2022
7644886;group2;06.07.2022
7643636;group3;04.07.2022
7644760;group2;29.07.2022
7643941;group2;20.07.2022
7644518;group1;04.07.2022
7644555;group1;30.07.2022
7644903;group2;30.07.2022
7644474;group1;05.07.2022
7643971;group3;01.07.2022
7644188;group2;23.07.2022
7643335;group2;17.07.2022
7644641;group2;09.07.2022
7643968;group3;03.07.2022
7643323;group3;29.07.2022
7644064;group1;30.07.2022
7644109;group1;05.07.2022
7644467;group1;06.07.2022
7643873;group1;10.07.2022
7644499;group2;29.07.2022
7643896;group3;25.07.2022
7644794;group1;06.07.2022
7644684;group2;23.07.2022
7643985;group2;01.07.2022
7643833;group2;27.07.2022
7644552;group2;02.07.2022
7643389;group1;11.07.2022
7644884;group3;13.07.2022
7644140;group3;22.07.2022
7644032;group1;19.07.2022
7643851;group3;23.07.2022
7644074;group2;27.07.2022
7644271;group3;23.07.2022
7644410;group2;09.07.2022
7645011;group3;18.07.2022
7644350;group1;17.07.2022
7643938;group3;27.07.2022
7644219;group2;15.07.2022
7643579;group2;27.07.2022
7643583;group2;18.07.2022
7643829;group1;03.07.2022
7644690;group1;08.07.2022
7644276;group1;07.07.2022
7644547;group3;02.07.2022
7643714;group1;04.07.2022
7644975;group1;30.07.2022
7644722;group2;23.07.2022
7644544;group3;30.07.2022
7643933;group3;08.07.2022
7644097;group1;05.07.2022
7644554;group3;21.07.2022
7643502;group3;11.07.2022
7643998;group2;24.07.2022
7643969;group3;16.07.2022
7644369;group2;11.07.2022
7644562;group3;16.07.2022
7643301;group2;14.07.2022
7643820;group1;24.07.2022
7644798;group3;17.07.2022
7644279;group1;06.07.2022
7644204;group2;25.07.2022
7643326;group3;22.07.2022
7643677;group1;23.07.2022
7644351;group2;01.07.2022
7644511;group2;26.07.2022
7644932;group1;01.07.2022
7643784;group2;17.07.2022
7643868;group2;02.07.2022
7643984;group3;26.07.2022
7644859;group1;20.07.2022
7643653;group1;21.07.2022
7643838;group3;26.07.2022
7644186;group1;07.07.2022
7644324;group2;21.07.2022
7644334;group2;30.07.2022
7644757;group1;16.07.2022
7644193;group3;25.07.2022
7644626;group2;02.07.2022
7643779;group2;29.07.2022
7644418;group1;20.07.2022
7644800;group1;01.07.2022
7643869;group1;12.07.2022
7644571;group2;23.07.2022
7643712;group3;19.07.2022
7644505;group1;18.07.2022
7643707;group3;29.07.2022
7644429;group3;03.07.2022
7644536;group3;15.07.2022
7643661;group2;06.07.2022
7643945;group1;09.07.2022
7643462;group3;06.07.2022
7643691;group1;13.07.2022
7644875;group1;15.07.2022
7643427;group2;19.07.2022
7644818;group2;06.07.2022
7644710;group3;23.07.2022
7644361;group2;14.07.2022
7644596;group1;05.07.2022
7644183;group1;09.07.2022
7643364;group2;03.07.2022
7644462;group1;22.07.2022
7644496;group1;27.07.2022
7644221;group3;16.07.2022
7644236;group2;26.07.2022
7644087;group3;21.07.2022
7643720;group1;17.07.2022
7644211;group2;11.07.2022
7644179;group3;19.07.2022
7643981;group1;08.07.2022
7643923;group2;29.07.2022
7644918;group2;23.07.2022
7644081;group1;28.07.2022
7643914;group1;02.07.2022
7644805;group2;06.07.2022
7644240;group2;20.07.2022
7644592;group3;28.07.2022
7643633;group3;23.07.2022
7644888;group2;14.07.2022
7643953;group1;20.07.2022
7644924;group3;03.07.2022
7644452;group1;14.07.2022
7643708;group1;30.07.2022
7644008;group3;28.07.2022
7644175;group2;27.07.2022
7644123;group1;19.07.2022
7644072;group2;05.07.2022
7644057;group2;04.07.2022
7643882;group2;20.07.2022
7644055;group1;14.07.2022
7644113;group2;23.07.2022
7644224;group1;02.07.2022
7644508;group3;20.07.2022
7644733;group3;28.07.2022
7644542;group3;05.07.2022
7643423;group3;05.07.2022
7644253;group3;29.07.2022
7643578;group2;19.07.2022
7644432;group1;18.07.2022
7643506;group3;13.07.2022
7644806;group1;08.07.2022
7643682;group2;01.07.2022
7643567;group1;10.07.2022
7644143;group3;20.07.2022
7645006;group3;29.07.2022
7644242;group1;12.07.2022
7643742;group1;09.07.2022
7643561;group2;05.07.2022
7643706;group3;24.07.2022
7644585;group3;24.07.2022
7643585;group3;14.07.2022
7643982;group3;21.07.2022
7644435;group2;12.07.2022
7644331;group2;24.07.2022
7644986;group1;29.07.2022
7644581;group3;02.07.2022
7643972;group2;06.07.2022
7644671;group1;01.07.2022
7643816;group2;03.07.2022
7643907;group2;08.07.2022
7644769;group1;04.07.2022
7644342;group3;20.07.2022
7643339;group1;30.07.2022
7643296;group2;01.07.2022
7644413;group3;09.07.2022
7644809;group1;20.07.2022
7644583;group1;25.07.2022
7644036;group3;08.07.2022
7644811;group1;01.07.2022
7643744;group2;19.07.2022
7644374;group3;17.07.2022
7644807;group3;12.07.2022
7643627;group3;27.07.2022
7643415;group2;12.07.2022
7643812;group1;13.07.2022
7644184;group1;08.07.2022
7644388;group2;19.07.2022
7644570;group2;21.07.2022
7644929;group1;27.07.2022
7643411;group3;03.07.2022
7644534;group3;02.07.2022
7644268;group2;14.07.2022
7643718;group2;10.07.2022
7644702;group2;15.07.2022
7644636;group2;19.07.2022
7643621;group2;03.07.2022
7644842;group3;13.07.2022
7643886;group3;06.07.2022
7643293;group3;05.07.2022
7644084;group2;01.07.2022
7643977;group3;09.07.2022
7643681;group1;10.07.2022
7643523;group2;03.07.2022
7644795;group2;09.07.2022
7644848;group2;09.07.2022
7643589;group1;26.07.2022
7644725;group3;13.07.2022
7644212;group2;28.07.2022
7644573;group1;10.07.2022
7644645;group2;08.07.2022
7644403;group1;04.07.2022
7644085;group2;25.07.2022
7643634;group1;08.07.2022
7643823;group1;11.07.2022
7644985;group3;27.07.2022
7644923;group2;20.07.2022
7644497;group2;19.07.2022
7643770;group2;10.07.2022
7643430;group2;26.07.2022
7643891;group3;15.07.2022
7644407;group1;02.07.2022
7644700;group1;13.07.2022
7644298;group1;28.07.2022
7644262;group1;04.07.2022
7644458;group2;24.07.2022
7643562;group2;14.07.2022
7643928;group3;07.07.2022
7644202;group3;10.07.2022
7643960;group3;18.07.2022
7644472;group1;13.07.2022
7644292;group2;29.07.2022
7643390;group3;16.07.2022
7644634;group2;21.07.2022
7644442;group1;26.07.2022
7644921;group3;13.07.2022
7644609;group3;29.07.2022
7644299;group1;26.07.2022
7644312;group2;27.07.2022
7644906;group2;26.07.2022
7643367;group2;20.07.2022
7643743;group3;26.07.2022
7643827;group2;01.07.2022
7643700;group1;08.07.2022
7644122;group1;25.07.2022
7644362;group2;01.07.2022
7644681;group1;21.07.2022
7643775;group2;14.07.2022
7644190;group1;18.07.2022
7644856;group2;03.07.2022
7644456;group3;26.07.2022
7643343;group2;01.07.2022
7644545;group1;26.07.2022
7643668;group2;07.07.2022
7643988;group3;28.07.2022
7644706;group2;26.07.2022
7643550;group2;16.07.2022
7644776;group3;29.07.2022
7644387;group2;02.07.2022
7643314;group3;17.07.2022
7643547;group3;07.07.2022
7643327;group2;03.07.2022
7643841;group3;09.07.2022
7644629;group1;14.07.2022
7644083;group3;02.07.2022
7644832;group3;12.07.2022
7644642;group2;03.07.2022
7644914;group1;24.07.2022
7644000;group1;21.07.2022
7644675;group3;18.07.2022
7644189;group2;23.07.2022
7644619;group1;20.07.2022
7644323;group1;12.07.2022
7644490;group1;02.07.2022
7644779;group3;08.07.2022
7644251;group3;06.07.2022
7644156;group1;29.07.2022
7644901;group1;24.07.2022
7644157;group2;21.07.2022
7644067;group3;05.07.2022
7644654;group1;17.07.2022
7645019;group1;20.07.2022
7644274;group2;02.07.2022
7644864;group1;17.07.2022
7643582;group2;14.07.2022
7643486;group2;04.07.2022
7644953;group1;30.07.2022
7644198;group2;02.07.2022
7644079;group2;19.07.2022
7643399;group3;15.07.2022
7643313;group2;18.07.2022
7644492;group1;22.07.2022
7644771;group1;19.07.2022
7643848;group1;27.07.2022
7644759;group3;03.07.2022
7643986;group2;08.07.2022
7643431;group1;06.07.2022
7643975;group1;04.07.2022
7644254;group3;23.07.2022
7644445;group1;05.07.2022
7644863;group1;21.07.2022
7644885;group3;16.07.2022
7644662;group1;05.07.2022
7644972;group1;09.07.2022
7643575;group2;09.07.2022
7643539;group2;19.07.2022
7644987;group1;05.07.2022
7643679;group1;23.07.2022
7644052;group1;18.07.2022
7643441;group1;04.07.2022
7644117;group1;19.07.2022
7644288;group3;14.07.2022
7644048;group1;26.07.2022
7644720;group3;02.07.2022
7644210;group3;30.07.2022
7644643;group1;18.07.2022
7643316;group2;16.07.2022
7644910;group2;22.07.2022
7643772;group1;10.07.2022
7644943;group1;21.07.2022
7644651;group1;09.07.2022
7644068;group1;14.07.2022
7644352;group2;29.07.2022
7643732;group3;03.07.2022
7644907;group3;01.07.2022
7643603;group2;15.07.2022
7643753;group1;06.07.2022
7643426;group1;15.07.2022
7644532;group2;22.07.2022
7644699;group2;26.07.2022
7644644;group3;16.07.2022
7644306;group3;19.07.2022
7644364;group1;03.07.2022
7643425;group2;09.07.2022
7644996;group1;12.07.2022
7644993;group1;29.07.2022
7645004;group2;07.07.2022
7644494;group2;12.07.2022
7644489;group3;17.07.2022
7644308;group2;11.07.2022
7644222;group1;18.07.2022
7644354;group2;03.07.2022
7644098;group2;09.07.2022
7644902;group2;18.07.2022
7644820;group2;14.07.2022
7643429;group3;10.07.2022
